[2026-06-16 02:39] Container for aflplusplus/libpng/libpng_read_fuzzer started in a4d7cc663ca8
Skipping startup seed prune for /magma_shared/input_corpus
Campaign launched at 2026-06-16 02:39
000000000046f780 W main
[1;92m[+] [0mLoaded environment variable AFL_NO_UI with value 1[0m
[1;92m[+] [0mLoaded environment variable AFL_SKIP_CPUFREQ with value 1[0m
[1;92m[+] [0mLoaded environment variable AFL_NO_AFFINITY with value 1[0m
[1;92m[+] [0mLoaded environment variable AFL_I_DONT_CARE_ABOUT_MISSING_CRASHES with value 1[0m
[1;93m[!] [1;97mWARNING: [0mMistyped AFL environment variable: AFL_DRIVER_DONT_DEFER=1[0m
[0;36mafl-fuzz++3.14a[0m based on afl by Michal Zalewski and a large online community
[1;92m[+] [0mafl++ is maintained by Marc "van Hauser" Heuse, Heiko "hexcoder" Eißfeldt, Andrea Fioraldi and Dominik Maier[0m
[1;92m[+] [0mafl++ is open source, get it at https://github.com/AFLplusplus/AFLplusplus[0m
[1;92m[+] [0mNOTE: This is v3.x which changes defaults and behaviours - see README.md[0m
[1;92m[+] [0mNo -M/-S set, autoconfiguring for "-S default"[0m
[1;94m[*] [0mGetting to work...[0m
[1;92m[+] [0mUsing exponential power schedule (FAST)[0m
[1;92m[+] [0mCmpLog level: 2[0m
[1;92m[+] [0mEnabled testcache with 50 MB[0m
[1;92m[+] [0mDisabling the UI because AFL_NO_UI is set.[0m
[1;94m[*] [0mChecking core_pattern...[0m

[1;91m[-] [0mHmm, your system is configured to send core dump notifications to an
    external utility. This will cause issues: there will be an extended delay
    between stumbling upon a crash and having this information relayed to the
    fuzzer via the standard waitpid() API.
    If you're just testing, set 'AFL_I_DONT_CARE_ABOUT_MISSING_CRASHES=1'.

    To avoid having crashes misinterpreted as timeouts, please log in as root
    and temporarily modify /proc/sys/kernel/core_pattern, like so:

    echo core >/proc/sys/kernel/core_pattern
[1;92m[+] [0mYou have 8 CPU cores and 1 runnable tasks (utilization: 12%).[0m
[1;92m[+] [0mTry parallel jobs - see docs/parallel_fuzzing.md.[0m
[1;94m[*] [0mSetting up output directories...[0m
[1;93m[!] [1;97mWARNING: [0mNot binding to a CPU core (AFL_NO_AFFINITY set).[0m
[1;94m[*] [0mScanning '/magma_shared/input_corpus'...[0m
[1;92m[+] [0mLoaded a total of 4 seeds.[0m
[1;94m[*] [0mCreating hard links for all input files...[0m
[1;94m[*] [0mValidating target binary...[0m
[1;92m[+] [0m[1;95mDeferred forkserver binary detected.[0m
[1;94m[*] [0mValidating target binary...[0m
[1;92m[+] [0m[1;95mDeferred forkserver binary detected.[0m
[1;94m[*] [0mSpinning up the fork server...[0m
[1;92m[+] [0mAll right - fork server is up.[0m
[1;94m[*] [0mTarget map size: 4514[0m
[1;94m[*] [0mSpawning cmplog forkserver[0m
[1;94m[*] [0mSpinning up the fork server...[0m
[1;92m[+] [0mAll right - fork server is up.[0m
[1;94m[*] [0mTarget map size: 4845[0m
[1;92m[+] [0mCmplog forkserver successfully started[0m
[1;94m[*] [0mNo auto-generated dictionary tokens to reuse.[0m
[1;94m[*] [0mAttempting dry run with 'id:000000,time:0,orig:id:000003,sha256:efaf0ebe0ef4a2ee'...[0m
[1;93m[!] [1;97mWARNING: [0minstability detected during calibration
[0m
[1;90m    len = 427, map size = 545, exec speed = 458 us
[0m[1;93m[!] [1;97mWARNING: [0mInstrumentation output varies across runs.[0m
[1;94m[*] [0mAttempting dry run with 'id:000001,time:0,orig:id:000002,sha256:44a793713f9aadc5'...[0m
[1;90m    len = 228, map size = 496, exec speed = 355 us
[0m[1;94m[*] [0mAttempting dry run with 'id:000002,time:0,orig:id:000001,sha256:382ac44ca2ee7323'...[0m
[1;90m    len = 376, map size = 511, exec speed = 429 us
[0m[1;94m[*] [0mAttempting dry run with 'id:000003,time:0,orig:id:000000,sha256:d4001d350292b08a'...[0m
[1;90m    len = 218, map size = 479, exec speed = 417 us
[0m[1;92m[+] [0mAll test cases processed.[0m
[1;92m[+] [0mHere are some useful stats:

[1;90m    Test case count : [0m4 favored, 1 variable, 0 ignored, 4 total
[1;90m       Bitmap range : [0m479 to 545 bits (average: 507.75 bits)
[1;90m        Exec timing : [0m355 to 458 us (average: 426 us)
[0m
[1;94m[*] [0mNo -t option specified, so I'll use exec timeout of 20 ms.[0m
[1;92m[+] [0mAll set and ready to roll![0m
[1;94m[*] [0mEntering queue cycle 1.[0m
[1;94m[*] [0mFuzzing test case #2 (4 total, 0 uniq crashes found, perf_score=100, exec_us=429, hits=0, map=511)...[0m
[1;94m[*] [0mFuzzing test case #1 (172 total, 0 uniq crashes found, perf_score=150, exec_us=355, hits=0, map=496)...[0m
[1;94m[*] [0mFuzzing test case #201 (239 total, 0 uniq crashes found, perf_score=25, exec_us=288, hits=29, map=74)...[0m
[1;94m[*] [0mFuzzing test case #198 (239 total, 0 uniq crashes found, perf_score=150, exec_us=334, hits=1, map=521)...[0m
[1;94m[*] [0mFuzzing test case #228 (239 total, 0 uniq crashes found, perf_score=100, exec_us=347, hits=1, map=257)...[0m
[1;94m[*] [0mFuzzing test case #80 (239 total, 0 uniq crashes found, perf_score=56, exec_us=577, hits=2, map=242)...[0m
[1;94m[*] [0mFuzzing test case #47 (249 total, 0 uniq crashes found, perf_score=75, exec_us=406, hits=181, map=214)...[0m
[1;94m[*] [0mFuzzing test case #29 (249 total, 0 uniq crashes found, perf_score=100, exec_us=384, hits=19, map=305)...[0m
[1;94m[*] [0mFuzzing test case #182 (249 total, 0 uniq crashes found, perf_score=150, exec_us=463, hits=3, map=531)...[0m
[1;94m[*] [0mFuzzing test case #263 (307 total, 0 uniq crashes found, perf_score=150, exec_us=358, hits=1, map=545)...[0m
[1;94m[*] [0mFuzzing test case #51 (307 total, 0 uniq crashes found, perf_score=75, exec_us=428, hits=50, map=232)...[0m
[1;94m[*] [0mFuzzing test case #293 (307 total, 0 uniq crashes found, perf_score=100, exec_us=425, hits=1, map=431)...[0m
[1;94m[*] [0mFuzzing test case #129 (307 total, 0 uniq crashes found, perf_score=100, exec_us=351, hits=1, map=284)...[0m
[1;94m[*] [0mFuzzing test case #160 (325 total, 0 uniq crashes found, perf_score=100, exec_us=347, hits=1, map=284)...[0m
[1;94m[*] [0mFuzzing test case #58 (342 total, 0 uniq crashes found, perf_score=100, exec_us=418, hits=2, map=512)...[0m
[1;94m[*] [0mFuzzing test case #331 (342 total, 0 uniq crashes found, perf_score=100, exec_us=391, hits=1, map=265)...[0m
[1;94m[*] [0mFuzzing test case #0 (346 total, 0 uniq crashes found, perf_score=150, exec_us=458, hits=0, map=545)...[0m
[1;94m[*] [0mFuzzing test case #91 (407 total, 0 uniq crashes found, perf_score=75, exec_us=385, hits=1, map=232)...[0m
[1;94m[*] [0mFuzzing test case #244 (407 total, 0 uniq crashes found, perf_score=75, exec_us=364, hits=1, map=226)...[0m
[1;94m[*] [0mFuzzing test case #380 (407 total, 0 uniq crashes found, perf_score=100, exec_us=393, hits=1, map=328)...[0m
[1;94m[*] [0mFuzzing test case #395 (408 total, 0 uniq crashes found, perf_score=75, exec_us=589, hits=1, map=312)...[0m
[1;94m[*] [0mFuzzing test case #147 (408 total, 0 uniq crashes found, perf_score=100, exec_us=393, hits=2, map=290)...[0m
[1;94m[*] [0mFuzzing test case #306 (408 total, 0 uniq crashes found, perf_score=100, exec_us=348, hits=1, map=325)...[0m
[1;94m[*] [0mFuzzing test case #336 (410 total, 0 uniq crashes found, perf_score=100, exec_us=378, hits=1, map=297)...[0m
[1;94m[*] [0mFuzzing test case #145 (421 total, 0 uniq crashes found, perf_score=75, exec_us=423, hits=1, map=214)...[0m
[1;94m[*] [0mFuzzing test case #416 (421 total, 0 uniq crashes found, perf_score=200, exec_us=304, hits=2, map=287)...[0m
[1;94m[*] [0mFuzzing test case #130 (423 total, 0 uniq crashes found, perf_score=100, exec_us=397, hits=3, map=501)...[0m
[1;94m[*] [0mFuzzing test case #302 (438 total, 0 uniq crashes found, perf_score=100, exec_us=421, hits=1, map=460)...[0m
[1;94m[*] [0mFuzzing test case #227 (441 total, 0 uniq crashes found, perf_score=100, exec_us=386, hits=1, map=270)...[0m
[1;94m[*] [0mFuzzing test case #358 (441 total, 0 uniq crashes found, perf_score=150, exec_us=350, hits=21, map=534)...[0m
[1;94m[*] [0mFuzzing test case #146 (441 total, 0 uniq crashes found, perf_score=100, exec_us=398, hits=1, map=484)...[0m
[1;94m[*] [0mFuzzing test case #11 (445 total, 0 uniq crashes found, perf_score=100, exec_us=330, hits=5, map=517)...[0m
[1;94m[*] [0mFuzzing test case #164 (464 total, 0 uniq crashes found, perf_score=75, exec_us=357, hits=1, map=218)...[0m
[1;94m[*] [0mFuzzing test case #61 (464 total, 0 uniq crashes found, perf_score=100, exec_us=480, hits=1, map=423)...[0m
[1;94m[*] [0mFuzzing test case #414 (464 total, 0 uniq crashes found, perf_score=200, exec_us=375, hits=1, map=301)...[0m
[1;94m[*] [0mFuzzing test case #320 (465 total, 0 uniq crashes found, perf_score=75, exec_us=375, hits=1, map=256)...[0m
[1;94m[*] [0mFuzzing test case #159 (465 total, 0 uniq crashes found, perf_score=75, exec_us=342, hits=1, map=218)...[0m
[1;94m[*] [0mFuzzing test case #414 (465 total, 0 uniq crashes found, perf_score=229, exec_us=375, hits=1253, map=301)...[0m
[1;94m[*] [0mFuzzing test case #190 (465 total, 0 uniq crashes found, perf_score=75, exec_us=491, hits=23, map=245)...[0m
[1;94m[*] [0mFuzzing test case #288 (465 total, 0 uniq crashes found, perf_score=150, exec_us=361, hits=1, map=541)...[0m
[1;94m[*] [0mFuzzing test case #157 (474 total, 0 uniq crashes found, perf_score=100, exec_us=333, hits=1, map=281)...[0m
[1;94m[*] [0mFuzzing test case #461 (474 total, 0 uniq crashes found, perf_score=100, exec_us=478, hits=1, map=516)...[0m
[1;94m[*] [0mFuzzing test case #372 (474 total, 0 uniq crashes found, perf_score=75, exec_us=726, hits=4, map=500)...[0m
[1;94m[*] [0mFuzzing test case #237 (474 total, 0 uniq crashes found, perf_score=75, exec_us=392, hits=1, map=218)...[0m
[1;94m[*] [0mFuzzing test case #389 (474 total, 0 uniq crashes found, perf_score=100, exec_us=434, hits=1, map=276)...[0m
[1;94m[*] [0mFuzzing test case #463 (474 total, 0 uniq crashes found, perf_score=100, exec_us=454, hits=1, map=518)...[0m
[1;94m[*] [0mFuzzing test case #316 (474 total, 0 uniq crashes found, perf_score=75, exec_us=363, hits=1, map=258)...[0m
[1;94m[*] [0mFuzzing test case #453 (474 total, 0 uniq crashes found, perf_score=75, exec_us=664, hits=1, map=515)...[0m
[1;94m[*] [0mFuzzing test case #100 (474 total, 0 uniq crashes found, perf_score=100, exec_us=424, hits=10, map=369)...[0m
[1;94m[*] [0mFuzzing test case #438 (474 total, 0 uniq crashes found, perf_score=200, exec_us=371, hits=1, map=459)...[0m
[1;94m[*] [0mFuzzing test case #301 (476 total, 0 uniq crashes found, perf_score=75, exec_us=392, hits=1, map=265)...[0m
[1;94m[*] [0mFuzzing test case #60 (481 total, 0 uniq crashes found, perf_score=100, exec_us=398, hits=14, map=511)...[0m
[1;94m[*] [0mFuzzing test case #242 (481 total, 0 uniq crashes found, perf_score=75, exec_us=427, hits=1, map=227)...[0m
[1;94m[*] [0mFuzzing test case #350 (481 total, 0 uniq crashes found, perf_score=100, exec_us=359, hits=135, map=510)...[0m
[1;94m[*] [0mFuzzing test case #53 (482 total, 0 uniq crashes found, perf_score=75, exec_us=352, hits=155, map=244)...[0m
[1;94m[*] [0mFuzzing test case #421 (482 total, 0 uniq crashes found, perf_score=200, exec_us=376, hits=1, map=294)...[0m
[1;94m[*] [0mFuzzing test case #93 (487 total, 0 uniq crashes found, perf_score=100, exec_us=341, hits=1, map=279)...[0m
[1;94m[*] [0mFuzzing test case #449 (495 total, 0 uniq crashes found, perf_score=100, exec_us=472, hits=3, map=519)...[0m
[1;94m[*] [0mFuzzing test case #369 (496 total, 0 uniq crashes found, perf_score=100, exec_us=380, hits=31, map=295)...[0m
[1;94m[*] [0mFuzzing test case #460 (496 total, 0 uniq crashes found, perf_score=75, exec_us=836, hits=1, map=515)...[0m
[1;94m[*] [0mFuzzing test case #245 (496 total, 0 uniq crashes found, perf_score=75, exec_us=346, hits=1, map=227)...[0m
[1;94m[*] [0mFuzzing test case #419 (496 total, 0 uniq crashes found, perf_score=200, exec_us=436, hits=1, map=294)...[0m
[1;94m[*] [0mFuzzing test case #485 (497 total, 0 uniq crashes found, perf_score=200, exec_us=377, hits=1, map=292)...[0m
[1;94m[*] [0mFuzzing test case #213 (497 total, 0 uniq crashes found, perf_score=100, exec_us=380, hits=1, map=322)...[0m
[1;94m[*] [0mFuzzing test case #173 (497 total, 0 uniq crashes found, perf_score=100, exec_us=478, hits=1, map=509)...[0m
[1;94m[*] [0mFuzzing test case #78 (497 total, 0 uniq crashes found, perf_score=75, exec_us=323, hits=3, map=232)...[0m
[1;94m[*] [0mFuzzing test case #221 (497 total, 0 uniq crashes found, perf_score=100, exec_us=401, hits=1, map=501)...[0m
[1;94m[*] [0mFuzzing test case #478 (498 total, 0 uniq crashes found, perf_score=200, exec_us=442, hits=1, map=276)...[0m
[1;94m[*] [0mFuzzing test case #202 (522 total, 0 uniq crashes found, perf_score=100, exec_us=364, hits=1, map=264)...[0m
[1;94m[*] [0mFuzzing test case #150 (522 total, 0 uniq crashes found, perf_score=100, exec_us=434, hits=1, map=516)...[0m
[1;94m[*] [0mFuzzing test case #452 (522 total, 0 uniq crashes found, perf_score=75, exec_us=613, hits=1, map=517)...[0m
[1;94m[*] [0mFuzzing test case #378 (522 total, 0 uniq crashes found, perf_score=100, exec_us=419, hits=1, map=484)...[0m
[1;94m[*] [0mFuzzing test case #162 (523 total, 0 uniq crashes found, perf_score=100, exec_us=373, hits=1, map=273)...[0m
[1;94m[*] [0mFuzzing test case #484 (523 total, 0 uniq crashes found, perf_score=200, exec_us=498, hits=1, map=313)...[0m
[1;94m[*] [0mFuzzing test case #169 (524 total, 0 uniq crashes found, perf_score=100, exec_us=349, hits=1, map=462)...[0m
[1;94m[*] [0mFuzzing test case #377 (525 total, 0 uniq crashes found, perf_score=100, exec_us=392, hits=1, map=276)...[0m
[1;94m[*] [0mFuzzing test case #482 (525 total, 0 uniq crashes found, perf_score=200, exec_us=451, hits=1, map=303)...[0m
[1;94m[*] [0mFuzzing test case #198 (540 total, 0 uniq crashes found, perf_score=172, exec_us=334, hits=97, map=521)...[0m
[1;94m[*] [0mFuzzing test case #398 (540 total, 0 uniq crashes found, perf_score=100, exec_us=334, hits=1, map=335)...[0m
[1;94m[*] [0mFuzzing test case #312 (540 total, 0 uniq crashes found, perf_score=100, exec_us=379, hits=1, map=282)...[0m
[1;94m[*] [0mFuzzing test case #124 (540 total, 0 uniq crashes found, perf_score=100, exec_us=415, hits=1, map=300)...[0m
[1;94m[*] [0mFuzzing test case #366 (540 total, 0 uniq crashes found, perf_score=150, exec_us=503, hits=4, map=533)...[0m
[1;94m[*] [0mFuzzing test case #405 (540 total, 0 uniq crashes found, perf_score=100, exec_us=388, hits=1, map=516)...[0m
[1;94m[*] [0mFuzzing test case #534 (546 total, 0 uniq crashes found, perf_score=200, exec_us=348, hits=1, map=308)...[0m
[1;94m[*] [0mFuzzing test case #447 (548 total, 0 uniq crashes found, perf_score=100, exec_us=560, hits=1, map=516)...[0m
[1;94m[*] [0mFuzzing test case #514 (548 total, 0 uniq crashes found, perf_score=200, exec_us=398, hits=1, map=308)...[0m
[1;94m[*] [0mFuzzing test case #401 (552 total, 0 uniq crashes found, perf_score=150, exec_us=522, hits=1, map=531)...[0m
[1;94m[*] [0mFuzzing test case #400 (574 total, 0 uniq crashes found, perf_score=100, exec_us=494, hits=1, map=331)...[0m
[1;94m[*] [0mFuzzing test case #437 (574 total, 0 uniq crashes found, perf_score=100, exec_us=401, hits=1, map=511)...[0m
[1;94m[*] [0mFuzzing test case #499 (579 total, 0 uniq crashes found, perf_score=200, exec_us=444, hits=95, map=277)...[0m
[1;94m[*] [0mFuzzing test case #503 (580 total, 0 uniq crashes found, perf_score=200, exec_us=419, hits=3, map=276)...[0m
[1;94m[*] [0mFuzzing test case #474 (580 total, 0 uniq crashes found, perf_score=200, exec_us=439, hits=1, map=472)...[0m
[1;94m[*] [0mFuzzing test case #526 (595 total, 0 uniq crashes found, perf_score=200, exec_us=379, hits=1, map=306)...[0m
[1;94m[*] [0mFuzzing test case #49 (595 total, 0 uniq crashes found, perf_score=75, exec_us=387, hits=112, map=252)...[0m
[1;94m[*] [0mFuzzing test case #502 (595 total, 0 uniq crashes found, perf_score=200, exec_us=434, hits=8, map=283)...[0m
[1;94m[*] [0mFuzzing test case #359 (597 total, 0 uniq crashes found, perf_score=150, exec_us=426, hits=17, map=530)...[0m
[1;94m[*] [0mFuzzing test case #73 (597 total, 0 uniq crashes found, perf_score=75, exec_us=361, hits=2, map=233)...[0m
[1;94m[*] [0mFuzzing test case #532 (597 total, 0 uniq crashes found, perf_score=200, exec_us=418, hits=1, map=308)...[0m
[1;94m[*] [0mFuzzing test case #515 (600 total, 0 uniq crashes found, perf_score=200, exec_us=375, hits=1, map=277)...[0m
[1;94m[*] [0mFuzzing test case #450 (600 total, 0 uniq crashes found, perf_score=100, exec_us=554, hits=1, map=517)...[0m
[1;94m[*] [0mFuzzing test case #348 (601 total, 0 uniq crashes found, perf_score=150, exec_us=487, hits=338, map=531)...[0m
[1;94m[*] [0mFuzzing test case #402 (601 total, 0 uniq crashes found, perf_score=100, exec_us=420, hits=1, map=502)...[0m
[1;94m[*] [0mFuzzing test case #393 (631 total, 0 uniq crashes found, perf_score=100, exec_us=412, hits=1, map=342)...[0m
[1;94m[*] [0mFuzzing test case #391 (634 total, 0 uniq crashes found, perf_score=100, exec_us=310, hits=1, map=312)...[0m
[1;94m[*] [0mFuzzing test case #365 (634 total, 0 uniq crashes found, perf_score=150, exec_us=402, hits=2, map=541)...[0m
[1;94m[*] [0mFuzzing test case #446 (634 total, 0 uniq crashes found, perf_score=100, exec_us=497, hits=1, map=516)...[0m
[1;94m[*] [0mFuzzing test case #233 (634 total, 0 uniq crashes found, perf_score=100, exec_us=452, hits=1, map=529)...[0m
[1;94m[*] [0mFuzzing test case #547 (640 total, 0 uniq crashes found, perf_score=300, exec_us=387, hits=1, map=307)...[0m
[1;94m[*] [0mFuzzing test case #232 (641 total, 0 uniq crashes found, perf_score=100, exec_us=371, hits=1, map=439)...[0m
[1;94m[*] [0mFuzzing test case #417 (642 total, 0 uniq crashes found, perf_score=200, exec_us=432, hits=3, map=290)...[0m
[1;94m[*] [0mFuzzing test case #161 (643 total, 0 uniq crashes found, perf_score=100, exec_us=488, hits=1, map=271)...[0m
[1;94m[*] [0mFuzzing test case #285 (643 total, 0 uniq crashes found, perf_score=100, exec_us=321, hits=1, map=272)...[0m
[1;94m[*] [0mFuzzing test case #626 (644 total, 0 uniq crashes found, perf_score=100, exec_us=330, hits=1, map=505)...[0m
[1;94m[*] [0mFuzzing test case #114 (649 total, 0 uniq crashes found, perf_score=75, exec_us=335, hits=1, map=218)...[0m
[1;94m[*] [0mFuzzing test case #637 (649 total, 0 uniq crashes found, perf_score=100, exec_us=390, hits=1, map=529)...[0m
[1;94m[*] [0mFuzzing test case #454 (651 total, 0 uniq crashes found, perf_score=75, exec_us=601, hits=1, map=517)...[0m
[1;94m[*] [0mFuzzing test case #594 (652 total, 0 uniq crashes found, perf_score=200, exec_us=452, hits=1, map=458)...[0m
[1;94m[*] [0mFuzzing test case #120 (674 total, 0 uniq crashes found, perf_score=75, exec_us=503, hits=2, map=220)...[0m
[1;94m[*] [0mFuzzing test case #211 (674 total, 0 uniq crashes found, perf_score=75, exec_us=526, hits=1, map=218)...[0m
[1;94m[*] [0mFuzzing test case #158 (674 total, 0 uniq crashes found, perf_score=100, exec_us=377, hits=1, map=463)...[0m
[1;94m[*] [0mFuzzing test case #308 (674 total, 0 uniq crashes found, perf_score=100, exec_us=366, hits=1, map=284)...[0m
[1;94m[*] [0mFuzzing test case #497 (675 total, 0 uniq crashes found, perf_score=100, exec_us=516, hits=2, map=504)...[0m
[1;94m[*] [0mFuzzing test case #664 (676 total, 0 uniq crashes found, perf_score=200, exec_us=348, hits=1, map=519)...[0m
[1;94m[*] [0mFuzzing test case #486 (677 total, 0 uniq crashes found, perf_score=200, exec_us=426, hits=1, map=297)...[0m
[1;94m[*] [0mFuzzing test case #128 (681 total, 0 uniq crashes found, perf_score=100, exec_us=422, hits=1, map=465)...[0m
[1;94m[*] [0mFuzzing test case #144 (688 total, 0 uniq crashes found, perf_score=100, exec_us=384, hits=1, map=272)...[0m
[1;94m[*] [0mFuzzing test case #455 (688 total, 0 uniq crashes found, perf_score=100, exec_us=498, hits=7, map=521)...[0m
[1;94m[*] [0mFuzzing test case #399 (688 total, 0 uniq crashes found, perf_score=100, exec_us=327, hits=1, map=342)...[0m
[1;94m[*] [0mFuzzing test case #651 (688 total, 0 uniq crashes found, perf_score=200, exec_us=348, hits=1, map=304)...[0m
[1;94m[*] [0mFuzzing test case #535 (689 total, 0 uniq crashes found, perf_score=200, exec_us=404, hits=2, map=308)...[0m
[1;94m[*] [0mFuzzing test case #477 (690 total, 0 uniq crashes found, perf_score=200, exec_us=414, hits=1, map=273)...[0m
[1;94m[*] [0mFuzzing test case #408 (690 total, 0 uniq crashes found, perf_score=200, exec_us=494, hits=9, map=324)...[0m
[1;94m[*] [0mFuzzing test case #688 (691 total, 0 uniq crashes found, perf_score=200, exec_us=337, hits=1, map=303)...[0m
[1;94m[*] [0mFuzzing test case #525 (693 total, 0 uniq crashes found, perf_score=200, exec_us=502, hits=2, map=308)...[0m
[1;94m[*] [0mFuzzing test case #415 (694 total, 0 uniq crashes found, perf_score=200, exec_us=394, hits=3, map=289)...[0m
[1;94m[*] [0mFuzzing test case #459 (695 total, 0 uniq crashes found, perf_score=100, exec_us=498, hits=1, map=516)...[0m
[1;94m[*] [0mFuzzing test case #162 (695 total, 0 uniq crashes found, perf_score=459, exec_us=373, hits=2, map=273)...[0m
[1;94m[*] [0mFuzzing test case #684 (696 total, 0 uniq crashes found, perf_score=100, exec_us=412, hits=3, map=465)...[0m
[1;94m[*] [0mFuzzing test case #662 (700 total, 0 uniq crashes found, perf_score=200, exec_us=445, hits=1, map=486)...[0m
[1;94m[*] [0mFuzzing test case #404 (700 total, 0 uniq crashes found, perf_score=100, exec_us=378, hits=1, map=341)...[0m
[1;94m[*] [0mFuzzing test case #456 (700 total, 0 uniq crashes found, perf_score=100, exec_us=531, hits=1, map=516)...[0m
[1;94m[*] [0mFuzzing test case #519 (700 total, 0 uniq crashes found, perf_score=200, exec_us=430, hits=1, map=306)...[0m
[1;94m[*] [0mFuzzing test case #675 (700 total, 0 uniq crashes found, perf_score=200, exec_us=390, hits=3, map=434)...[0m
[1;94m[*] [0mFuzzing test case #693 (702 total, 0 uniq crashes found, perf_score=300, exec_us=429, hits=1, map=308)...[0m
[1;94m[*] [0mFuzzing test case #176 (707 total, 0 uniq crashes found, perf_score=100, exec_us=345, hits=21, map=496)...[0m
[1;94m[*] [0mFuzzing test case #383 (707 total, 0 uniq crashes found, perf_score=100, exec_us=358, hits=1, map=329)...[0m
[1;94m[*] [0mFuzzing test case #531 (707 total, 0 uniq crashes found, perf_score=200, exec_us=466, hits=2, map=308)...[0m
[1;94m[*] [0mFuzzing test case #386 (707 total, 0 uniq crashes found, perf_score=100, exec_us=408, hits=1, map=314)...[0m
[1;94m[*] [0mFuzzing test case #589 (707 total, 0 uniq crashes found, perf_score=200, exec_us=411, hits=1, map=470)...[0m
[1;94m[*] [0mFuzzing test case #698 (708 total, 0 uniq crashes found, perf_score=200, exec_us=386, hits=1, map=270)...[0m
[1;94m[*] [0mFuzzing test case #167 (708 total, 0 uniq crashes found, perf_score=100, exec_us=475, hits=1, map=527)...[0m
[1;94m[*] [0mFuzzing test case #629 (708 total, 0 uniq crashes found, perf_score=100, exec_us=362, hits=1, map=281)...[0m
[1;94m[*] [0mFuzzing test case #695 (708 total, 0 uniq crashes found, perf_score=100, exec_us=374, hits=1, map=291)...[0m
[1;94m[*] [0mFuzzing test case #246 (711 total, 0 uniq crashes found, perf_score=75, exec_us=379, hits=1, map=226)...[0m
[1;94m[*] [0mFuzzing test case #570 (711 total, 0 uniq crashes found, perf_score=100, exec_us=393, hits=1, map=511)...[0m
[1;94m[*] [0mFuzzing test case #445 (713 total, 0 uniq crashes found, perf_score=100, exec_us=476, hits=1, map=516)...[0m
[1;94m[*] [0mFuzzing test case #694 (713 total, 0 uniq crashes found, perf_score=200, exec_us=331, hits=1, map=294)...[0m
[1;94m[*] [0mFuzzing test case #524 (713 total, 0 uniq crashes found, perf_score=100, exec_us=347, hits=2, map=462)...[0m
[1;94m[*] [0mFuzzing test case #309 (713 total, 0 uniq crashes found, perf_score=100, exec_us=405, hits=1, map=282)...[0m
[1;94m[*] [0mFuzzing test case #689 (713 total, 0 uniq crashes found, perf_score=300, exec_us=348, hits=1, map=308)...[0m
[1;94m[*] [0mFuzzing test case #382 (714 total, 0 uniq crashes found, perf_score=100, exec_us=401, hits=1, map=318)...[0m
[1;94m[*] [0mFuzzing test case #279 (714 total, 0 uniq crashes found, perf_score=75, exec_us=350, hits=1, map=258)...[0m
[1;94m[*] [0mFuzzing test case #57 (714 total, 0 uniq crashes found, perf_score=100, exec_us=403, hits=4, map=511)...[0m
[1;94m[*] [0mFuzzing test case #678 (715 total, 0 uniq crashes found, perf_score=150, exec_us=463, hits=1, map=254)...[0m
[1;94m[*] [0mFuzzing test case #226 (715 total, 0 uniq crashes found, perf_score=100, exec_us=431, hits=1, map=313)...[0m
[1;94m[*] [0mFuzzing test case #442 (715 total, 0 uniq crashes found, perf_score=100, exec_us=372, hits=1, map=484)...[0m
[1;94m[*] [0mFuzzing test case #430 (716 total, 0 uniq crashes found, perf_score=75, exec_us=359, hits=4, map=253)...[0m
[1;94m[*] [0mFuzzing test case #533 (716 total, 0 uniq crashes found, perf_score=200, exec_us=358, hits=1, map=308)...[0m
[1;94m[*] [0mFuzzing test case #153 (717 total, 0 uniq crashes found, perf_score=75, exec_us=472, hits=1, map=257)...[0m
[1;94m[*] [0mFuzzing test case #426 (717 total, 0 uniq crashes found, perf_score=100, exec_us=356, hits=5, map=478)...[0m
[1;94m[*] [0mFuzzing test case #530 (717 total, 0 uniq crashes found, perf_score=200, exec_us=346, hits=1, map=308)...[0m
[1;94m[*] [0mFuzzing test case #712 (718 total, 0 uniq crashes found, perf_score=300, exec_us=320, hits=1, map=539)...[0m
[1;94m[*] [0mFuzzing test case #681 (720 total, 0 uniq crashes found, perf_score=100, exec_us=582, hits=20, map=456)...[0m
[1;94m[*] [0mFuzzing test case #518 (721 total, 0 uniq crashes found, perf_score=150, exec_us=462, hits=1, map=268)...[0m
[1;94m[*] [0mFuzzing test case #96 (723 total, 0 uniq crashes found, perf_score=75, exec_us=380, hits=1, map=261)...[0m
[1;94m[*] [0mFuzzing test case #329 (723 total, 0 uniq crashes found, perf_score=100, exec_us=445, hits=1, map=289)...[0m
[1;94m[*] [0mFuzzing test case #135 (723 total, 0 uniq crashes found, perf_score=100, exec_us=381, hits=1, map=509)...[0m
[1;94m[*] [0mFuzzing test case #25 (723 total, 0 uniq crashes found, perf_score=100, exec_us=464, hits=51, map=424)...[0m
[1;94m[*] [0mFuzzing test case #676 (723 total, 0 uniq crashes found, perf_score=300, exec_us=503, hits=1, map=516)...[0m
[1;94m[*] [0mFuzzing test case #579 (724 total, 0 uniq crashes found, perf_score=150, exec_us=401, hits=1, map=259)...[0m
[1;94m[*] [0mFuzzing test case #712 (724 total, 0 uniq crashes found, perf_score=345, exec_us=320, hits=200, map=539)...[0m
[1;94m[*] [0mFuzzing test case #641 (725 total, 0 uniq crashes found, perf_score=100, exec_us=371, hits=1, map=272)...[0m
[1;94m[*] [0mFuzzing test case #536 (725 total, 0 uniq crashes found, perf_score=200, exec_us=388, hits=1, map=308)...[0m
[1;94m[*] [0mFuzzing test case #538 (726 total, 0 uniq crashes found, perf_score=200, exec_us=352, hits=1, map=308)...[0m
[1;94m[*] [0mFuzzing test case #699 (727 total, 0 uniq crashes found, perf_score=200, exec_us=403, hits=1, map=465)...[0m
[1;94m[*] [0mFuzzing test case #287 (732 total, 0 uniq crashes found, perf_score=100, exec_us=338, hits=1, map=511)...[0m
[1;94m[*] [0mFuzzing test case #321 (732 total, 0 uniq crashes found, perf_score=100, exec_us=338, hits=1, map=284)...[0m
[1;94m[*] [0mFuzzing test case #722 (732 total, 0 uniq crashes found, perf_score=150, exec_us=419, hits=1, map=261)...[0m
[1;94m[*] [0mFuzzing test case #599 (733 total, 0 uniq crashes found, perf_score=300, exec_us=343, hits=1, map=308)...[0m
[1;94m[*] [0mFuzzing test case #299 (734 total, 0 uniq crashes found, perf_score=75, exec_us=349, hits=1, map=263)...[0m
[1;94m[*] [0mFuzzing test case #731 (737 total, 0 uniq crashes found, perf_score=200, exec_us=405, hits=1, map=465)...[0m
[1;94m[*] [0mFuzzing test case #480 (740 total, 0 uniq crashes found, perf_score=200, exec_us=457, hits=1, map=276)...[0m
[1;94m[*] [0mFuzzing test case #316 (743 total, 0 uniq crashes found, perf_score=345, exec_us=363, hits=1, map=258)...[0m
[1;94m[*] [0mFuzzing test case #596 (744 total, 0 uniq crashes found, perf_score=150, exec_us=592, hits=1, map=317)...[0m
[1;94m[*] [0mFuzzing test case #710 (744 total, 0 uniq crashes found, perf_score=200, exec_us=384, hits=1, map=291)...[0m
[1;94m[*] [0mFuzzing test case #721 (744 total, 0 uniq crashes found, perf_score=200, exec_us=387, hits=1, map=268)...[0m
[1;94m[*] [0mFuzzing test case #740 (745 total, 0 uniq crashes found, perf_score=200, exec_us=378, hits=4, map=276)...[0m
[1;94m[*] [0mFuzzing test case #687 (746 total, 0 uniq crashes found, perf_score=100, exec_us=462, hits=1, map=292)...[0m
[1;94m[*] [0mFuzzing test case #634 (746 total, 0 uniq crashes found, perf_score=150, exec_us=382, hits=2, map=548)...[0m
[1;94m[*] [0mFuzzing test case #648 (752 total, 0 uniq crashes found, perf_score=200, exec_us=369, hits=5, map=415)...[0m
[1;94m[*] [0mFuzzing test case #90 (752 total, 0 uniq crashes found, perf_score=75, exec_us=452, hits=1, map=241)...[0m
[1;94m[*] [0mFuzzing test case #236 (752 total, 0 uniq crashes found, perf_score=75, exec_us=527, hits=1, map=218)...[0m
[1;94m[*] [0mFuzzing test case #86 (752 total, 0 uniq crashes found, perf_score=100, exec_us=358, hits=6, map=337)...[0m
[1;94m[*] [0mFuzzing test case #458 (753 total, 0 uniq crashes found, perf_score=75, exec_us=765, hits=1, map=518)...[0m
[1;94m[*] [0mFuzzing test case #198 (753 total, 0 uniq crashes found, perf_score=114, exec_us=334, hits=102, map=521)...[0m
[1;94m[*] [0mFuzzing test case #728 (753 total, 0 uniq crashes found, perf_score=200, exec_us=366, hits=1, map=463)...[0m
[1;94m[*] [0mFuzzing test case #287 (762 total, 0 uniq crashes found, perf_score=114, exec_us=338, hits=44, map=511)...[0m
[1;94m[*] [0mFuzzing test case #735 (762 total, 0 uniq crashes found, perf_score=150, exec_us=350, hits=1, map=266)...[0m
[1;94m[*] [0mFuzzing test case #720 (763 total, 0 uniq crashes found, perf_score=200, exec_us=409, hits=2, map=474)...[0m
[1;94m[*] [0mFuzzing test case #741 (766 total, 0 uniq crashes found, perf_score=200, exec_us=402, hits=2, map=301)...[0m
[1;94m[*] [0mFuzzing test case #744 (766 total, 0 uniq crashes found, perf_score=150, exec_us=392, hits=1, map=253)...[0m
[1;94m[*] [0mFuzzing test case #448 (766 total, 0 uniq crashes found, perf_score=100, exec_us=564, hits=1, map=516)...[0m
[1;94m[*] [0mFuzzing test case #734 (766 total, 0 uniq crashes found, perf_score=150, exec_us=461, hits=1, map=266)...[0m
[1;94m[*] [0mFuzzing test case #763 (766 total, 0 uniq crashes found, perf_score=200, exec_us=334, hits=6, map=476)...[0m
[1;94m[*] [0mFuzzing test case #491 (766 total, 0 uniq crashes found, perf_score=100, exec_us=479, hits=1, map=285)...[0m
[1;94m[*] [0mFuzzing test case #708 (766 total, 0 uniq crashes found, perf_score=200, exec_us=459, hits=4, map=291)...[0m
[1;94m[*] [0mFuzzing test case #241 (770 total, 0 uniq crashes found, perf_score=75, exec_us=367, hits=1, map=226)...[0m
[1;94m[*] [0mFuzzing test case #768 (770 total, 0 uniq crashes found, perf_score=200, exec_us=335, hits=1, map=291)...[0m
[1;94m[*] [0mFuzzing test case #123 (771 total, 0 uniq crashes found, perf_score=75, exec_us=486, hits=1, map=219)...[0m
[1;94m[*] [0mFuzzing test case #679 (771 total, 0 uniq crashes found, perf_score=200, exec_us=456, hits=1, map=327)...[0m
[1;94m[*] [0mFuzzing test case #56 (771 total, 0 uniq crashes found, perf_score=100, exec_us=347, hits=8, map=284)...[0m
[1;94m[*] [0mFuzzing test case #330 (771 total, 0 uniq crashes found, perf_score=100, exec_us=399, hits=1, map=289)...[0m
[1;94m[*] [0mFuzzing test case #490 (771 total, 0 uniq crashes found, perf_score=100, exec_us=446, hits=1, map=273)...[0m
[1;94m[*] [0mFuzzing test case #228 (772 total, 0 uniq crashes found, perf_score=345, exec_us=347, hits=1, map=257)...[0m
[1;94m[*] [0mFuzzing test case #168 (772 total, 0 uniq crashes found, perf_score=100, exec_us=411, hits=1, map=303)...[0m
[1;94m[*] [0mFuzzing test case #243 (772 total, 0 uniq crashes found, perf_score=75, exec_us=433, hits=1, map=226)...[0m
[1;94m[*] [0mFuzzing test case #704 (772 total, 0 uniq crashes found, perf_score=300, exec_us=333, hits=1, map=310)...[0m
[1;94m[*] [0mFuzzing test case #231 (777 total, 0 uniq crashes found, perf_score=75, exec_us=477, hits=1, map=226)...[0m
[1;94m[*] [0mFuzzing test case #706 (777 total, 0 uniq crashes found, perf_score=300, exec_us=318, hits=1, map=307)...[0m
[1;94m[*] [0mFuzzing test case #537 (778 total, 0 uniq crashes found, perf_score=200, exec_us=452, hits=2, map=308)...[0m
[1;94m[*] [0mFuzzing test case #228 (778 total, 0 uniq crashes found, perf_score=345, exec_us=347, hits=2, map=257)...[0m
[1;94m[*] [0mFuzzing test case #761 (778 total, 0 uniq crashes found, perf_score=200, exec_us=528, hits=1, map=289)...[0m
[1;94m[*] [0mFuzzing test case #228 (778 total, 0 uniq crashes found, perf_score=258, exec_us=347, hits=5, map=257)...[0m
[1;94m[*] [0mFuzzing test case #493 (778 total, 0 uniq crashes found, perf_score=100, exec_us=387, hits=1, map=285)...[0m
[1;94m[*] [0mFuzzing test case #310 (778 total, 0 uniq crashes found, perf_score=100, exec_us=338, hits=1, map=280)...[0m
[1;94m[*] [0mFuzzing test case #322 (779 total, 0 uniq crashes found, perf_score=100, exec_us=544, hits=1, map=274)...[0m
[1;94m[*] [0mFuzzing test case #703 (779 total, 0 uniq crashes found, perf_score=300, exec_us=394, hits=1, map=311)...[0m
[1;94m[*] [0mFuzzing test case #640 (783 total, 0 uniq crashes found, perf_score=300, exec_us=333, hits=1, map=307)...[0m
[1;94m[*] [0mFuzzing test case #288 (783 total, 0 uniq crashes found, perf_score=172, exec_us=361, hits=79, map=541)...[0m
[1;94m[*] [0mFuzzing test case #781 (783 total, 0 uniq crashes found, perf_score=300, exec_us=349, hits=1, map=313)...[0m
[1;94m[*] [0mFuzzing test case #235 (783 total, 0 uniq crashes found, perf_score=75, exec_us=403, hits=2, map=214)...[0m
[1;94m[*] [0mFuzzing test case #247 (783 total, 0 uniq crashes found, perf_score=75, exec_us=351, hits=1, map=227)...[0m
[1;94m[*] [0mFuzzing test case #493 (783 total, 0 uniq crashes found, perf_score=114, exec_us=387, hits=164, map=285)...[0m
[1;94m[*] [0mFuzzing test case #770 (783 total, 0 uniq crashes found, perf_score=200, exec_us=481, hits=1, map=280)...[0m
[1;94m[*] [0mFuzzing test case #751 (784 total, 0 uniq crashes found, perf_score=200, exec_us=411, hits=1, map=505)...[0m
[1;94m[*] [0mFuzzing test case #287 (788 total, 0 uniq crashes found, perf_score=114, exec_us=338, hits=62, map=511)...[0m
[1;94m[*] [0mFuzzing test case #306 (788 total, 0 uniq crashes found, perf_score=459, exec_us=348, hits=1, map=325)...[0m
[1;94m[*] [0mFuzzing test case #510 (789 total, 0 uniq crashes found, perf_score=200, exec_us=451, hits=1, map=284)...[0m
[1;94m[*] [0mFuzzing test case #451 (789 total, 0 uniq crashes found, perf_score=75, exec_us=679, hits=1, map=516)...[0m
[1;94m[*] [0mFuzzing test case #633 (789 total, 0 uniq crashes found, perf_score=100, exec_us=387, hits=1, map=346)...[0m
[1;94m[*] [0mFuzzing test case #642 (793 total, 0 uniq crashes found, perf_score=200, exec_us=377, hits=1, map=294)...[0m
[1;94m[*] [0mFuzzing test case #243 (793 total, 0 uniq crashes found, perf_score=86, exec_us=433, hits=69, map=226)...[0m
[1;94m[*] [0mFuzzing test case #600 (793 total, 0 uniq crashes found, perf_score=200, exec_us=424, hits=1, map=531)...[0m
[1;94m[*] [0mFuzzing test case #771 (793 total, 0 uniq crashes found, perf_score=150, exec_us=327, hits=2, map=257)...[0m
[1;94m[*] [0mFuzzing test case #779 (793 total, 0 uniq crashes found, perf_score=225, exec_us=622, hits=1, map=313)...[0m
[1;94m[*] [0mFuzzing test case #789 (793 total, 0 uniq crashes found, perf_score=200, exec_us=359, hits=1, map=353)...[0m
[1;94m[*] [0mFuzzing test case #667 (796 total, 0 uniq crashes found, perf_score=200, exec_us=430, hits=1, map=523)...[0m
[1;94m[*] [0mFuzzing test case #701 (799 total, 0 uniq crashes found, perf_score=200, exec_us=465, hits=1, map=506)...[0m
[1;94m[*] [0mFuzzing test case #732 (806 total, 0 uniq crashes found, perf_score=150, exec_us=449, hits=1, map=254)...[0m
[1;94m[*] [0mFuzzing test case #797 (807 total, 0 uniq crashes found, perf_score=450, exec_us=369, hits=1, map=538)...[0m
[1;94m[*] [0mFuzzing test case #409 (807 total, 0 uniq crashes found, perf_score=50, exec_us=560, hits=195, map=2)...[0m
[1;94m[*] [0mFuzzing test case #728 (807 total, 0 uniq crashes found, perf_score=229, exec_us=366, hits=2019, map=463)...[0m
[1;94m[*] [0mFuzzing test case #762 (807 total, 0 uniq crashes found, perf_score=200, exec_us=391, hits=1, map=268)...[0m
[1;94m[*] [0mFuzzing test case #240 (808 total, 0 uniq crashes found, perf_score=75, exec_us=393, hits=1, map=226)...[0m
[1;94m[*] [0mFuzzing test case #771 (808 total, 0 uniq crashes found, perf_score=172, exec_us=327, hits=91, map=257)...[0m
[1;94m[*] [0mFuzzing test case #803 (808 total, 0 uniq crashes found, perf_score=200, exec_us=384, hits=2, map=505)...[0m
[1;94m[*] [0mFuzzing test case #769 (809 total, 0 uniq crashes found, perf_score=200, exec_us=334, hits=1, map=280)...[0m
[1;94m[*] [0mFuzzing test case #772 (809 total, 0 uniq crashes found, perf_score=225, exec_us=600, hits=1, map=311)...[0m
[1;94m[*] [0mFuzzing test case #811 (813 total, 0 uniq crashes found, perf_score=300, exec_us=353, hits=1, map=312)...[0m
[1;94m[*] [0mFuzzing test case #172 (814 total, 0 uniq crashes found, perf_score=100, exec_us=360, hits=20, map=496)...[0m
[1;94m[*] [0mFuzzing test case #239 (814 total, 0 uniq crashes found, perf_score=75, exec_us=466, hits=1, map=226)...[0m
[1;94m[*] [0mFuzzing test case #92 (814 total, 0 uniq crashes found, perf_score=75, exec_us=355, hits=1, map=234)...[0m
[1;94m[*] [0mFuzzing test case #807 (814 total, 0 uniq crashes found, perf_score=200, exec_us=420, hits=1, map=268)...[0m
[1;94m[*] [0mFuzzing test case #664 (816 total, 0 uniq crashes found, perf_score=229, exec_us=348, hits=37, map=519)...[0m
[1;94m[*] [0mFuzzing test case #287 (816 total, 0 uniq crashes found, perf_score=114, exec_us=338, hits=72, map=511)...[0m
[1;94m[*] [0mFuzzing test case #391 (816 total, 0 uniq crashes found, perf_score=459, exec_us=310, hits=2, map=312)...[0m
[1;94m[*] [0mFuzzing test case #766 (816 total, 0 uniq crashes found, perf_score=200, exec_us=432, hits=3, map=291)...[0m
[1;94m[*] [0mFuzzing test case #740 (816 total, 0 uniq crashes found, perf_score=229, exec_us=378, hits=95, map=276)...[0m
[1;94m[*] [0mFuzzing test case #287 (817 total, 0 uniq crashes found, perf_score=114, exec_us=338, hits=94, map=511)...[0m
[1;94m[*] [0mFuzzing test case #529 (817 total, 0 uniq crashes found, perf_score=200, exec_us=414, hits=1, map=305)...[0m
[1;94m[*] [0mFuzzing test case #370 (817 total, 0 uniq crashes found, perf_score=150, exec_us=384, hits=2, map=545)...[0m
[1;94m[*] [0mFuzzing test case #287 (817 total, 0 uniq crashes found, perf_score=114, exec_us=338, hits=107, map=511)...[0m
[1;94m[*] [0mFuzzing test case #814 (817 total, 0 uniq crashes found, perf_score=200, exec_us=371, hits=1, map=268)...[0m
[1;94m[*] [0mFuzzing test case #819 (824 total, 0 uniq crashes found, perf_score=300, exec_us=344, hits=1, map=274)...[0m
[1;94m[*] [0mFuzzing test case #528 (825 total, 0 uniq crashes found, perf_score=200, exec_us=419, hits=1, map=304)...[0m
[1;94m[*] [0mFuzzing test case #3 (825 total, 0 uniq crashes found, perf_score=100, exec_us=417, hits=0, map=479)...[0m
[1;94m[*] [0mFuzzing test case #667 (825 total, 0 uniq crashes found, perf_score=800, exec_us=430, hits=1, map=523)...[0m
[1;94m[*] [0mFuzzing test case #780 (826 total, 0 uniq crashes found, perf_score=300, exec_us=509, hits=1, map=311)...[0m
[1;94m[*] [0mFuzzing test case #287 (826 total, 0 uniq crashes found, perf_score=114, exec_us=338, hits=125, map=511)...[0m
[1;94m[*] [0mFuzzing test case #818 (826 total, 0 uniq crashes found, perf_score=300, exec_us=429, hits=2, map=274)...[0m
[1;94m[*] [0mFuzzing test case #228 (826 total, 0 uniq crashes found, perf_score=258, exec_us=347, hits=6, map=257)...[0m
[1;94m[*] [0mFuzzing test case #806 (826 total, 0 uniq crashes found, perf_score=168, exec_us=590, hits=3, map=254)...[0m
[1;94m[*] [0mFuzzing test case #228 (826 total, 0 uniq crashes found, perf_score=258, exec_us=347, hits=6, map=257)...[0m
[1;94m[*] [0mFuzzing test case #457 (826 total, 0 uniq crashes found, perf_score=100, exec_us=490, hits=1, map=516)...[0m
[1;94m[*] [0mFuzzing test case #287 (826 total, 0 uniq crashes found, perf_score=114, exec_us=338, hits=139, map=511)...[0m
[1;94m[*] [0mFuzzing test case #822 (826 total, 0 uniq crashes found, perf_score=300, exec_us=336, hits=1, map=274)...[0m
[1;94m[*] [0mFuzzing test case #779 (826 total, 0 uniq crashes found, perf_score=258, exec_us=622, hits=120, map=313)...[0m
[1;94m[*] [0mFuzzing test case #815 (828 total, 0 uniq crashes found, perf_score=200, exec_us=347, hits=1, map=268)...[0m
[1;94m[*] [0mFuzzing test case #828 (832 total, 0 uniq crashes found, perf_score=300, exec_us=356, hits=1, map=276)...[0m
[1;94m[*] [0mFuzzing test case #853 (856 total, 0 uniq crashes found, perf_score=300, exec_us=336, hits=1, map=281)...[0m
[1;94m[*] [0mFuzzing test case #458 (858 total, 0 uniq crashes found, perf_score=86, exec_us=765, hits=70, map=518)...[0m
[1;94m[*] [0mFuzzing test case #854 (859 total, 0 uniq crashes found, perf_score=300, exec_us=327, hits=1, map=280)...[0m
[1;94m[*] [0mFuzzing test case #398 (860 total, 0 uniq crashes found, perf_score=459, exec_us=334, hits=2, map=335)...[0m
[1;94m[*] [0mFuzzing test case #664 (861 total, 0 uniq crashes found, perf_score=229, exec_us=348, hits=48, map=519)...[0m
[1;94m[*] [0mFuzzing test case #827 (862 total, 0 uniq crashes found, perf_score=300, exec_us=398, hits=1, map=307)...[0m
[1;94m[*] [0mFuzzing test case #322 (862 total, 0 uniq crashes found, perf_score=345, exec_us=544, hits=7, map=274)...[0m
[1;94m[*] [0mFuzzing test case #391 (862 total, 0 uniq crashes found, perf_score=345, exec_us=310, hits=5, map=312)...[0m
[1;94m[*] [0mFuzzing test case #783 (862 total, 0 uniq crashes found, perf_score=200, exec_us=351, hits=1, map=280)...[0m
[1;94m[*] [0mFuzzing test case #853 (862 total, 0 uniq crashes found, perf_score=1380, exec_us=336, hits=2, map=281)...[0m
[1;94m[*] [0mFuzzing test case #789 (863 total, 0 uniq crashes found, perf_score=229, exec_us=359, hits=152, map=353)...[0m
[1;94m[*] [0mFuzzing test case #860 (864 total, 0 uniq crashes found, perf_score=100, exec_us=431, hits=1, map=303)...[0m
[1;94m[*] [0mFuzzing test case #668 (864 total, 0 uniq crashes found, perf_score=200, exec_us=479, hits=1, map=420)...[0m
[1;94m[*] [0mFuzzing test case #840 (864 total, 0 uniq crashes found, perf_score=300, exec_us=338, hits=1, map=279)...[0m
[1;94m[*] [0mFuzzing test case #664 (864 total, 0 uniq crashes found, perf_score=229, exec_us=348, hits=54, map=519)...[0m
[1;94m[*] [0mFuzzing test case #712 (864 total, 0 uniq crashes found, perf_score=345, exec_us=320, hits=365, map=539)...[0m
[1;94m[*] [0mFuzzing test case #816 (864 total, 0 uniq crashes found, perf_score=200, exec_us=412, hits=1, map=269)...[0m
[1;94m[*] [0mFuzzing test case #824 (864 total, 0 uniq crashes found, perf_score=300, exec_us=456, hits=1, map=270)...[0m
[1;94m[*] [0mFuzzing test case #817 (864 total, 0 uniq crashes found, perf_score=225, exec_us=659, hits=1, map=270)...[0m
[1;94m[*] [0mFuzzing test case #485 (864 total, 0 uniq crashes found, perf_score=690, exec_us=377, hits=4, map=292)...[0m
[1;94m[*] [0mFuzzing test case #853 (864 total, 0 uniq crashes found, perf_score=1380, exec_us=336, hits=2, map=281)...[0m
[1;94m[*] [0mFuzzing test case #707 (864 total, 0 uniq crashes found, perf_score=200, exec_us=458, hits=1, map=467)...[0m
[1;94m[*] [0mFuzzing test case #869 (871 total, 0 uniq crashes found, perf_score=300, exec_us=452, hits=1, map=504)...[0m
[1;94m[*] [0mFuzzing test case #774 (876 total, 0 uniq crashes found, perf_score=300, exec_us=454, hits=1, map=312)...[0m
[1;94m[*] [0mFuzzing test case #871 (878 total, 0 uniq crashes found, perf_score=300, exec_us=437, hits=4, map=505)...[0m
[1;94m[*] [0mFuzzing test case #837 (881 total, 0 uniq crashes found, perf_score=300, exec_us=361, hits=1, map=281)...[0m
[1;94m[*] [0mFuzzing test case #247 (881 total, 0 uniq crashes found, perf_score=86, exec_us=351, hits=73, map=227)...[0m
[1;94m[*] [0mFuzzing test case #877 (881 total, 0 uniq crashes found, perf_score=300, exec_us=351, hits=1, map=320)...[0m
[1;94m[*] [0mFuzzing test case #448 (881 total, 0 uniq crashes found, perf_score=114, exec_us=564, hits=70, map=516)...[0m
[1;94m[*] [0mFuzzing test case #514 (881 total, 0 uniq crashes found, perf_score=690, exec_us=398, hits=5, map=308)...[0m
[1;94m[*] [0mFuzzing test case #880 (881 total, 0 uniq crashes found, perf_score=300, exec_us=389, hits=1, map=518)...[0m
[1;94m[*] [0mFuzzing test case #306 (881 total, 0 uniq crashes found, perf_score=459, exec_us=348, hits=1, map=325)...[0m
[1;94m[*] [0mFuzzing test case #287 (881 total, 0 uniq crashes found, perf_score=114, exec_us=338, hits=157, map=511)...[0m
[1;94m[*] [0mFuzzing test case #287 (881 total, 0 uniq crashes found, perf_score=114, exec_us=338, hits=170, map=511)...[0m
[1;94m[*] [0mFuzzing test case #287 (881 total, 0 uniq crashes found, perf_score=114, exec_us=338, hits=187, map=511)...[0m
[1;94m[*] [0mFuzzing test case #383 (881 total, 0 uniq crashes found, perf_score=345, exec_us=358, hits=5, map=329)...[0m
[1;94m[*] [0mFuzzing test case #853 (881 total, 0 uniq crashes found, perf_score=1035, exec_us=336, hits=4, map=281)...[0m
[1;94m[*] [0mFuzzing test case #853 (882 total, 0 uniq crashes found, perf_score=1035, exec_us=336, hits=8, map=281)...[0m
[1;94m[*] [0mFuzzing test case #740 (882 total, 0 uniq crashes found, perf_score=229, exec_us=378, hits=190, map=276)...[0m
[1;94m[*] [0mFuzzing test case #201 (882 total, 0 uniq crashes found, perf_score=28, exec_us=288, hits=558, map=74)...[0m
[1;94m[*] [0mFuzzing test case #100 (882 total, 0 uniq crashes found, perf_score=114, exec_us=424, hits=835, map=369)...[0m
[1;94m[*] [0mFuzzing test case #658 (882 total, 0 uniq crashes found, perf_score=200, exec_us=551, hits=1, map=461)...[0m
[1;94m[*] [0mFuzzing test case #782 (882 total, 0 uniq crashes found, perf_score=300, exec_us=454, hits=158, map=313)...[0m
[1;94m[*] [0mFuzzing test case #843 (882 total, 0 uniq crashes found, perf_score=300, exec_us=405, hits=293, map=285)...[0m
[1;94m[*] [0mFuzzing test case #152 (882 total, 0 uniq crashes found, perf_score=75, exec_us=457, hits=1, map=261)...[0m
[1;94m[*] [0mFuzzing test case #306 (882 total, 0 uniq crashes found, perf_score=459, exec_us=348, hits=1, map=325)...[0m
[1;94m[*] [0mFuzzing test case #688 (882 total, 0 uniq crashes found, perf_score=229, exec_us=337, hits=190, map=303)...[0m
[1;94m[*] [0mFuzzing test case #56 (882 total, 0 uniq crashes found, perf_score=114, exec_us=347, hits=96, map=284)...[0m
[1;94m[*] [0mFuzzing test case #712 (882 total, 0 uniq crashes found, perf_score=345, exec_us=320, hits=443, map=539)...[0m
[1;94m[*] [0mFuzzing test case #287 (890 total, 0 uniq crashes found, perf_score=114, exec_us=338, hits=203, map=511)...[0m
[1;94m[*] [0mFuzzing test case #287 (890 total, 0 uniq crashes found, perf_score=114, exec_us=338, hits=212, map=511)...[0m
[1;94m[*] [0mFuzzing test case #741 (890 total, 0 uniq crashes found, perf_score=229, exec_us=402, hits=85, map=301)...[0m
[1;94m[*] [0mFuzzing test case #600 (890 total, 0 uniq crashes found, perf_score=345, exec_us=424, hits=78, map=531)...[0m
[1;94m[*] [0mFuzzing test case #664 (890 total, 0 uniq crashes found, perf_score=229, exec_us=348, hits=65, map=519)...[0m
[1;94m[*] [0mFuzzing test case #198 (890 total, 0 uniq crashes found, perf_score=114, exec_us=334, hits=105, map=521)...[0m
[1;94m[*] [0mFuzzing test case #876 (890 total, 0 uniq crashes found, perf_score=300, exec_us=438, hits=2, map=312)...[0m
[1;94m[*] [0mFuzzing test case #591 (890 total, 0 uniq crashes found, perf_score=150, exec_us=602, hits=1, map=516)...[0m
[1;94m[*] [0mFuzzing test case #576 (890 total, 0 uniq crashes found, perf_score=150, exec_us=659, hits=2, map=465)...[0m
[1;94m[*] [0mFuzzing test case #712 (890 total, 0 uniq crashes found, perf_score=120, exec_us=320, hits=2922, map=539)...[0m
[1;94m[*] [0mFuzzing test case #887 (890 total, 0 uniq crashes found, perf_score=300, exec_us=383, hits=1, map=542)...[0m
[1;94m[*] [0mFuzzing test case #890 (896 total, 0 uniq crashes found, perf_score=300, exec_us=352, hits=1, map=542)...[0m
[1;94m[*] [0mFuzzing test case #822 (897 total, 0 uniq crashes found, perf_score=345, exec_us=336, hits=153, map=274)...[0m
[1;94m[*] [0mFuzzing test case #895 (897 total, 0 uniq crashes found, perf_score=300, exec_us=481, hits=1, map=540)...[0m
[1;94m[*] [0mFuzzing test case #287 (912 total, 0 uniq crashes found, perf_score=114, exec_us=338, hits=221, map=511)...[0m
[1;94m[*] [0mFuzzing test case #358 (912 total, 0 uniq crashes found, perf_score=172, exec_us=350, hits=170, map=534)...[0m
[1;94m[*] [0mFuzzing test case #880 (912 total, 0 uniq crashes found, perf_score=345, exec_us=389, hits=57, map=518)...[0m
[1;94m[*] [0mFuzzing test case #426 (912 total, 0 uniq crashes found, perf_score=114, exec_us=356, hits=144, map=478)...[0m
[1;94m[*] [0mFuzzing test case #312 (912 total, 0 uniq crashes found, perf_score=114, exec_us=379, hits=1429, map=282)...[0m
[1;94m[*] [0mFuzzing test case #766 (912 total, 0 uniq crashes found, perf_score=229, exec_us=432, hits=140, map=291)...[0m
[1;94m[*] [0mFuzzing test case #288 (912 total, 0 uniq crashes found, perf_score=172, exec_us=361, hits=100, map=541)...[0m
[1;94m[*] [0mFuzzing test case #493 (912 total, 0 uniq crashes found, perf_score=114, exec_us=387, hits=206, map=285)...[0m
[1;94m[*] [0mFuzzing test case #355 (912 total, 0 uniq crashes found, perf_score=100, exec_us=381, hits=10, map=499)...[0m
[1;94m[*] [0mFuzzing test case #346 (912 total, 0 uniq crashes found, perf_score=100, exec_us=383, hits=36, map=487)...[0m
[1;94m[*] [0mFuzzing test case #903 (912 total, 0 uniq crashes found, perf_score=200, exec_us=366, hits=15, map=512)...[0m
[1;94m[*] [0mFuzzing test case #56 (913 total, 0 uniq crashes found, perf_score=114, exec_us=347, hits=174, map=284)...[0m
[1;94m[*] [0mFuzzing test case #853 (913 total, 0 uniq crashes found, perf_score=1035, exec_us=336, hits=8, map=281)...[0m
[1;94m[*] [0mFuzzing test case #853 (914 total, 0 uniq crashes found, perf_score=1035, exec_us=336, hits=9, map=281)...[0m
[1;94m[*] [0mFuzzing test case #641 (914 total, 0 uniq crashes found, perf_score=345, exec_us=371, hits=12, map=272)...[0m
[1;94m[*] [0mFuzzing test case #287 (914 total, 0 uniq crashes found, perf_score=114, exec_us=338, hits=239, map=511)...[0m
[1;94m[*] [0mFuzzing test case #664 (914 total, 0 uniq crashes found, perf_score=229, exec_us=348, hits=71, map=519)...[0m
[1;94m[*] [0mFuzzing test case #287 (914 total, 0 uniq crashes found, perf_score=114, exec_us=338, hits=256, map=511)...[0m
[1;94m[*] [0mFuzzing test case #287 (914 total, 0 uniq crashes found, perf_score=114, exec_us=338, hits=267, map=511)...[0m
[1;94m[*] [0mFuzzing test case #47 (914 total, 0 uniq crashes found, perf_score=86, exec_us=406, hits=1229, map=214)...[0m
[1;94m[*] [0mFuzzing test case #288 (914 total, 0 uniq crashes found, perf_score=172, exec_us=361, hits=115, map=541)...[0m
[1;94m[*] [0mFuzzing test case #359 (914 total, 0 uniq crashes found, perf_score=114, exec_us=426, hits=144, map=530)...[0m
[1;94m[*] [0mFuzzing test case #664 (914 total, 0 uniq crashes found, perf_score=229, exec_us=348, hits=81, map=519)...[0m
[1;94m[*] [0mFuzzing test case #287 (914 total, 0 uniq crashes found, perf_score=114, exec_us=338, hits=283, map=511)...[0m
[1;94m[*] [0mFuzzing test case #728 (914 total, 0 uniq crashes found, perf_score=229, exec_us=366, hits=2056, map=463)...[0m
[1;94m[*] [0mFuzzing test case #159 (914 total, 0 uniq crashes found, perf_score=345, exec_us=342, hits=2, map=218)...[0m
[1;94m[*] [0mFuzzing test case #57 (914 total, 0 uniq crashes found, perf_score=114, exec_us=403, hits=70, map=511)...[0m
[1;94m[*] [0mFuzzing test case #499 (914 total, 0 uniq crashes found, perf_score=229, exec_us=444, hits=503, map=277)...[0m
[1;94m[*] [0mFuzzing test case #763 (914 total, 0 uniq crashes found, perf_score=229, exec_us=334, hits=120, map=476)...[0m
[1;94m[*] [0mFuzzing test case #287 (916 total, 0 uniq crashes found, perf_score=114, exec_us=338, hits=293, map=511)...[0m
[1;94m[*] [0mFuzzing test case #86 (916 total, 0 uniq crashes found, perf_score=114, exec_us=358, hits=129, map=337)...[0m
[1;94m[*] [0mFuzzing test case #287 (916 total, 0 uniq crashes found, perf_score=114, exec_us=338, hits=304, map=511)...[0m
[1;94m[*] [0mFuzzing test case #853 (916 total, 0 uniq crashes found, perf_score=1035, exec_us=336, hits=14, map=281)...[0m
[1;94m[*] [0mFuzzing test case #822 (917 total, 0 uniq crashes found, perf_score=345, exec_us=336, hits=309, map=274)...[0m
[1;94m[*] [0mFuzzing test case #198 (918 total, 0 uniq crashes found, perf_score=114, exec_us=334, hits=114, map=521)...[0m
[1;94m[*] [0mFuzzing test case #380 (918 total, 0 uniq crashes found, perf_score=459, exec_us=393, hits=1, map=328)...[0m
[1;94m[*] [0mFuzzing test case #312 (918 total, 0 uniq crashes found, perf_score=114, exec_us=379, hits=1485, map=282)...[0m
[1;94m[*] [0mFuzzing test case #287 (918 total, 0 uniq crashes found, perf_score=114, exec_us=338, hits=321, map=511)...[0m
[1;94m[*] [0mFuzzing test case #416 (918 total, 0 uniq crashes found, perf_score=229, exec_us=304, hits=1399, map=287)...[0m
[1;94m[*] [0mFuzzing test case #728 (918 total, 0 uniq crashes found, perf_score=229, exec_us=366, hits=2097, map=463)...[0m
[1;94m[*] [0mFuzzing test case #16 (918 total, 0 uniq crashes found, perf_score=100, exec_us=348, hits=254, map=476)...[0m
[1;94m[*] [0mFuzzing test case #287 (918 total, 0 uniq crashes found, perf_score=114, exec_us=338, hits=331, map=511)...[0m
[1;94m[*] [0mFuzzing test case #917 (918 total, 0 uniq crashes found, perf_score=300, exec_us=455, hits=1, map=268)...[0m
[1;94m[*] [0mFuzzing test case #391 (918 total, 0 uniq crashes found, perf_score=345, exec_us=310, hits=6, map=312)...[0m
[1;94m[*] [0mFuzzing test case #766 (918 total, 0 uniq crashes found, perf_score=229, exec_us=432, hits=228, map=291)...[0m
[1;94m[*] [0mFuzzing test case #11 (919 total, 0 uniq crashes found, perf_score=114, exec_us=330, hits=331, map=517)...[0m
[1;94m[*] [0mFuzzing test case #664 (919 total, 0 uniq crashes found, perf_score=229, exec_us=348, hits=90, map=519)...[0m
[1;94m[*] [0mFuzzing test case #477 (919 total, 0 uniq crashes found, perf_score=229, exec_us=414, hits=96, map=273)...[0m
[1;94m[*] [0mFuzzing test case #493 (920 total, 0 uniq crashes found, perf_score=114, exec_us=387, hits=247, map=285)...[0m
[1;94m[*] [0mFuzzing test case #287 (920 total, 0 uniq crashes found, perf_score=114, exec_us=338, hits=344, map=511)...[0m
[1;94m[*] [0mFuzzing test case #287 (920 total, 0 uniq crashes found, perf_score=114, exec_us=338, hits=368, map=511)...[0m
[1;94m[*] [0mFuzzing test case #816 (920 total, 0 uniq crashes found, perf_score=919, exec_us=412, hits=3, map=269)...[0m
[1;94m[*] [0mFuzzing test case #287 (920 total, 0 uniq crashes found, perf_score=114, exec_us=338, hits=388, map=511)...[0m
[1;94m[*] [0mFuzzing test case #853 (920 total, 0 uniq crashes found, perf_score=1035, exec_us=336, hits=14, map=281)...[0m
[1;94m[*] [0mFuzzing test case #763 (921 total, 0 uniq crashes found, perf_score=229, exec_us=334, hits=206, map=476)...[0m
[1;94m[*] [0mFuzzing test case #514 (921 total, 0 uniq crashes found, perf_score=690, exec_us=398, hits=8, map=308)...[0m
[1;94m[*] [0mFuzzing test case #287 (922 total, 0 uniq crashes found, perf_score=114, exec_us=338, hits=399, map=511)...[0m
[1;94m[*] [0mFuzzing test case #921 (922 total, 0 uniq crashes found, perf_score=200, exec_us=349, hits=1, map=276)...[0m
[1;94m[*] [0mFuzzing test case #854 (922 total, 0 uniq crashes found, perf_score=345, exec_us=327, hits=110, map=280)...[0m
[1;94m[*] [0mFuzzing test case #301 (922 total, 0 uniq crashes found, perf_score=258, exec_us=392, hits=4, map=265)...[0m
[1;94m[*] [0mFuzzing test case #853 (922 total, 0 uniq crashes found, perf_score=1035, exec_us=336, hits=14, map=281)...[0m
[1;94m[*] [0mFuzzing test case #287 (922 total, 0 uniq crashes found, perf_score=114, exec_us=338, hits=413, map=511)...[0m
[1;94m[*] [0mFuzzing test case #853 (922 total, 0 uniq crashes found, perf_score=1035, exec_us=336, hits=15, map=281)...[0m
[1;94m[*] [0mFuzzing test case #815 (923 total, 0 uniq crashes found, perf_score=600, exec_us=347, hits=14, map=268)...[0m
[1;94m[*] [0mFuzzing test case #789 (923 total, 0 uniq crashes found, perf_score=229, exec_us=359, hits=197, map=353)...[0m
[1;94m[*] [0mFuzzing test case #853 (923 total, 0 uniq crashes found, perf_score=1035, exec_us=336, hits=15, map=281)...[0m
[1;94m[*] [0mFuzzing test case #78 (923 total, 0 uniq crashes found, perf_score=258, exec_us=323, hits=4, map=232)...[0m
[1;94m[*] [0mFuzzing test case #853 (923 total, 0 uniq crashes found, perf_score=1035, exec_us=336, hits=17, map=281)...[0m
[1;94m[*] [0mFuzzing test case #664 (923 total, 0 uniq crashes found, perf_score=229, exec_us=348, hits=97, map=519)...[0m
[1;94m[*] [0mFuzzing test case #664 (923 total, 0 uniq crashes found, perf_score=229, exec_us=348, hits=101, map=519)...[0m
[1;94m[*] [0mFuzzing test case #459 (923 total, 0 uniq crashes found, perf_score=114, exec_us=498, hits=69, map=516)...[0m
[1;94m[*] [0mFuzzing test case #3 (923 total, 0 uniq crashes found, perf_score=459, exec_us=417, hits=0, map=479)...[0m
[1;94m[*] [0mFuzzing test case #853 (923 total, 0 uniq crashes found, perf_score=1035, exec_us=336, hits=17, map=281)...[0m
[1;94m[*] [0mFuzzing test case #14 (923 total, 0 uniq crashes found, perf_score=100, exec_us=422, hits=348, map=305)...[0m
[1;94m[*] [0mFuzzing test case #11 (923 total, 0 uniq crashes found, perf_score=114, exec_us=330, hits=343, map=517)...[0m
[1;94m[*] [0mFuzzing test case #198 (923 total, 0 uniq crashes found, perf_score=114, exec_us=334, hits=118, map=521)...[0m
[1;94m[*] [0mFuzzing test case #920 (923 total, 0 uniq crashes found, perf_score=300, exec_us=340, hits=1, map=269)...[0m
[1;94m[*] [0mFuzzing test case #287 (927 total, 0 uniq crashes found, perf_score=114, exec_us=338, hits=423, map=511)...[0m
[1;94m[*] [0mFuzzing test case #198 (927 total, 0 uniq crashes found, perf_score=114, exec_us=334, hits=120, map=521)...[0m
[1;94m[*] [0mFuzzing test case #890 (927 total, 0 uniq crashes found, perf_score=345, exec_us=352, hits=179, map=542)...[0m
[1;94m[*] [0mFuzzing test case #853 (927 total, 0 uniq crashes found, perf_score=690, exec_us=336, hits=17, map=281)...[0m
[1;94m[*] [0mFuzzing test case #176 (927 total, 0 uniq crashes found, perf_score=114, exec_us=345, hits=77, map=496)...[0m
[1;94m[*] [0mFuzzing test case #287 (927 total, 0 uniq crashes found, perf_score=114, exec_us=338, hits=443, map=511)...[0m
[1;94m[*] [0mFuzzing test case #853 (927 total, 0 uniq crashes found, perf_score=690, exec_us=336, hits=17, map=281)...[0m
[1;94m[*] [0mFuzzing test case #853 (927 total, 0 uniq crashes found, perf_score=690, exec_us=336, hits=17, map=281)...[0m
[1;94m[*] [0mFuzzing test case #442 (927 total, 0 uniq crashes found, perf_score=114, exec_us=372, hits=145, map=484)...[0m
[1;94m[*] [0mFuzzing test case #927 (928 total, 0 uniq crashes found, perf_score=200, exec_us=345, hits=1, map=482)...[0m
[1;94m[*] [0mFuzzing test case #408 (928 total, 0 uniq crashes found, perf_score=229, exec_us=494, hits=75, map=324)...[0m
[1;94m[*] [0mFuzzing test case #287 (928 total, 0 uniq crashes found, perf_score=114, exec_us=338, hits=459, map=511)...[0m
[1;94m[*] [0mFuzzing test case #190 (928 total, 0 uniq crashes found, perf_score=172, exec_us=491, hits=28, map=245)...[0m
[1;94m[*] [0mFuzzing test case #287 (928 total, 0 uniq crashes found, perf_score=114, exec_us=338, hits=472, map=511)...[0m
[1;94m[*] [0mFuzzing test case #786 (928 total, 0 uniq crashes found, perf_score=200, exec_us=351, hits=2, map=493)...[0m
[1;94m[*] [0mFuzzing test case #853 (929 total, 0 uniq crashes found, perf_score=690, exec_us=336, hits=17, map=281)...[0m
[1;94m[*] [0mFuzzing test case #853 (929 total, 0 uniq crashes found, perf_score=690, exec_us=336, hits=20, map=281)...[0m
[1;94m[*] [0mFuzzing test case #626 (929 total, 0 uniq crashes found, perf_score=114, exec_us=330, hits=88, map=505)...[0m
[1;94m[*] [0mFuzzing test case #853 (929 total, 0 uniq crashes found, perf_score=690, exec_us=336, hits=22, map=281)...[0m
[1;94m[*] [0mFuzzing test case #921 (929 total, 0 uniq crashes found, perf_score=919, exec_us=349, hits=1, map=276)...[0m
[1;94m[*] [0mFuzzing test case #596 (930 total, 0 uniq crashes found, perf_score=690, exec_us=592, hits=2, map=317)...[0m
[1;94m[*] [0mFuzzing test case #853 (930 total, 0 uniq crashes found, perf_score=690, exec_us=336, hits=22, map=281)...[0m
[1;94m[*] [0mFuzzing test case #740 (931 total, 0 uniq crashes found, perf_score=229, exec_us=378, hits=258, map=276)...[0m
[1;94m[*] [0mFuzzing test case #123 (931 total, 0 uniq crashes found, perf_score=86, exec_us=486, hits=68, map=219)...[0m
[1;94m[*] [0mFuzzing test case #86 (931 total, 0 uniq crashes found, perf_score=114, exec_us=358, hits=157, map=337)...[0m
[1;94m[*] [0mFuzzing test case #853 (931 total, 0 uniq crashes found, perf_score=690, exec_us=336, hits=23, map=281)...[0m
[1;94m[*] [0mFuzzing test case #287 (931 total, 0 uniq crashes found, perf_score=114, exec_us=338, hits=491, map=511)...[0m
[1;94m[*] [0mFuzzing test case #853 (931 total, 0 uniq crashes found, perf_score=690, exec_us=336, hits=24, map=281)...[0m
[1;94m[*] [0mFuzzing test case #502 (931 total, 0 uniq crashes found, perf_score=229, exec_us=434, hits=548, map=283)...[0m
[1;94m[*] [0mFuzzing test case #890 (931 total, 0 uniq crashes found, perf_score=345, exec_us=352, hits=268, map=542)...[0m
[1;94m[*] [0mFuzzing test case #287 (931 total, 0 uniq crashes found, perf_score=114, exec_us=338, hits=507, map=511)...[0m
[1;94m[*] [0mFuzzing test case #853 (931 total, 0 uniq crashes found, perf_score=690, exec_us=336, hits=27, map=281)...[0m
[1;94m[*] [0mFuzzing test case #514 (931 total, 0 uniq crashes found, perf_score=690, exec_us=398, hits=9, map=308)...[0m
[1;94m[*] [0mFuzzing test case #287 (931 total, 0 uniq crashes found, perf_score=114, exec_us=338, hits=517, map=511)...[0m
[1;94m[*] [0mFuzzing test case #853 (931 total, 0 uniq crashes found, perf_score=690, exec_us=336, hits=29, map=281)...[0m
[1;94m[*] [0mFuzzing test case #679 (931 total, 0 uniq crashes found, perf_score=229, exec_us=456, hits=179, map=327)...[0m
[1;94m[*] [0mFuzzing test case #287 (931 total, 0 uniq crashes found, perf_score=114, exec_us=338, hits=528, map=511)...[0m
[1;94m[*] [0mFuzzing test case #477 (931 total, 0 uniq crashes found, perf_score=229, exec_us=414, hits=164, map=273)...[0m
[1;94m[*] [0mFuzzing test case #287 (932 total, 0 uniq crashes found, perf_score=114, exec_us=338, hits=540, map=511)...[0m
[1;94m[*] [0mFuzzing test case #51 (932 total, 0 uniq crashes found, perf_score=86, exec_us=428, hits=1639, map=232)...[0m
[1;94m[*] [0mFuzzing test case #931 (932 total, 0 uniq crashes found, perf_score=200, exec_us=356, hits=1, map=278)...[0m
[1;94m[*] [0mFuzzing test case #415 (932 total, 0 uniq crashes found, perf_score=229, exec_us=394, hits=173, map=289)...[0m
[1;94m[*] [0mFuzzing test case #287 (932 total, 0 uniq crashes found, perf_score=114, exec_us=338, hits=557, map=511)...[0m
[1;94m[*] [0mFuzzing test case #853 (932 total, 0 uniq crashes found, perf_score=345, exec_us=336, hits=32, map=281)...[0m
[1;94m[*] [0mFuzzing test case #786 (932 total, 0 uniq crashes found, perf_score=919, exec_us=351, hits=2, map=493)...[0m
[1;94m[*] [0mFuzzing test case #168 (933 total, 0 uniq crashes found, perf_score=114, exec_us=411, hits=106, map=303)...[0m
[1;94m[*] [0mFuzzing test case #853 (933 total, 0 uniq crashes found, perf_score=345, exec_us=336, hits=32, map=281)...[0m
[1;94m[*] [0mFuzzing test case #92 (933 total, 0 uniq crashes found, perf_score=345, exec_us=355, hits=1, map=234)...[0m
[1;94m[*] [0mFuzzing test case #287 (933 total, 0 uniq crashes found, perf_score=114, exec_us=338, hits=570, map=511)...[0m
[1;94m[*] [0mFuzzing test case #287 (933 total, 0 uniq crashes found, perf_score=114, exec_us=338, hits=580, map=511)...[0m
[1;94m[*] [0mFuzzing test case #664 (933 total, 0 uniq crashes found, perf_score=229, exec_us=348, hits=106, map=519)...[0m
[1;94m[*] [0mFuzzing test case #664 (933 total, 0 uniq crashes found, perf_score=229, exec_us=348, hits=113, map=519)...[0m
[1;94m[*] [0mFuzzing test case #235 (933 total, 0 uniq crashes found, perf_score=258, exec_us=403, hits=4, map=214)...[0m
[1;94m[*] [0mFuzzing test case #740 (933 total, 0 uniq crashes found, perf_score=229, exec_us=378, hits=320, map=276)...[0m
[1;94m[*] [0mFuzzing test case #853 (933 total, 0 uniq crashes found, perf_score=345, exec_us=336, hits=33, map=281)...[0m
[1;94m[*] [0mFuzzing test case #287 (933 total, 0 uniq crashes found, perf_score=114, exec_us=338, hits=590, map=511)...[0m
[1;94m[*] [0mFuzzing test case #664 (933 total, 0 uniq crashes found, perf_score=229, exec_us=348, hits=121, map=519)...[0m
[1;94m[*] [0mFuzzing test case #287 (933 total, 0 uniq crashes found, perf_score=114, exec_us=338, hits=604, map=511)...[0m
[1;94m[*] [0mFuzzing test case #198 (933 total, 0 uniq crashes found, perf_score=114, exec_us=334, hits=124, map=521)...[0m
[1;94m[*] [0mFuzzing test case #890 (933 total, 0 uniq crashes found, perf_score=345, exec_us=352, hits=338, map=542)...[0m
[1;94m[*] [0mFuzzing test case #11 (933 total, 0 uniq crashes found, perf_score=114, exec_us=330, hits=351, map=517)...[0m
[1;94m[*] [0mFuzzing test case #853 (933 total, 0 uniq crashes found, perf_score=345, exec_us=336, hits=36, map=281)...[0m
[1;94m[*] [0mFuzzing test case #664 (933 total, 0 uniq crashes found, perf_score=229, exec_us=348, hits=127, map=519)...[0m
[1;94m[*] [0mFuzzing test case #664 (933 total, 0 uniq crashes found, perf_score=229, exec_us=348, hits=133, map=519)...[0m
[1;94m[*] [0mFuzzing test case #287 (933 total, 0 uniq crashes found, perf_score=114, exec_us=338, hits=613, map=511)...[0m
[1;94m[*] [0mFuzzing test case #287 (933 total, 0 uniq crashes found, perf_score=114, exec_us=338, hits=620, map=511)...[0m
[1;94m[*] [0mFuzzing test case #287 (933 total, 0 uniq crashes found, perf_score=114, exec_us=338, hits=631, map=511)...[0m
[1;94m[*] [0mFuzzing test case #369 (933 total, 0 uniq crashes found, perf_score=114, exec_us=380, hits=35, map=295)...[0m
[1;94m[*] [0mFuzzing test case #853 (933 total, 0 uniq crashes found, perf_score=345, exec_us=336, hits=37, map=281)...[0m
[1;94m[*] [0mFuzzing test case #263 (933 total, 0 uniq crashes found, perf_score=172, exec_us=358, hits=94, map=545)...[0m
[1;94m[*] [0mFuzzing test case #927 (933 total, 0 uniq crashes found, perf_score=919, exec_us=345, hits=2, map=482)...[0m
[1;94m[*] [0mFuzzing test case #853 (936 total, 0 uniq crashes found, perf_score=345, exec_us=336, hits=37, map=281)...[0m
[1;94m[*] [0mFuzzing test case #510 (936 total, 0 uniq crashes found, perf_score=229, exec_us=451, hits=66, map=284)...[0m
[1;94m[*] [0mFuzzing test case #461 (936 total, 0 uniq crashes found, perf_score=114, exec_us=478, hits=192, map=516)...[0m
[1;94m[*] [0mFuzzing test case #409 (936 total, 0 uniq crashes found, perf_score=57, exec_us=560, hits=499, map=2)...[0m
[1;94m[*] [0mFuzzing test case #688 (936 total, 0 uniq crashes found, perf_score=229, exec_us=337, hits=240, map=303)...[0m
[1;94m[*] [0mFuzzing test case #287 (936 total, 0 uniq crashes found, perf_score=114, exec_us=338, hits=649, map=511)...[0m
[1;94m[*] [0mFuzzing test case #640 (936 total, 0 uniq crashes found, perf_score=1380, exec_us=333, hits=1, map=307)...[0m
[1;94m[*] [0mFuzzing test case #247 (936 total, 0 uniq crashes found, perf_score=86, exec_us=351, hits=137, map=227)...[0m
[1;94m[*] [0mFuzzing test case #853 (936 total, 0 uniq crashes found, perf_score=345, exec_us=336, hits=37, map=281)...[0m
[1;94m[*] [0mFuzzing test case #329 (936 total, 0 uniq crashes found, perf_score=114, exec_us=445, hits=122, map=289)...[0m
[1;94m[*] [0mFuzzing test case #457 (936 total, 0 uniq crashes found, perf_score=114, exec_us=490, hits=68, map=516)...[0m
[1;94m[*] [0mFuzzing test case #380 (936 total, 0 uniq crashes found, perf_score=459, exec_us=393, hits=2, map=328)...[0m
[1;94m[*] [0mFuzzing test case #451 (936 total, 0 uniq crashes found, perf_score=86, exec_us=679, hits=65, map=516)...[0m
[1;94m[*] [0mFuzzing test case #664 (936 total, 0 uniq crashes found, perf_score=229, exec_us=348, hits=143, map=519)...[0m
[1;94m[*] [0mFuzzing test case #641 (936 total, 0 uniq crashes found, perf_score=114, exec_us=371, hits=54, map=272)...[0m
[1;94m[*] [0mFuzzing test case #853 (936 total, 0 uniq crashes found, perf_score=345, exec_us=336, hits=38, map=281)...[0m
[1;94m[*] [0mFuzzing test case #287 (936 total, 0 uniq crashes found, perf_score=114, exec_us=338, hits=661, map=511)...[0m
[1;94m[*] [0mFuzzing test case #853 (936 total, 0 uniq crashes found, perf_score=345, exec_us=336, hits=40, map=281)...[0m
[1;94m[*] [0mFuzzing test case #853 (936 total, 0 uniq crashes found, perf_score=345, exec_us=336, hits=40, map=281)...[0m
[1;94m[*] [0mFuzzing test case #287 (936 total, 0 uniq crashes found, perf_score=114, exec_us=338, hits=680, map=511)...[0m
[1;94m[*] [0mFuzzing test case #58 (936 total, 0 uniq crashes found, perf_score=114, exec_us=418, hits=182, map=512)...[0m
[1;94m[*] [0mFuzzing test case #329 (936 total, 0 uniq crashes found, perf_score=114, exec_us=445, hits=175, map=289)...[0m
[1;94m[*] [0mFuzzing test case #287 (936 total, 0 uniq crashes found, perf_score=114, exec_us=338, hits=702, map=511)...[0m
[1;94m[*] [0mFuzzing test case #728 (936 total, 0 uniq crashes found, perf_score=229, exec_us=366, hits=2125, map=463)...[0m
[1;94m[*] [0mFuzzing test case #287 (936 total, 0 uniq crashes found, perf_score=114, exec_us=338, hits=707, map=511)...[0m
[1;94m[*] [0mFuzzing test case #287 (936 total, 0 uniq crashes found, perf_score=114, exec_us=338, hits=721, map=511)...[0m
[1;94m[*] [0mFuzzing test case #688 (936 total, 0 uniq crashes found, perf_score=229, exec_us=337, hits=279, map=303)...[0m
[1;94m[*] [0mFuzzing test case #853 (936 total, 0 uniq crashes found, perf_score=345, exec_us=336, hits=40, map=281)...[0m
[1;94m[*] [0mFuzzing test case #853 (936 total, 0 uniq crashes found, perf_score=345, exec_us=336, hits=43, map=281)...[0m
[1;94m[*] [0mFuzzing test case #306 (936 total, 0 uniq crashes found, perf_score=459, exec_us=348, hits=1, map=325)...[0m
[1;94m[*] [0mFuzzing test case #641 (936 total, 0 uniq crashes found, perf_score=114, exec_us=371, hits=61, map=272)...[0m
[1;94m[*] [0mFuzzing test case #728 (936 total, 0 uniq crashes found, perf_score=229, exec_us=366, hits=2160, map=463)...[0m
[1;94m[*] [0mFuzzing test case #728 (936 total, 0 uniq crashes found, perf_score=229, exec_us=366, hits=2203, map=463)...[0m
[1;94m[*] [0mFuzzing test case #853 (936 total, 0 uniq crashes found, perf_score=345, exec_us=336, hits=44, map=281)...[0m
[1;94m[*] [0mFuzzing test case #688 (936 total, 0 uniq crashes found, perf_score=229, exec_us=337, hits=305, map=303)...[0m
[1;94m[*] [0mFuzzing test case #843 (936 total, 0 uniq crashes found, perf_score=345, exec_us=405, hits=403, map=285)...[0m
[1;94m[*] [0mFuzzing test case #287 (936 total, 0 uniq crashes found, perf_score=114, exec_us=338, hits=734, map=511)...[0m
[1;94m[*] [0mFuzzing test case #477 (937 total, 0 uniq crashes found, perf_score=229, exec_us=414, hits=303, map=273)...[0m
[1;94m[*] [0mFuzzing test case #287 (937 total, 0 uniq crashes found, perf_score=114, exec_us=338, hits=752, map=511)...[0m
[1;94m[*] [0mFuzzing test case #789 (937 total, 0 uniq crashes found, perf_score=229, exec_us=359, hits=242, map=353)...[0m
[1;94m[*] [0mFuzzing test case #600 (937 total, 0 uniq crashes found, perf_score=229, exec_us=424, hits=103, map=531)...[0m
[1;94m[*] [0mFuzzing test case #493 (937 total, 0 uniq crashes found, perf_score=114, exec_us=387, hits=292, map=285)...[0m
[1;94m[*] [0mFuzzing test case #853 (938 total, 0 uniq crashes found, perf_score=345, exec_us=336, hits=44, map=281)...[0m
[1;94m[*] [0mFuzzing test case #312 (938 total, 0 uniq crashes found, perf_score=114, exec_us=379, hits=1541, map=282)...[0m
[1;94m[*] [0mFuzzing test case #194 (938 total, 0 uniq crashes found, perf_score=100, exec_us=493, hits=1, map=526)...[0m
[1;94m[*] [0mFuzzing test case #287 (938 total, 0 uniq crashes found, perf_score=114, exec_us=338, hits=765, map=511)...[0m
[1;94m[*] [0mFuzzing test case #853 (938 total, 0 uniq crashes found, perf_score=345, exec_us=336, hits=45, map=281)...[0m
[1;94m[*] [0mFuzzing test case #664 (938 total, 0 uniq crashes found, perf_score=229, exec_us=348, hits=155, map=519)...[0m
[1;94m[*] [0mFuzzing test case #698 (938 total, 0 uniq crashes found, perf_score=229, exec_us=386, hits=91, map=270)...[0m
[1;94m[*] [0mFuzzing test case #664 (939 total, 0 uniq crashes found, perf_score=229, exec_us=348, hits=162, map=519)...[0m
[1;94m[*] [0mFuzzing test case #937 (939 total, 0 uniq crashes found, perf_score=200, exec_us=468, hits=1, map=274)...[0m
[1;94m[*] [0mFuzzing test case #287 (940 total, 0 uniq crashes found, perf_score=114, exec_us=338, hits=776, map=511)...[0m
[1;94m[*] [0mFuzzing test case #287 (940 total, 0 uniq crashes found, perf_score=114, exec_us=338, hits=797, map=511)...[0m
[1;94m[*] [0mFuzzing test case #263 (940 total, 0 uniq crashes found, perf_score=172, exec_us=358, hits=106, map=545)...[0m
[1;94m[*] [0mFuzzing test case #688 (940 total, 0 uniq crashes found, perf_score=229, exec_us=337, hits=341, map=303)...[0m
[1;94m[*] [0mFuzzing test case #247 (940 total, 0 uniq crashes found, perf_score=86, exec_us=351, hits=216, map=227)...[0m
[1;94m[*] [0mFuzzing test case #938 (940 total, 0 uniq crashes found, perf_score=150, exec_us=450, hits=1, map=265)...[0m
[1;94m[*] [0mFuzzing test case #263 (941 total, 0 uniq crashes found, perf_score=172, exec_us=358, hits=117, map=545)...[0m
[1;94m[*] [0mFuzzing test case #921 (941 total, 0 uniq crashes found, perf_score=919, exec_us=349, hits=2, map=276)...[0m
[1;94m[*] [0mFuzzing test case #289 (941 total, 0 uniq crashes found, perf_score=150, exec_us=520, hits=1, map=534)...[0m
[1;94m[*] [0mFuzzing test case #153 (941 total, 0 uniq crashes found, perf_score=345, exec_us=472, hits=2, map=257)...[0m
[1;94m[*] [0mFuzzing test case #135 (941 total, 0 uniq crashes found, perf_score=114, exec_us=381, hits=77, map=509)...[0m
[1;94m[*] [0mFuzzing test case #164 (941 total, 0 uniq crashes found, perf_score=258, exec_us=357, hits=5, map=218)...[0m
[1;94m[*] [0mFuzzing test case #853 (941 total, 0 uniq crashes found, perf_score=345, exec_us=336, hits=48, map=281)...[0m
[1;94m[*] [0mFuzzing test case #426 (942 total, 0 uniq crashes found, perf_score=114, exec_us=356, hits=173, map=478)...[0m
[1;94m[*] [0mFuzzing test case #287 (942 total, 0 uniq crashes found, perf_score=114, exec_us=338, hits=812, map=511)...[0m
[1;94m[*] [0mFuzzing test case #939 (942 total, 0 uniq crashes found, perf_score=200, exec_us=400, hits=1, map=274)...[0m
[1;94m[*] [0mFuzzing test case #287 (942 total, 0 uniq crashes found, perf_score=114, exec_us=338, hits=823, map=511)...[0m
[1;94m[*] [0mFuzzing test case #287 (942 total, 0 uniq crashes found, perf_score=114, exec_us=338, hits=841, map=511)...[0m
[1;94m[*] [0mFuzzing test case #287 (942 total, 0 uniq crashes found, perf_score=114, exec_us=338, hits=853, map=511)...[0m
[1;94m[*] [0mFuzzing test case #258 (942 total, 0 uniq crashes found, perf_score=100, exec_us=369, hits=8, map=521)...[0m
[1;94m[*] [0mFuzzing test case #853 (942 total, 0 uniq crashes found, perf_score=345, exec_us=336, hits=48, map=281)...[0m
[1;94m[*] [0mFuzzing test case #741 (942 total, 0 uniq crashes found, perf_score=229, exec_us=402, hits=141, map=301)...[0m
[1;94m[*] [0mFuzzing test case #940 (942 total, 0 uniq crashes found, perf_score=150, exec_us=555, hits=1, map=265)...[0m
[1;94m[*] [0mFuzzing test case #688 (944 total, 0 uniq crashes found, perf_score=229, exec_us=337, hits=388, map=303)...[0m
[1;94m[*] [0mFuzzing test case #853 (944 total, 0 uniq crashes found, perf_score=345, exec_us=336, hits=50, map=281)...[0m
[1;94m[*] [0mFuzzing test case #853 (944 total, 0 uniq crashes found, perf_score=345, exec_us=336, hits=51, map=281)...[0m
[1;94m[*] [0mFuzzing test case #306 (944 total, 0 uniq crashes found, perf_score=459, exec_us=348, hits=1, map=325)...[0m
[1;94m[*] [0mFuzzing test case #524 (944 total, 0 uniq crashes found, perf_score=114, exec_us=347, hits=127, map=462)...[0m
[1;94m[*] [0mFuzzing test case #854 (944 total, 0 uniq crashes found, perf_score=345, exec_us=327, hits=200, map=280)...[0m
[1;94m[*] [0mFuzzing test case #853 (944 total, 0 uniq crashes found, perf_score=345, exec_us=336, hits=53, map=281)...[0m
[1;94m[*] [0mFuzzing test case #943 (944 total, 0 uniq crashes found, perf_score=150, exec_us=440, hits=1, map=264)...[0m
[1;94m[*] [0mFuzzing test case #843 (944 total, 0 uniq crashes found, perf_score=345, exec_us=405, hits=469, map=285)...[0m
[1;94m[*] [0mFuzzing test case #752 (944 total, 0 uniq crashes found, perf_score=100, exec_us=370, hits=1, map=329)...[0m
[1;94m[*] [0mFuzzing test case #287 (945 total, 0 uniq crashes found, perf_score=114, exec_us=338, hits=865, map=511)...[0m
[1;94m[*] [0mFuzzing test case #455 (945 total, 0 uniq crashes found, perf_score=114, exec_us=498, hits=107, map=521)...[0m
[1;94m[*] [0mFuzzing test case #853 (945 total, 0 uniq crashes found, perf_score=345, exec_us=336, hits=53, map=281)...[0m
[1;94m[*] [0mFuzzing test case #942 (945 total, 0 uniq crashes found, perf_score=200, exec_us=560, hits=1, map=267)...[0m
[1;94m[*] [0mFuzzing test case #287 (945 total, 0 uniq crashes found, perf_score=114, exec_us=338, hits=882, map=511)...[0m
[1;94m[*] [0mFuzzing test case #853 (945 total, 0 uniq crashes found, perf_score=345, exec_us=336, hits=53, map=281)...[0m
[1;94m[*] [0mFuzzing test case #287 (946 total, 0 uniq crashes found, perf_score=114, exec_us=338, hits=900, map=511)...[0m
[1;94m[*] [0mFuzzing test case #426 (946 total, 0 uniq crashes found, perf_score=114, exec_us=356, hits=210, map=478)...[0m
[1;94m[*] [0mFuzzing test case #100 (946 total, 0 uniq crashes found, perf_score=114, exec_us=424, hits=892, map=369)...[0m
[1;94m[*] [0mFuzzing test case #416 (946 total, 0 uniq crashes found, perf_score=229, exec_us=304, hits=1504, map=287)...[0m
[1;94m[*] [0mFuzzing test case #287 (946 total, 0 uniq crashes found, perf_score=114, exec_us=338, hits=911, map=511)...[0m
[1;94m[*] [0mFuzzing test case #853 (946 total, 0 uniq crashes found, perf_score=345, exec_us=336, hits=55, map=281)...[0m
[1;94m[*] [0mFuzzing test case #853 (946 total, 0 uniq crashes found, perf_score=345, exec_us=336, hits=55, map=281)...[0m
[1;94m[*] [0mFuzzing test case #226 (946 total, 0 uniq crashes found, perf_score=459, exec_us=431, hits=1, map=313)...[0m
[1;94m[*] [0mFuzzing test case #287 (946 total, 0 uniq crashes found, perf_score=114, exec_us=338, hits=930, map=511)...[0m
[1;94m[*] [0mFuzzing test case #11 (946 total, 0 uniq crashes found, perf_score=114, exec_us=330, hits=357, map=517)...[0m
[1;94m[*] [0mFuzzing test case #641 (946 total, 0 uniq crashes found, perf_score=114, exec_us=371, hits=70, map=272)...[0m
[1;94m[*] [0mFuzzing test case #529 (946 total, 0 uniq crashes found, perf_score=229, exec_us=414, hits=127, map=305)...[0m
[1;94m[*] [0mFuzzing test case #763 (946 total, 0 uniq crashes found, perf_score=229, exec_us=334, hits=263, map=476)...[0m
[1;94m[*] [0mFuzzing test case #287 (946 total, 0 uniq crashes found, perf_score=114, exec_us=338, hits=940, map=511)...[0m
[1;94m[*] [0mFuzzing test case #263 (947 total, 0 uniq crashes found, perf_score=172, exec_us=358, hits=124, map=545)...[0m
[1;94m[*] [0mFuzzing test case #797 (947 total, 0 uniq crashes found, perf_score=517, exec_us=369, hits=82, map=538)...[0m
[1;94m[*] [0mFuzzing test case #245 (947 total, 0 uniq crashes found, perf_score=86, exec_us=346, hits=298, map=227)...[0m
[1;94m[*] [0mFuzzing test case #721 (947 total, 0 uniq crashes found, perf_score=229, exec_us=387, hits=92, map=268)...[0m
[1;94m[*] [0mFuzzing test case #198 (947 total, 0 uniq crashes found, perf_score=114, exec_us=334, hits=129, map=521)...[0m
[1;94m[*] [0mFuzzing test case #176 (948 total, 0 uniq crashes found, perf_score=114, exec_us=345, hits=80, map=496)...[0m
[1;94m[*] [0mFuzzing test case #287 (948 total, 0 uniq crashes found, perf_score=114, exec_us=338, hits=964, map=511)...[0m
[1;94m[*] [0mFuzzing test case #664 (948 total, 0 uniq crashes found, perf_score=229, exec_us=348, hits=169, map=519)...[0m
[1;94m[*] [0mFuzzing test case #853 (948 total, 0 uniq crashes found, perf_score=345, exec_us=336, hits=57, map=281)...[0m
[1;94m[*] [0mFuzzing test case #287 (948 total, 0 uniq crashes found, perf_score=114, exec_us=338, hits=981, map=511)...[0m
[1;94m[*] [0mFuzzing test case #789 (948 total, 0 uniq crashes found, perf_score=229, exec_us=359, hits=297, map=353)...[0m
[1;94m[*] [0mFuzzing test case #306 (948 total, 0 uniq crashes found, perf_score=459, exec_us=348, hits=1, map=325)...[0m
[1;94m[*] [0mFuzzing test case #398 (949 total, 0 uniq crashes found, perf_score=459, exec_us=334, hits=2, map=335)...[0m
[1;94m[*] [0mFuzzing test case #287 (949 total, 0 uniq crashes found, perf_score=114, exec_us=338, hits=998, map=511)...[0m
[1;94m[*] [0mFuzzing test case #648 (949 total, 0 uniq crashes found, perf_score=229, exec_us=369, hits=384, map=415)...[0m
[1;94m[*] [0mFuzzing test case #853 (949 total, 0 uniq crashes found, perf_score=345, exec_us=336, hits=57, map=281)...[0m
[1;94m[*] [0mFuzzing test case #600 (949 total, 0 uniq crashes found, perf_score=345, exec_us=424, hits=122, map=531)...[0m
[1;94m[*] [0mFuzzing test case #287 (949 total, 0 uniq crashes found, perf_score=114, exec_us=338, hits=1010, map=511)...[0m
[1;94m[*] [0mFuzzing test case #287 (949 total, 0 uniq crashes found, perf_score=114, exec_us=338, hits=1018, map=511)...[0m
[1;94m[*] [0mFuzzing test case #426 (949 total, 0 uniq crashes found, perf_score=114, exec_us=356, hits=235, map=478)...[0m
[1;94m[*] [0mFuzzing test case #287 (949 total, 0 uniq crashes found, perf_score=114, exec_us=338, hits=1030, map=511)...[0m
[1;94m[*] [0mFuzzing test case #853 (949 total, 0 uniq crashes found, perf_score=345, exec_us=336, hits=57, map=281)...[0m
[1;94m[*] [0mFuzzing test case #287 (950 total, 0 uniq crashes found, perf_score=114, exec_us=338, hits=1041, map=511)...[0m
[1;94m[*] [0mFuzzing test case #853 (950 total, 0 uniq crashes found, perf_score=345, exec_us=336, hits=59, map=281)...[0m
[1;94m[*] [0mFuzzing test case #853 (950 total, 0 uniq crashes found, perf_score=345, exec_us=336, hits=59, map=281)...[0m
[1;94m[*] [0mFuzzing test case #853 (950 total, 0 uniq crashes found, perf_score=345, exec_us=336, hits=60, map=281)...[0m
[1;94m[*] [0mFuzzing test case #664 (950 total, 0 uniq crashes found, perf_score=229, exec_us=348, hits=177, map=519)...[0m
[1;94m[*] [0mFuzzing test case #786 (950 total, 0 uniq crashes found, perf_score=919, exec_us=351, hits=3, map=493)...[0m
[1;94m[*] [0mFuzzing test case #853 (950 total, 0 uniq crashes found, perf_score=345, exec_us=336, hits=61, map=281)...[0m
[1;94m[*] [0mFuzzing test case #159 (950 total, 0 uniq crashes found, perf_score=258, exec_us=342, hits=8, map=218)...[0m
[1;94m[*] [0mFuzzing test case #763 (950 total, 0 uniq crashes found, perf_score=229, exec_us=334, hits=326, map=476)...[0m
[1;94m[*] [0mFuzzing test case #287 (950 total, 0 uniq crashes found, perf_score=114, exec_us=338, hits=1054, map=511)...[0m
[1;94m[*] [0mFuzzing test case #853 (950 total, 0 uniq crashes found, perf_score=345, exec_us=336, hits=61, map=281)...[0m
[1;94m[*] [0mFuzzing test case #514 (950 total, 0 uniq crashes found, perf_score=690, exec_us=398, hits=12, map=308)...[0m
[1;94m[*] [0mFuzzing test case #816 (950 total, 0 uniq crashes found, perf_score=690, exec_us=412, hits=13, map=269)...[0m
[1;94m[*] [0mFuzzing test case #398 (951 total, 0 uniq crashes found, perf_score=459, exec_us=334, hits=3, map=335)...[0m
[1;94m[*] [0mFuzzing test case #853 (951 total, 0 uniq crashes found, perf_score=345, exec_us=336, hits=63, map=281)...[0m
[1;94m[*] [0mFuzzing test case #306 (951 total, 0 uniq crashes found, perf_score=459, exec_us=348, hits=1, map=325)...[0m
[1;94m[*] [0mFuzzing test case #853 (951 total, 0 uniq crashes found, perf_score=345, exec_us=336, hits=64, map=281)...[0m
[1;94m[*] [0mFuzzing test case #853 (951 total, 0 uniq crashes found, perf_score=345, exec_us=336, hits=64, map=281)...[0m
[1;94m[*] [0mFuzzing test case #287 (951 total, 0 uniq crashes found, perf_score=114, exec_us=338, hits=1062, map=511)...[0m
[1;94m[*] [0mFuzzing test case #365 (951 total, 0 uniq crashes found, perf_score=172, exec_us=402, hits=99, map=541)...[0m
[1;94m[*] [0mFuzzing test case #853 (951 total, 0 uniq crashes found, perf_score=345, exec_us=336, hits=64, map=281)...[0m
[1;94m[*] [0mFuzzing test case #789 (951 total, 0 uniq crashes found, perf_score=229, exec_us=359, hits=349, map=353)...[0m
[1;94m[*] [0mFuzzing test case #524 (951 total, 0 uniq crashes found, perf_score=114, exec_us=347, hits=157, map=462)...[0m
[1;94m[*] [0mFuzzing test case #677 (951 total, 0 uniq crashes found, perf_score=200, exec_us=466, hits=4, map=282)...[0m
[1;94m[*] [0mFuzzing test case #426 (953 total, 0 uniq crashes found, perf_score=114, exec_us=356, hits=268, map=478)...[0m
[1;94m[*] [0mFuzzing test case #306 (953 total, 0 uniq crashes found, perf_score=459, exec_us=348, hits=1, map=325)...[0m
[1;94m[*] [0mFuzzing test case #287 (953 total, 0 uniq crashes found, perf_score=114, exec_us=338, hits=1075, map=511)...[0m
[1;94m[*] [0mFuzzing test case #712 (953 total, 0 uniq crashes found, perf_score=120, exec_us=320, hits=2955, map=539)...[0m
[1;94m[*] [0mFuzzing test case #853 (953 total, 0 uniq crashes found, perf_score=345, exec_us=336, hits=64, map=281)...[0m
[1;94m[*] [0mFuzzing test case #287 (953 total, 0 uniq crashes found, perf_score=114, exec_us=338, hits=1091, map=511)...[0m
[1;94m[*] [0mFuzzing test case #853 (953 total, 0 uniq crashes found, perf_score=345, exec_us=336, hits=65, map=281)...[0m
[1;94m[*] [0mFuzzing test case #287 (953 total, 0 uniq crashes found, perf_score=114, exec_us=338, hits=1112, map=511)...[0m
[1;94m[*] [0mFuzzing test case #853 (953 total, 0 uniq crashes found, perf_score=345, exec_us=336, hits=65, map=281)...[0m
[1;94m[*] [0mFuzzing test case #853 (953 total, 0 uniq crashes found, perf_score=345, exec_us=336, hits=66, map=281)...[0m
[1;94m[*] [0mFuzzing test case #952 (953 total, 0 uniq crashes found, perf_score=300, exec_us=467, hits=1, map=288)...[0m
[1;94m[*] [0mFuzzing test case #514 (955 total, 0 uniq crashes found, perf_score=459, exec_us=398, hits=16, map=308)...[0m
[1;94m[*] [0mFuzzing test case #853 (955 total, 0 uniq crashes found, perf_score=345, exec_us=336, hits=67, map=281)...[0m
[1;94m[*] [0mFuzzing test case #779 (955 total, 0 uniq crashes found, perf_score=258, exec_us=622, hits=297, map=313)...[0m
[1;94m[*] [0mFuzzing test case #287 (955 total, 0 uniq crashes found, perf_score=114, exec_us=338, hits=1123, map=511)...[0m
[1;94m[*] [0mFuzzing test case #419 (955 total, 0 uniq crashes found, perf_score=690, exec_us=436, hits=7, map=294)...[0m
[1;94m[*] [0mFuzzing test case #49 (955 total, 0 uniq crashes found, perf_score=86, exec_us=387, hits=1468, map=252)...[0m
[1;94m[*] [0mFuzzing test case #287 (955 total, 0 uniq crashes found, perf_score=114, exec_us=338, hits=1133, map=511)...[0m
[1;94m[*] [0mFuzzing test case #740 (955 total, 0 uniq crashes found, perf_score=229, exec_us=378, hits=372, map=276)...[0m
[1;94m[*] [0mFuzzing test case #728 (955 total, 0 uniq crashes found, perf_score=229, exec_us=366, hits=2232, map=463)...[0m
[1;94m[*] [0mFuzzing test case #287 (955 total, 0 uniq crashes found, perf_score=114, exec_us=338, hits=1144, map=511)...[0m
[1;94m[*] [0mFuzzing test case #664 (955 total, 0 uniq crashes found, perf_score=229, exec_us=348, hits=190, map=519)...[0m
[1;94m[*] [0mFuzzing test case #741 (955 total, 0 uniq crashes found, perf_score=229, exec_us=402, hits=199, map=301)...[0m
[1;94m[*] [0mFuzzing test case #448 (955 total, 0 uniq crashes found, perf_score=114, exec_us=564, hits=82, map=516)...[0m
[1;94m[*] [0mFuzzing test case #331 (955 total, 0 uniq crashes found, perf_score=459, exec_us=391, hits=1, map=265)...[0m
[1;94m[*] [0mFuzzing test case #853 (955 total, 0 uniq crashes found, perf_score=345, exec_us=336, hits=68, map=281)...[0m
[1;94m[*] [0mFuzzing test case #514 (955 total, 0 uniq crashes found, perf_score=459, exec_us=398, hits=16, map=308)...[0m
[1;94m[*] [0mFuzzing test case #853 (955 total, 0 uniq crashes found, perf_score=345, exec_us=336, hits=68, map=281)...[0m
[1;94m[*] [0mFuzzing test case #514 (955 total, 0 uniq crashes found, perf_score=459, exec_us=398, hits=22, map=308)...[0m
[1;94m[*] [0mFuzzing test case #853 (955 total, 0 uniq crashes found, perf_score=345, exec_us=336, hits=68, map=281)...[0m
[1;94m[*] [0mFuzzing test case #853 (955 total, 0 uniq crashes found, perf_score=345, exec_us=336, hits=69, map=281)...[0m
[1;94m[*] [0mFuzzing test case #853 (955 total, 0 uniq crashes found, perf_score=345, exec_us=336, hits=71, map=281)...[0m
[1;94m[*] [0mFuzzing test case #549 (955 total, 0 uniq crashes found, perf_score=200, exec_us=400, hits=3, map=305)...[0m
[1;94m[*] [0mFuzzing test case #356 (956 total, 0 uniq crashes found, perf_score=150, exec_us=371, hits=33, map=534)...[0m
[1;94m[*] [0mFuzzing test case #285 (956 total, 0 uniq crashes found, perf_score=459, exec_us=321, hits=2, map=272)...[0m
[1;94m[*] [0mFuzzing test case #287 (956 total, 0 uniq crashes found, perf_score=114, exec_us=338, hits=1157, map=511)...[0m
[1;94m[*] [0mFuzzing test case #853 (956 total, 0 uniq crashes found, perf_score=345, exec_us=336, hits=71, map=281)...[0m
[1;94m[*] [0mFuzzing test case #359 (956 total, 0 uniq crashes found, perf_score=172, exec_us=426, hits=162, map=530)...[0m
[1;94m[*] [0mFuzzing test case #664 (956 total, 0 uniq crashes found, perf_score=229, exec_us=348, hits=198, map=519)...[0m
[1;94m[*] [0mFuzzing test case #306 (956 total, 0 uniq crashes found, perf_score=459, exec_us=348, hits=1, map=325)...[0m
[1;94m[*] [0mFuzzing test case #287 (956 total, 0 uniq crashes found, perf_score=114, exec_us=338, hits=1175, map=511)...[0m
[1;94m[*] [0mFuzzing test case #761 (956 total, 0 uniq crashes found, perf_score=229, exec_us=528, hits=108, map=289)...[0m
[1;94m[*] [0mFuzzing test case #235 (956 total, 0 uniq crashes found, perf_score=258, exec_us=403, hits=11, map=214)...[0m
[1;94m[*] [0mFuzzing test case #287 (956 total, 0 uniq crashes found, perf_score=114, exec_us=338, hits=1193, map=511)...[0m
[1;94m[*] [0mFuzzing test case #955 (956 total, 0 uniq crashes found, perf_score=200, exec_us=329, hits=1, map=348)...[0m
[1;94m[*] [0mFuzzing test case #853 (956 total, 0 uniq crashes found, perf_score=345, exec_us=336, hits=72, map=281)...[0m
[1;94m[*] [0mFuzzing test case #903 (956 total, 0 uniq crashes found, perf_score=690, exec_us=366, hits=15, map=512)...[0m
[1;94m[*] [0mFuzzing test case #287 (956 total, 0 uniq crashes found, perf_score=114, exec_us=338, hits=1206, map=511)...[0m
[1;94m[*] [0mFuzzing test case #398 (956 total, 0 uniq crashes found, perf_score=459, exec_us=334, hits=3, map=335)...[0m
[1;94m[*] [0mFuzzing test case #853 (956 total, 0 uniq crashes found, perf_score=345, exec_us=336, hits=72, map=281)...[0m
[1;94m[*] [0mFuzzing test case #853 (956 total, 0 uniq crashes found, perf_score=345, exec_us=336, hits=75, map=281)...[0m
[1;94m[*] [0mFuzzing test case #853 (956 total, 0 uniq crashes found, perf_score=345, exec_us=336, hits=76, map=281)...[0m
[1;94m[*] [0mFuzzing test case #783 (956 total, 0 uniq crashes found, perf_score=919, exec_us=351, hits=1, map=280)...[0m
[1;94m[*] [0mFuzzing test case #853 (956 total, 0 uniq crashes found, perf_score=345, exec_us=336, hits=77, map=281)...[0m
[1;94m[*] [0mFuzzing test case #927 (956 total, 0 uniq crashes found, perf_score=459, exec_us=345, hits=20, map=482)...[0m
[1;94m[*] [0mFuzzing test case #380 (956 total, 0 uniq crashes found, perf_score=459, exec_us=393, hits=2, map=328)...[0m
[1;94m[*] [0mFuzzing test case #853 (956 total, 0 uniq crashes found, perf_score=345, exec_us=336, hits=77, map=281)...[0m
[1;94m[*] [0mFuzzing test case #927 (956 total, 0 uniq crashes found, perf_score=459, exec_us=345, hits=21, map=482)...[0m
[1;94m[*] [0mFuzzing test case #287 (956 total, 0 uniq crashes found, perf_score=114, exec_us=338, hits=1222, map=511)...[0m
[1;94m[*] [0mFuzzing test case #456 (956 total, 0 uniq crashes found, perf_score=114, exec_us=531, hits=65, map=516)...[0m
[1;94m[*] [0mFuzzing test case #853 (956 total, 0 uniq crashes found, perf_score=345, exec_us=336, hits=77, map=281)...[0m
[1;94m[*] [0mFuzzing test case #287 (956 total, 0 uniq crashes found, perf_score=114, exec_us=338, hits=1234, map=511)...[0m
[1;94m[*] [0mFuzzing test case #287 (956 total, 0 uniq crashes found, perf_score=114, exec_us=338, hits=1254, map=511)...[0m
[1;94m[*] [0mFuzzing test case #524 (956 total, 0 uniq crashes found, perf_score=114, exec_us=347, hits=186, map=462)...[0m
[1;94m[*] [0mFuzzing test case #287 (956 total, 0 uniq crashes found, perf_score=114, exec_us=338, hits=1265, map=511)...[0m
[1;94m[*] [0mFuzzing test case #287 (956 total, 0 uniq crashes found, perf_score=114, exec_us=338, hits=1285, map=511)...[0m
[1;94m[*] [0mFuzzing test case #287 (956 total, 0 uniq crashes found, perf_score=114, exec_us=338, hits=1296, map=511)...[0m
[1;94m[*] [0mFuzzing test case #853 (956 total, 0 uniq crashes found, perf_score=345, exec_us=336, hits=77, map=281)...[0m
[1;94m[*] [0mFuzzing test case #285 (956 total, 0 uniq crashes found, perf_score=345, exec_us=321, hits=5, map=272)...[0m
[1;94m[*] [0mFuzzing test case #797 (956 total, 0 uniq crashes found, perf_score=517, exec_us=369, hits=136, map=538)...[0m
[1;94m[*] [0mFuzzing test case #853 (956 total, 0 uniq crashes found, perf_score=345, exec_us=336, hits=78, map=281)...[0m
[1;94m[*] [0mFuzzing test case #811 (956 total, 0 uniq crashes found, perf_score=345, exec_us=353, hits=314, map=312)...[0m
[1;94m[*] [0mFuzzing test case #485 (956 total, 0 uniq crashes found, perf_score=459, exec_us=377, hits=20, map=292)...[0m
[1;94m[*] [0mFuzzing test case #287 (956 total, 0 uniq crashes found, perf_score=114, exec_us=338, hits=1317, map=511)...[0m
[1;94m[*] [0mFuzzing test case #514 (956 total, 0 uniq crashes found, perf_score=459, exec_us=398, hits=22, map=308)...[0m
[1;94m[*] [0mFuzzing test case #641 (956 total, 0 uniq crashes found, perf_score=114, exec_us=371, hits=70, map=272)...[0m
[1;94m[*] [0mFuzzing test case #279 (956 total, 0 uniq crashes found, perf_score=258, exec_us=350, hits=5, map=258)...[0m
[1;94m[*] [0mFuzzing test case #100 (956 total, 0 uniq crashes found, perf_score=114, exec_us=424, hits=935, map=369)...[0m
[1;94m[*] [0mFuzzing test case #763 (956 total, 0 uniq crashes found, perf_score=229, exec_us=334, hits=374, map=476)...[0m
[1;94m[*] [0mFuzzing test case #664 (956 total, 0 uniq crashes found, perf_score=229, exec_us=348, hits=209, map=519)...[0m
[1;94m[*] [0mFuzzing test case #890 (957 total, 0 uniq crashes found, perf_score=345, exec_us=352, hits=409, map=542)...[0m
[1;94m[*] [0mFuzzing test case #853 (957 total, 0 uniq crashes found, perf_score=345, exec_us=336, hits=79, map=281)...[0m
[1;94m[*] [0mFuzzing test case #306 (957 total, 0 uniq crashes found, perf_score=459, exec_us=348, hits=1, map=325)...[0m
[1;94m[*] [0mFuzzing test case #853 (958 total, 0 uniq crashes found, perf_score=345, exec_us=336, hits=79, map=281)...[0m
[1;94m[*] [0mFuzzing test case #731 (958 total, 0 uniq crashes found, perf_score=229, exec_us=405, hits=118, map=465)...[0m
[1;94m[*] [0mFuzzing test case #287 (958 total, 0 uniq crashes found, perf_score=114, exec_us=338, hits=1337, map=511)...[0m
[1;94m[*] [0mFuzzing test case #391 (958 total, 0 uniq crashes found, perf_score=345, exec_us=310, hits=6, map=312)...[0m
[1;94m[*] [0mFuzzing test case #664 (958 total, 0 uniq crashes found, perf_score=229, exec_us=348, hits=222, map=519)...[0m
[1;94m[*] [0mFuzzing test case #287 (958 total, 0 uniq crashes found, perf_score=114, exec_us=338, hits=1360, map=511)...[0m
[1;94m[*] [0mFuzzing test case #664 (958 total, 0 uniq crashes found, perf_score=229, exec_us=348, hits=232, map=519)...[0m
[1;94m[*] [0mFuzzing test case #853 (958 total, 0 uniq crashes found, perf_score=345, exec_us=336, hits=79, map=281)...[0m
[1;94m[*] [0mFuzzing test case #853 (958 total, 0 uniq crashes found, perf_score=345, exec_us=336, hits=79, map=281)...[0m
[1;94m[*] [0mFuzzing test case #860 (958 total, 0 uniq crashes found, perf_score=114, exec_us=431, hits=213, map=303)...[0m
[1;94m[*] [0mFuzzing test case #287 (958 total, 0 uniq crashes found, perf_score=114, exec_us=338, hits=1377, map=511)...[0m
[1;94m[*] [0mFuzzing test case #287 (958 total, 0 uniq crashes found, perf_score=114, exec_us=338, hits=1389, map=511)...[0m
[1;94m[*] [0mFuzzing test case #445 (958 total, 0 uniq crashes found, perf_score=114, exec_us=476, hits=69, map=516)...[0m
[1;94m[*] [0mFuzzing test case #287 (958 total, 0 uniq crashes found, perf_score=114, exec_us=338, hits=1405, map=511)...[0m
[1;94m[*] [0mFuzzing test case #287 (958 total, 0 uniq crashes found, perf_score=114, exec_us=338, hits=1420, map=511)...[0m
[1;94m[*] [0mFuzzing test case #306 (958 total, 0 uniq crashes found, perf_score=459, exec_us=348, hits=1, map=325)...[0m
[1;94m[*] [0mFuzzing test case #287 (958 total, 0 uniq crashes found, perf_score=114, exec_us=338, hits=1430, map=511)...[0m
[1;94m[*] [0mFuzzing test case #287 (958 total, 0 uniq crashes found, perf_score=114, exec_us=338, hits=1440, map=511)...[0m
[1;94m[*] [0mFuzzing test case #744 (958 total, 0 uniq crashes found, perf_score=690, exec_us=392, hits=3, map=253)...[0m
[1;94m[*] [0mFuzzing test case #380 (958 total, 0 uniq crashes found, perf_score=459, exec_us=393, hits=3, map=328)...[0m
[1;94m[*] [0mFuzzing test case #664 (958 total, 0 uniq crashes found, perf_score=229, exec_us=348, hits=244, map=519)...[0m
[1;94m[*] [0mFuzzing test case #359 (958 total, 0 uniq crashes found, perf_score=172, exec_us=426, hits=183, map=530)...[0m
[1;94m[*] [0mFuzzing test case #426 (958 total, 0 uniq crashes found, perf_score=114, exec_us=356, hits=303, map=478)...[0m
[1;94m[*] [0mFuzzing test case #454 (958 total, 0 uniq crashes found, perf_score=86, exec_us=601, hits=65, map=517)...[0m
[1;94m[*] [0mFuzzing test case #529 (958 total, 0 uniq crashes found, perf_score=229, exec_us=414, hits=224, map=305)...[0m
[1;94m[*] [0mFuzzing test case #664 (958 total, 0 uniq crashes found, perf_score=229, exec_us=348, hits=249, map=519)...[0m
[1;94m[*] [0mFuzzing test case #237 (958 total, 0 uniq crashes found, perf_score=258, exec_us=392, hits=4, map=218)...[0m
[1;94m[*] [0mFuzzing test case #287 (958 total, 0 uniq crashes found, perf_score=114, exec_us=338, hits=1452, map=511)...[0m
[1;94m[*] [0mFuzzing test case #921 (958 total, 0 uniq crashes found, perf_score=919, exec_us=349, hits=2, map=276)...[0m
[1;94m[*] [0mFuzzing test case #853 (958 total, 0 uniq crashes found, perf_score=345, exec_us=336, hits=79, map=281)...[0m
[1;94m[*] [0mFuzzing test case #391 (958 total, 0 uniq crashes found, perf_score=345, exec_us=310, hits=8, map=312)...[0m
[1;94m[*] [0mFuzzing test case #287 (958 total, 0 uniq crashes found, perf_score=114, exec_us=338, hits=1467, map=511)...[0m
[1;94m[*] [0mFuzzing test case #263 (958 total, 0 uniq crashes found, perf_score=172, exec_us=358, hits=134, map=545)...[0m
[1;94m[*] [0mFuzzing test case #600 (958 total, 0 uniq crashes found, perf_score=345, exec_us=424, hits=151, map=531)...[0m
[1;94m[*] [0mFuzzing test case #853 (959 total, 0 uniq crashes found, perf_score=345, exec_us=336, hits=80, map=281)...[0m
[1;94m[*] [0mFuzzing test case #287 (959 total, 0 uniq crashes found, perf_score=114, exec_us=338, hits=1482, map=511)...[0m
[1;94m[*] [0mFuzzing test case #728 (959 total, 0 uniq crashes found, perf_score=229, exec_us=366, hits=2266, map=463)...[0m
[1;94m[*] [0mFuzzing test case #306 (959 total, 0 uniq crashes found, perf_score=459, exec_us=348, hits=1, map=325)...[0m
[1;94m[*] [0mFuzzing test case #688 (959 total, 0 uniq crashes found, perf_score=229, exec_us=337, hits=439, map=303)...[0m
[1;94m[*] [0mFuzzing test case #477 (959 total, 0 uniq crashes found, perf_score=229, exec_us=414, hits=365, map=273)...[0m
[1;94m[*] [0mFuzzing test case #416 (959 total, 0 uniq crashes found, perf_score=229, exec_us=304, hits=1609, map=287)...[0m
[1;94m[*] [0mFuzzing test case #503 (959 total, 0 uniq crashes found, perf_score=229, exec_us=419, hits=498, map=276)...[0m
[1;94m[*] [0mFuzzing test case #287 (959 total, 0 uniq crashes found, perf_score=114, exec_us=338, hits=1501, map=511)...[0m
[1;94m[*] [0mFuzzing test case #853 (959 total, 0 uniq crashes found, perf_score=345, exec_us=336, hits=80, map=281)...[0m
[1;94m[*] [0mFuzzing test case #201 (959 total, 0 uniq crashes found, perf_score=28, exec_us=288, hits=1053, map=74)...[0m
[1;94m[*] [0mFuzzing test case #822 (959 total, 0 uniq crashes found, perf_score=345, exec_us=336, hits=472, map=274)...[0m
[1;94m[*] [0mFuzzing test case #287 (959 total, 0 uniq crashes found, perf_score=114, exec_us=338, hits=1514, map=511)...[0m
[1;94m[*] [0mFuzzing test case #452 (959 total, 0 uniq crashes found, perf_score=86, exec_us=613, hits=173, map=517)...[0m
[1;94m[*] [0mFuzzing test case #287 (959 total, 0 uniq crashes found, perf_score=114, exec_us=338, hits=1523, map=511)...[0m
[1;94m[*] [0mFuzzing test case #853 (959 total, 0 uniq crashes found, perf_score=345, exec_us=336, hits=80, map=281)...[0m
[1;94m[*] [0mFuzzing test case #877 (959 total, 0 uniq crashes found, perf_score=1380, exec_us=351, hits=2, map=320)...[0m
[1;94m[*] [0mFuzzing test case #236 (959 total, 0 uniq crashes found, perf_score=345, exec_us=527, hits=3, map=218)...[0m
[1;94m[*] [0mFuzzing test case #740 (959 total, 0 uniq crashes found, perf_score=229, exec_us=378, hits=451, map=276)...[0m
[1;94m[*] [0mFuzzing test case #287 (959 total, 0 uniq crashes found, perf_score=114, exec_us=338, hits=1536, map=511)...[0m
[1;94m[*] [0mFuzzing test case #514 (959 total, 0 uniq crashes found, perf_score=459, exec_us=398, hits=23, map=308)...[0m
[1;94m[*] [0mFuzzing test case #287 (959 total, 0 uniq crashes found, perf_score=114, exec_us=338, hits=1549, map=511)...[0m
[1;94m[*] [0mFuzzing test case #287 (959 total, 0 uniq crashes found, perf_score=114, exec_us=338, hits=1567, map=511)...[0m
[1;94m[*] [0mFuzzing test case #853 (959 total, 0 uniq crashes found, perf_score=345, exec_us=336, hits=80, map=281)...[0m
[1;94m[*] [0mFuzzing test case #921 (959 total, 0 uniq crashes found, perf_score=919, exec_us=349, hits=2, map=276)...[0m
[1;94m[*] [0mFuzzing test case #287 (959 total, 0 uniq crashes found, perf_score=114, exec_us=338, hits=1578, map=511)...[0m
[1;94m[*] [0mFuzzing test case #664 (959 total, 0 uniq crashes found, perf_score=229, exec_us=348, hits=261, map=519)...[0m
[1;94m[*] [0mFuzzing test case #952 (960 total, 0 uniq crashes found, perf_score=1380, exec_us=467, hits=3, map=288)...[0m
[1;94m[*] [0mFuzzing test case #853 (965 total, 0 uniq crashes found, perf_score=345, exec_us=336, hits=80, map=281)...[0m
[1;94m[*] [0mFuzzing test case #664 (965 total, 0 uniq crashes found, perf_score=229, exec_us=348, hits=269, map=519)...[0m
[1;94m[*] [0mFuzzing test case #961 (965 total, 0 uniq crashes found, perf_score=300, exec_us=328, hits=1, map=290)...[0m
[1;94m[*] [0mFuzzing test case #853 (965 total, 0 uniq crashes found, perf_score=345, exec_us=336, hits=80, map=281)...[0m
[1;94m[*] [0mFuzzing test case #198 (965 total, 0 uniq crashes found, perf_score=114, exec_us=334, hits=131, map=521)...[0m
[1;94m[*] [0mFuzzing test case #287 (965 total, 0 uniq crashes found, perf_score=114, exec_us=338, hits=1593, map=511)...[0m
[1;94m[*] [0mFuzzing test case #853 (965 total, 0 uniq crashes found, perf_score=345, exec_us=336, hits=80, map=281)...[0m
[1;94m[*] [0mFuzzing test case #853 (965 total, 0 uniq crashes found, perf_score=345, exec_us=336, hits=80, map=281)...[0m
[1;94m[*] [0mFuzzing test case #287 (965 total, 0 uniq crashes found, perf_score=114, exec_us=338, hits=1610, map=511)...[0m
[1;94m[*] [0mFuzzing test case #853 (965 total, 0 uniq crashes found, perf_score=345, exec_us=336, hits=80, map=281)...[0m
[1;94m[*] [0mFuzzing test case #3 (965 total, 0 uniq crashes found, perf_score=400, exec_us=417, hits=0, map=479)...[0m
[1;94m[*] [0mFuzzing test case #29 (965 total, 0 uniq crashes found, perf_score=114, exec_us=384, hits=1076, map=305)...[0m
[1;94m[*] [0mFuzzing test case #822 (965 total, 0 uniq crashes found, perf_score=345, exec_us=336, hits=610, map=274)...[0m
[1;94m[*] [0mFuzzing test case #853 (965 total, 0 uniq crashes found, perf_score=345, exec_us=336, hits=80, map=281)...[0m
[1;94m[*] [0mFuzzing test case #398 (965 total, 0 uniq crashes found, perf_score=345, exec_us=334, hits=4, map=335)...[0m
[1;94m[*] [0mFuzzing test case #853 (965 total, 0 uniq crashes found, perf_score=345, exec_us=336, hits=81, map=281)...[0m
[1;94m[*] [0mFuzzing test case #853 (965 total, 0 uniq crashes found, perf_score=345, exec_us=336, hits=81, map=281)...[0m
[1;94m[*] [0mFuzzing test case #853 (965 total, 0 uniq crashes found, perf_score=345, exec_us=336, hits=81, map=281)...[0m
[1;94m[*] [0mFuzzing test case #853 (965 total, 0 uniq crashes found, perf_score=345, exec_us=336, hits=81, map=281)...[0m
[1;94m[*] [0mFuzzing test case #664 (965 total, 0 uniq crashes found, perf_score=229, exec_us=348, hits=280, map=519)...[0m
[1;94m[*] [0mFuzzing test case #853 (966 total, 0 uniq crashes found, perf_score=345, exec_us=336, hits=81, map=281)...[0m
[1;94m[*] [0mFuzzing test case #287 (966 total, 0 uniq crashes found, perf_score=114, exec_us=338, hits=1619, map=511)...[0m
[1;94m[*] [0mFuzzing test case #285 (966 total, 0 uniq crashes found, perf_score=345, exec_us=321, hits=6, map=272)...[0m
[1;94m[*] [0mFuzzing test case #626 (966 total, 0 uniq crashes found, perf_score=114, exec_us=330, hits=104, map=505)...[0m
[1;94m[*] [0mFuzzing test case #769 (966 total, 0 uniq crashes found, perf_score=919, exec_us=334, hits=2, map=280)...[0m
[1;94m[*] [0mFuzzing test case #853 (966 total, 0 uniq crashes found, perf_score=345, exec_us=336, hits=82, map=281)...[0m
[1;94m[*] [0mFuzzing test case #853 (966 total, 0 uniq crashes found, perf_score=345, exec_us=336, hits=82, map=281)...[0m
[1;94m[*] [0mFuzzing test case #287 (966 total, 0 uniq crashes found, perf_score=114, exec_us=338, hits=1633, map=511)...[0m
[1;94m[*] [0mFuzzing test case #287 (966 total, 0 uniq crashes found, perf_score=114, exec_us=338, hits=1644, map=511)...[0m
[1;94m[*] [0mFuzzing test case #287 (966 total, 0 uniq crashes found, perf_score=114, exec_us=338, hits=1659, map=511)...[0m
[1;94m[*] [0mFuzzing test case #803 (966 total, 0 uniq crashes found, perf_score=229, exec_us=384, hits=87, map=505)...[0m
[1;94m[*] [0mFuzzing test case #391 (966 total, 0 uniq crashes found, perf_score=345, exec_us=310, hits=9, map=312)...[0m
[1;94m[*] [0mFuzzing test case #263 (966 total, 0 uniq crashes found, perf_score=172, exec_us=358, hits=139, map=545)...[0m
[1;94m[*] [0mFuzzing test case #664 (966 total, 0 uniq crashes found, perf_score=229, exec_us=348, hits=283, map=519)...[0m
[1;94m[*] [0mFuzzing test case #853 (966 total, 0 uniq crashes found, perf_score=345, exec_us=336, hits=85, map=281)...[0m
[1;94m[*] [0mFuzzing test case #876 (966 total, 0 uniq crashes found, perf_score=345, exec_us=438, hits=138, map=312)...[0m
[1;94m[*] [0mFuzzing test case #287 (966 total, 0 uniq crashes found, perf_score=114, exec_us=338, hits=1674, map=511)...[0m
[1;94m[*] [0mFuzzing test case #664 (966 total, 0 uniq crashes found, perf_score=229, exec_us=348, hits=290, map=519)...[0m
[1;94m[*] [0mFuzzing test case #263 (966 total, 0 uniq crashes found, perf_score=172, exec_us=358, hits=148, map=545)...[0m
[1;94m[*] [0mFuzzing test case #769 (966 total, 0 uniq crashes found, perf_score=919, exec_us=334, hits=11, map=280)...[0m
[1;94m[*] [0mFuzzing test case #558 (966 total, 0 uniq crashes found, perf_score=100, exec_us=367, hits=3, map=523)...[0m
[1;94m[*] [0mFuzzing test case #449 (966 total, 0 uniq crashes found, perf_score=114, exec_us=472, hits=199, map=519)...[0m
[1;94m[*] [0mFuzzing test case #903 (966 total, 0 uniq crashes found, perf_score=459, exec_us=366, hits=16, map=512)...[0m
[1;94m[*] [0mFuzzing test case #287 (966 total, 0 uniq crashes found, perf_score=114, exec_us=338, hits=1687, map=511)...[0m
[1;94m[*] [0mFuzzing test case #287 (966 total, 0 uniq crashes found, perf_score=114, exec_us=338, hits=1695, map=511)...[0m
[1;94m[*] [0mFuzzing test case #287 (966 total, 0 uniq crashes found, perf_score=114, exec_us=338, hits=1707, map=511)...[0m
[1;94m[*] [0mFuzzing test case #853 (966 total, 0 uniq crashes found, perf_score=345, exec_us=336, hits=86, map=281)...[0m
[1;94m[*] [0mFuzzing test case #853 (966 total, 0 uniq crashes found, perf_score=345, exec_us=336, hits=86, map=281)...[0m
[1;94m[*] [0mFuzzing test case #694 (966 total, 0 uniq crashes found, perf_score=229, exec_us=331, hits=164, map=294)...[0m
[1;94m[*] [0mFuzzing test case #29 (966 total, 0 uniq crashes found, perf_score=114, exec_us=384, hits=1140, map=305)...[0m
[1;94m[*] [0mFuzzing test case #263 (966 total, 0 uniq crashes found, perf_score=172, exec_us=358, hits=159, map=545)...[0m
[1;94m[*] [0mFuzzing test case #123 (966 total, 0 uniq crashes found, perf_score=86, exec_us=486, hits=139, map=219)...[0m
[1;94m[*] [0mFuzzing test case #853 (966 total, 0 uniq crashes found, perf_score=345, exec_us=336, hits=87, map=281)...[0m
[1;94m[*] [0mFuzzing test case #741 (966 total, 0 uniq crashes found, perf_score=229, exec_us=402, hits=284, map=301)...[0m
[1;94m[*] [0mFuzzing test case #287 (966 total, 0 uniq crashes found, perf_score=114, exec_us=338, hits=1717, map=511)...[0m
[1;94m[*] [0mFuzzing test case #358 (966 total, 0 uniq crashes found, perf_score=172, exec_us=350, hits=191, map=534)...[0m
[1;94m[*] [0mFuzzing test case #168 (966 total, 0 uniq crashes found, perf_score=114, exec_us=411, hits=141, map=303)...[0m
[1;94m[*] [0mFuzzing test case #698 (966 total, 0 uniq crashes found, perf_score=229, exec_us=386, hits=270, map=270)...[0m
[1;94m[*] [0mFuzzing test case #287 (966 total, 0 uniq crashes found, perf_score=114, exec_us=338, hits=1728, map=511)...[0m
[1;94m[*] [0mFuzzing test case #853 (966 total, 0 uniq crashes found, perf_score=345, exec_us=336, hits=87, map=281)...[0m
[1;94m[*] [0mFuzzing test case #589 (966 total, 0 uniq crashes found, perf_score=229, exec_us=411, hits=52, map=470)...[0m
[1;94m[*] [0mFuzzing test case #288 (967 total, 0 uniq crashes found, perf_score=172, exec_us=361, hits=134, map=541)...[0m
[1;94m[*] [0mFuzzing test case #288 (967 total, 0 uniq crashes found, perf_score=172, exec_us=361, hits=146, map=541)...[0m
[1;94m[*] [0mFuzzing test case #391 (967 total, 0 uniq crashes found, perf_score=345, exec_us=310, hits=11, map=312)...[0m
[1;94m[*] [0mFuzzing test case #287 (967 total, 0 uniq crashes found, perf_score=114, exec_us=338, hits=1748, map=511)...[0m
[1;94m[*] [0mFuzzing test case #417 (967 total, 0 uniq crashes found, perf_score=229, exec_us=432, hits=157, map=290)...[0m
[1;94m[*] [0mFuzzing test case #288 (967 total, 0 uniq crashes found, perf_score=172, exec_us=361, hits=166, map=541)...[0m
[1;94m[*] [0mFuzzing test case #287 (967 total, 0 uniq crashes found, perf_score=114, exec_us=338, hits=1755, map=511)...[0m
[1;94m[*] [0mFuzzing test case #626 (967 total, 0 uniq crashes found, perf_score=114, exec_us=330, hits=119, map=505)...[0m
[1;94m[*] [0mFuzzing test case #287 (967 total, 0 uniq crashes found, perf_score=114, exec_us=338, hits=1771, map=511)...[0m
[1;94m[*] [0mFuzzing test case #287 (967 total, 0 uniq crashes found, perf_score=114, exec_us=338, hits=1785, map=511)...[0m
[1;94m[*] [0mFuzzing test case #287 (967 total, 0 uniq crashes found, perf_score=114, exec_us=338, hits=1794, map=511)...[0m
[1;94m[*] [0mFuzzing test case #769 (967 total, 0 uniq crashes found, perf_score=459, exec_us=334, hits=18, map=280)...[0m
[1;94m[*] [0mFuzzing test case #664 (967 total, 0 uniq crashes found, perf_score=229, exec_us=348, hits=293, map=519)...[0m
[1;94m[*] [0mFuzzing test case #426 (967 total, 0 uniq crashes found, perf_score=114, exec_us=356, hits=329, map=478)...[0m
[1;94m[*] [0mFuzzing test case #664 (967 total, 0 uniq crashes found, perf_score=229, exec_us=348, hits=301, map=519)...[0m
[1;94m[*] [0mFuzzing test case #769 (967 total, 0 uniq crashes found, perf_score=459, exec_us=334, hits=22, map=280)...[0m
[1;94m[*] [0mFuzzing test case #417 (967 total, 0 uniq crashes found, perf_score=229, exec_us=432, hits=280, map=290)...[0m
[1;94m[*] [0mFuzzing test case #721 (967 total, 0 uniq crashes found, perf_score=229, exec_us=387, hits=179, map=268)...[0m
[1;94m[*] [0mFuzzing test case #664 (967 total, 0 uniq crashes found, perf_score=229, exec_us=348, hits=305, map=519)...[0m
[1;94m[*] [0mFuzzing test case #664 (967 total, 0 uniq crashes found, perf_score=229, exec_us=348, hits=310, map=519)...[0m
[1;94m[*] [0mFuzzing test case #779 (967 total, 0 uniq crashes found, perf_score=258, exec_us=622, hits=418, map=313)...[0m
[1;94m[*] [0mFuzzing test case #288 (967 total, 0 uniq crashes found, perf_score=172, exec_us=361, hits=177, map=541)...[0m
[1;94m[*] [0mFuzzing test case #457 (967 total, 0 uniq crashes found, perf_score=114, exec_us=490, hits=80, map=516)...[0m
[1;94m[*] [0mFuzzing test case #853 (967 total, 0 uniq crashes found, perf_score=345, exec_us=336, hits=87, map=281)...[0m
[1;94m[*] [0mFuzzing test case #664 (967 total, 0 uniq crashes found, perf_score=229, exec_us=348, hits=315, map=519)...[0m
[1;94m[*] [0mFuzzing test case #761 (967 total, 0 uniq crashes found, perf_score=229, exec_us=528, hits=188, map=289)...[0m
[1;94m[*] [0mFuzzing test case #263 (967 total, 0 uniq crashes found, perf_score=172, exec_us=358, hits=171, map=545)...[0m
[1;94m[*] [0mFuzzing test case #306 (967 total, 0 uniq crashes found, perf_score=459, exec_us=348, hits=1, map=325)...[0m
[1;94m[*] [0mFuzzing test case #853 (967 total, 0 uniq crashes found, perf_score=345, exec_us=336, hits=88, map=281)...[0m
[1;94m[*] [0mFuzzing test case #786 (968 total, 0 uniq crashes found, perf_score=690, exec_us=351, hits=10, map=493)...[0m
[1;94m[*] [0mFuzzing test case #463 (968 total, 0 uniq crashes found, perf_score=114, exec_us=454, hits=176, map=518)...[0m
[1;94m[*] [0mFuzzing test case #853 (968 total, 0 uniq crashes found, perf_score=345, exec_us=336, hits=88, map=281)...[0m
[1;94m[*] [0mFuzzing test case #198 (968 total, 0 uniq crashes found, perf_score=114, exec_us=334, hits=135, map=521)...[0m
[1;94m[*] [0mFuzzing test case #853 (968 total, 0 uniq crashes found, perf_score=345, exec_us=336, hits=88, map=281)...[0m
[1;94m[*] [0mFuzzing test case #664 (968 total, 0 uniq crashes found, perf_score=229, exec_us=348, hits=321, map=519)...[0m
[1;94m[*] [0mFuzzing test case #287 (968 total, 0 uniq crashes found, perf_score=114, exec_us=338, hits=1806, map=511)...[0m
[1;94m[*] [0mFuzzing test case #664 (968 total, 0 uniq crashes found, perf_score=229, exec_us=348, hits=330, map=519)...[0m
[1;94m[*] [0mFuzzing test case #514 (968 total, 0 uniq crashes found, perf_score=459, exec_us=398, hits=24, map=308)...[0m
[1;94m[*] [0mFuzzing test case #287 (968 total, 0 uniq crashes found, perf_score=114, exec_us=338, hits=1816, map=511)...[0m
[1;94m[*] [0mFuzzing test case #853 (968 total, 0 uniq crashes found, perf_score=345, exec_us=336, hits=89, map=281)...[0m
[1;94m[*] [0mFuzzing test case #404 (968 total, 0 uniq crashes found, perf_score=114, exec_us=378, hits=175, map=341)...[0m
[1;94m[*] [0mFuzzing test case #391 (968 total, 0 uniq crashes found, perf_score=345, exec_us=310, hits=13, map=312)...[0m
[1;94m[*] [0mFuzzing test case #763 (968 total, 0 uniq crashes found, perf_score=229, exec_us=334, hits=422, map=476)...[0m
[1;94m[*] [0mFuzzing test case #29 (968 total, 0 uniq crashes found, perf_score=114, exec_us=384, hits=1201, map=305)...[0m
[1;94m[*] [0mFuzzing test case #763 (968 total, 0 uniq crashes found, perf_score=229, exec_us=334, hits=481, map=476)...[0m
[1;94m[*] [0mFuzzing test case #287 (968 total, 0 uniq crashes found, perf_score=114, exec_us=338, hits=1831, map=511)...[0m
[1;94m[*] [0mFuzzing test case #25 (968 total, 0 uniq crashes found, perf_score=114, exec_us=464, hits=411, map=424)...[0m
[1;94m[*] [0mFuzzing test case #287 (968 total, 0 uniq crashes found, perf_score=114, exec_us=338, hits=1841, map=511)...[0m
[1;94m[*] [0mFuzzing test case #57 (968 total, 0 uniq crashes found, perf_score=114, exec_us=403, hits=74, map=511)...[0m
[1;94m[*] [0mFuzzing test case #391 (968 total, 0 uniq crashes found, perf_score=345, exec_us=310, hits=16, map=312)...[0m
[1;94m[*] [0mFuzzing test case #806 (968 total, 0 uniq crashes found, perf_score=193, exec_us=590, hits=87, map=254)...[0m
[1;94m[*] [0mFuzzing test case #100 (968 total, 0 uniq crashes found, perf_score=114, exec_us=424, hits=991, map=369)...[0m
[1;94m[*] [0mFuzzing test case #198 (968 total, 0 uniq crashes found, perf_score=114, exec_us=334, hits=138, map=521)...[0m
[1;94m[*] [0mFuzzing test case #853 (968 total, 0 uniq crashes found, perf_score=345, exec_us=336, hits=90, map=281)...[0m
[1;94m[*] [0mFuzzing test case #287 (968 total, 0 uniq crashes found, perf_score=114, exec_us=338, hits=1856, map=511)...[0m
[1;94m[*] [0mFuzzing test case #391 (968 total, 0 uniq crashes found, perf_score=345, exec_us=310, hits=19, map=312)...[0m
[1;94m[*] [0mFuzzing test case #370 (968 total, 0 uniq crashes found, perf_score=172, exec_us=384, hits=105, map=545)...[0m
[1;94m[*] [0mFuzzing test case #53 (968 total, 0 uniq crashes found, perf_score=86, exec_us=352, hits=1862, map=244)...[0m
[1;94m[*] [0mFuzzing test case #514 (968 total, 0 uniq crashes found, perf_score=459, exec_us=398, hits=58, map=308)...[0m
[1;94m[*] [0mFuzzing test case #853 (968 total, 0 uniq crashes found, perf_score=345, exec_us=336, hits=91, map=281)...[0m
[1;94m[*] [0mFuzzing test case #287 (968 total, 0 uniq crashes found, perf_score=114, exec_us=338, hits=1863, map=511)...[0m
[1;94m[*] [0mFuzzing test case #763 (968 total, 0 uniq crashes found, perf_score=229, exec_us=334, hits=530, map=476)...[0m
[1;94m[*] [0mFuzzing test case #740 (968 total, 0 uniq crashes found, perf_score=229, exec_us=378, hits=518, map=276)...[0m
[1;94m[*] [0mFuzzing test case #854 (968 total, 0 uniq crashes found, perf_score=345, exec_us=327, hits=279, map=280)...[0m
[1;94m[*] [0mFuzzing test case #11 (969 total, 0 uniq crashes found, perf_score=114, exec_us=330, hits=370, map=517)...[0m
[1;94m[*] [0mFuzzing test case #287 (969 total, 0 uniq crashes found, perf_score=114, exec_us=338, hits=1876, map=511)...[0m
[1;94m[*] [0mFuzzing test case #853 (969 total, 0 uniq crashes found, perf_score=345, exec_us=336, hits=91, map=281)...[0m
[1;94m[*] [0mFuzzing test case #589 (969 total, 0 uniq crashes found, perf_score=229, exec_us=411, hits=82, map=470)...[0m
[1;94m[*] [0mFuzzing test case #29 (969 total, 0 uniq crashes found, perf_score=114, exec_us=384, hits=1255, map=305)...[0m
[1;94m[*] [0mFuzzing test case #53 (969 total, 0 uniq crashes found, perf_score=86, exec_us=352, hits=1919, map=244)...[0m
[1;94m[*] [0mFuzzing test case #287 (969 total, 0 uniq crashes found, perf_score=114, exec_us=338, hits=1891, map=511)...[0m
[1;94m[*] [0mFuzzing test case #287 (969 total, 0 uniq crashes found, perf_score=114, exec_us=338, hits=1909, map=511)...[0m
[1;94m[*] [0mFuzzing test case #853 (969 total, 0 uniq crashes found, perf_score=345, exec_us=336, hits=91, map=281)...[0m
[1;94m[*] [0mFuzzing test case #853 (969 total, 0 uniq crashes found, perf_score=345, exec_us=336, hits=93, map=281)...[0m
[1;94m[*] [0mFuzzing test case #287 (969 total, 0 uniq crashes found, perf_score=114, exec_us=338, hits=1923, map=511)...[0m
[1;94m[*] [0mFuzzing test case #287 (969 total, 0 uniq crashes found, perf_score=114, exec_us=338, hits=1940, map=511)...[0m
[1;94m[*] [0mFuzzing test case #120 (969 total, 0 uniq crashes found, perf_score=86, exec_us=503, hits=65, map=220)...[0m
[1;94m[*] [0mFuzzing test case #853 (969 total, 0 uniq crashes found, perf_score=345, exec_us=336, hits=93, map=281)...[0m
[1;94m[*] [0mFuzzing test case #391 (969 total, 0 uniq crashes found, perf_score=229, exec_us=310, hits=23, map=312)...[0m
[1;94m[*] [0mFuzzing test case #29 (969 total, 0 uniq crashes found, perf_score=114, exec_us=384, hits=1310, map=305)...[0m
[1;94m[*] [0mFuzzing test case #287 (969 total, 0 uniq crashes found, perf_score=114, exec_us=338, hits=1955, map=511)...[0m
[1;94m[*] [0mFuzzing test case #211 (969 total, 0 uniq crashes found, perf_score=345, exec_us=526, hits=2, map=218)...[0m
[1;94m[*] [0mFuzzing test case #641 (969 total, 0 uniq crashes found, perf_score=114, exec_us=371, hits=76, map=272)...[0m
[1;94m[*] [0mFuzzing test case #917 (969 total, 0 uniq crashes found, perf_score=1380, exec_us=455, hits=1, map=268)...[0m
[1;94m[*] [0mFuzzing test case #287 (969 total, 0 uniq crashes found, perf_score=114, exec_us=338, hits=1961, map=511)...[0m
[1;94m[*] [0mFuzzing test case #514 (969 total, 0 uniq crashes found, perf_score=229, exec_us=398, hits=59, map=308)...[0m
[1;94m[*] [0mFuzzing test case #321 (969 total, 0 uniq crashes found, perf_score=459, exec_us=338, hits=1, map=284)...[0m
[1;94m[*] [0mFuzzing test case #694 (969 total, 0 uniq crashes found, perf_score=229, exec_us=331, hits=253, map=294)...[0m
[1;94m[*] [0mFuzzing test case #741 (969 total, 0 uniq crashes found, perf_score=229, exec_us=402, hits=337, map=301)...[0m
[1;94m[*] [0mFuzzing test case #853 (969 total, 0 uniq crashes found, perf_score=345, exec_us=336, hits=95, map=281)...[0m
[1;94m[*] [0mFuzzing test case #698 (969 total, 0 uniq crashes found, perf_score=229, exec_us=386, hits=349, map=270)...[0m
[1;94m[*] [0mFuzzing test case #840 (969 total, 0 uniq crashes found, perf_score=345, exec_us=338, hits=125, map=279)...[0m
[1;94m[*] [0mFuzzing test case #853 (969 total, 0 uniq crashes found, perf_score=345, exec_us=336, hits=95, map=281)...[0m
[1;94m[*] [0mFuzzing test case #239 (969 total, 0 uniq crashes found, perf_score=86, exec_us=466, hits=60, map=226)...[0m
[1;94m[*] [0mFuzzing test case #287 (969 total, 0 uniq crashes found, perf_score=114, exec_us=338, hits=1976, map=511)...[0m
[1;94m[*] [0mFuzzing test case #740 (969 total, 0 uniq crashes found, perf_score=229, exec_us=378, hits=592, map=276)...[0m
[1;94m[*] [0mFuzzing test case #159 (969 total, 0 uniq crashes found, perf_score=258, exec_us=342, hits=13, map=218)...[0m
[1;94m[*] [0mFuzzing test case #287 (969 total, 0 uniq crashes found, perf_score=114, exec_us=338, hits=1992, map=511)...[0m
[1;94m[*] [0mFuzzing test case #514 (969 total, 0 uniq crashes found, perf_score=229, exec_us=398, hits=59, map=308)...[0m
[1;94m[*] [0mFuzzing test case #853 (969 total, 0 uniq crashes found, perf_score=345, exec_us=336, hits=95, map=281)...[0m
[1;94m[*] [0mFuzzing test case #380 (969 total, 0 uniq crashes found, perf_score=459, exec_us=393, hits=3, map=328)...[0m
[1;94m[*] [0mFuzzing test case #853 (969 total, 0 uniq crashes found, perf_score=345, exec_us=336, hits=95, map=281)...[0m
[1;94m[*] [0mFuzzing test case #47 (969 total, 0 uniq crashes found, perf_score=86, exec_us=406, hits=1966, map=214)...[0m
[1;94m[*] [0mFuzzing test case #853 (969 total, 0 uniq crashes found, perf_score=345, exec_us=336, hits=95, map=281)...[0m
[1;94m[*] [0mFuzzing test case #698 (969 total, 0 uniq crashes found, perf_score=229, exec_us=386, hits=430, map=270)...[0m
[1;94m[*] [0mEntering queue cycle 2.[0m
[1;94m[*] [0mFuzzing test case #721 (969 total, 0 uniq crashes found, perf_score=229, exec_us=387, hits=245, map=268)...[0m
[1;94m[*] [0mFuzzing test case #675 (969 total, 0 uniq crashes found, perf_score=229, exec_us=390, hits=164, map=434)...[0m
[1;94m[*] [0mFuzzing test case #640 (969 total, 0 uniq crashes found, perf_score=1380, exec_us=333, hits=1, map=307)...[0m
[1;94m[*] [0mFuzzing test case #713 (970 total, 0 uniq crashes found, perf_score=300, exec_us=362, hits=1, map=308)...[0m
[1;94m[*] [0mFuzzing test case #287 (970 total, 0 uniq crashes found, perf_score=114, exec_us=338, hits=2002, map=511)...[0m
[1;94m[*] [0mFuzzing test case #529 (970 total, 0 uniq crashes found, perf_score=229, exec_us=414, hits=325, map=305)...[0m
[1;94m[*] [0mFuzzing test case #287 (970 total, 0 uniq crashes found, perf_score=114, exec_us=338, hits=2018, map=511)...[0m
[1;94m[*] [0mFuzzing test case #853 (970 total, 0 uniq crashes found, perf_score=345, exec_us=336, hits=97, map=281)...[0m
[1;94m[*] [0mFuzzing test case #287 (970 total, 0 uniq crashes found, perf_score=114, exec_us=338, hits=2031, map=511)...[0m
[1;94m[*] [0mFuzzing test case #287 (970 total, 0 uniq crashes found, perf_score=114, exec_us=338, hits=2048, map=511)...[0m
[1;94m[*] [0mFuzzing test case #786 (970 total, 0 uniq crashes found, perf_score=690, exec_us=351, hits=12, map=493)...[0m
[1;94m[*] [0mFuzzing test case #641 (970 total, 0 uniq crashes found, perf_score=114, exec_us=371, hits=83, map=272)...[0m
[1;94m[*] [0mFuzzing test case #853 (970 total, 0 uniq crashes found, perf_score=345, exec_us=336, hits=97, map=281)...[0m
[1;94m[*] [0mFuzzing test case #853 (970 total, 0 uniq crashes found, perf_score=345, exec_us=336, hits=97, map=281)...[0m
[1;94m[*] [0mFuzzing test case #903 (970 total, 0 uniq crashes found, perf_score=459, exec_us=366, hits=18, map=512)...[0m
[1;94m[*] [0mFuzzing test case #287 (970 total, 0 uniq crashes found, perf_score=114, exec_us=338, hits=2057, map=511)...[0m
[1;94m[*] [0mFuzzing test case #287 (970 total, 0 uniq crashes found, perf_score=114, exec_us=338, hits=2065, map=511)...[0m
[1;94m[*] [0mFuzzing test case #287 (970 total, 0 uniq crashes found, perf_score=114, exec_us=338, hits=2086, map=511)...[0m
[1;94m[*] [0mFuzzing test case #664 (970 total, 0 uniq crashes found, perf_score=229, exec_us=348, hits=342, map=519)...[0m
[1;94m[*] [0mFuzzing test case #287 (970 total, 0 uniq crashes found, perf_score=114, exec_us=338, hits=2101, map=511)...[0m
[1;94m[*] [0mFuzzing test case #198 (970 total, 0 uniq crashes found, perf_score=114, exec_us=334, hits=141, map=521)...[0m
[1;94m[*] [0mFuzzing test case #45 (970 total, 0 uniq crashes found, perf_score=100, exec_us=414, hits=100, map=474)...[0m
[1;94m[*] [0mFuzzing test case #287 (970 total, 0 uniq crashes found, perf_score=114, exec_us=338, hits=2112, map=511)...[0m
[1;94m[*] [0mFuzzing test case #287 (970 total, 0 uniq crashes found, perf_score=114, exec_us=338, hits=2123, map=511)...[0m
[1;94m[*] [0mFuzzing test case #769 (970 total, 0 uniq crashes found, perf_score=459, exec_us=334, hits=24, map=280)...[0m
[1;94m[*] [0mFuzzing test case #664 (970 total, 0 uniq crashes found, perf_score=229, exec_us=348, hits=344, map=519)...[0m
[1;94m[*] [0mFuzzing test case #287 (970 total, 0 uniq crashes found, perf_score=114, exec_us=338, hits=2135, map=511)...[0m
[1;94m[*] [0mFuzzing test case #853 (970 total, 0 uniq crashes found, perf_score=345, exec_us=336, hits=99, map=281)...[0m
[1;94m[*] [0mFuzzing test case #807 (970 total, 0 uniq crashes found, perf_score=229, exec_us=420, hits=184, map=268)...[0m
[1;94m[*] [0mFuzzing test case #786 (970 total, 0 uniq crashes found, perf_score=690, exec_us=351, hits=13, map=493)...[0m
[1;94m[*] [0mFuzzing test case #853 (970 total, 0 uniq crashes found, perf_score=345, exec_us=336, hits=99, map=281)...[0m
[1;94m[*] [0mFuzzing test case #263 (970 total, 0 uniq crashes found, perf_score=172, exec_us=358, hits=178, map=545)...[0m
[1;94m[*] [0mFuzzing test case #741 (970 total, 0 uniq crashes found, perf_score=229, exec_us=402, hits=410, map=301)...[0m
[1;94m[*] [0mFuzzing test case #310 (970 total, 0 uniq crashes found, perf_score=114, exec_us=338, hits=58, map=280)...[0m
[1;94m[*] [0mFuzzing test case #391 (970 total, 0 uniq crashes found, perf_score=229, exec_us=310, hits=23, map=312)...[0m
[1;94m[*] [0mFuzzing test case #678 (970 total, 0 uniq crashes found, perf_score=690, exec_us=463, hits=1, map=254)...[0m
[1;94m[*] [0mFuzzing test case #287 (971 total, 0 uniq crashes found, perf_score=114, exec_us=338, hits=2145, map=511)...[0m
[1;94m[*] [0mFuzzing test case #811 (971 total, 0 uniq crashes found, perf_score=345, exec_us=353, hits=462, map=312)...[0m
[1;94m[*] [0mFuzzing test case #679 (971 total, 0 uniq crashes found, perf_score=229, exec_us=456, hits=222, map=327)...[0m
[1;94m[*] [0mFuzzing test case #853 (971 total, 0 uniq crashes found, perf_score=345, exec_us=336, hits=100, map=281)...[0m
[1;94m[*] [0mFuzzing test case #664 (971 total, 0 uniq crashes found, perf_score=229, exec_us=348, hits=355, map=519)...[0m
[1;94m[*] [0mFuzzing test case #939 (971 total, 0 uniq crashes found, perf_score=229, exec_us=400, hits=85, map=274)...[0m
[1;94m[*] [0mFuzzing test case #263 (971 total, 0 uniq crashes found, perf_score=172, exec_us=358, hits=190, map=545)...[0m
[1;94m[*] [0mFuzzing test case #198 (971 total, 0 uniq crashes found, perf_score=114, exec_us=334, hits=144, map=521)...[0m
[1;94m[*] [0mFuzzing test case #25 (971 total, 0 uniq crashes found, perf_score=114, exec_us=464, hits=463, map=424)...[0m
[1;94m[*] [0mFuzzing test case #853 (971 total, 0 uniq crashes found, perf_score=345, exec_us=336, hits=101, map=281)...[0m
[1;94m[*] [0mFuzzing test case #287 (971 total, 0 uniq crashes found, perf_score=114, exec_us=338, hits=2156, map=511)...[0m
[1;94m[*] [0mFuzzing test case #853 (971 total, 0 uniq crashes found, perf_score=345, exec_us=336, hits=101, map=281)...[0m
[1;94m[*] [0mFuzzing test case #287 (971 total, 0 uniq crashes found, perf_score=114, exec_us=338, hits=2167, map=511)...[0m
[1;94m[*] [0mFuzzing test case #449 (971 total, 0 uniq crashes found, perf_score=114, exec_us=472, hits=210, map=519)...[0m
[1;94m[*] [0mFuzzing test case #58 (971 total, 0 uniq crashes found, perf_score=114, exec_us=418, hits=189, map=512)...[0m
[1;94m[*] [0mFuzzing test case #853 (971 total, 0 uniq crashes found, perf_score=345, exec_us=336, hits=102, map=281)...[0m
[1;94m[*] [0mFuzzing test case #853 (971 total, 0 uniq crashes found, perf_score=345, exec_us=336, hits=102, map=281)...[0m
[1;94m[*] [0mFuzzing test case #931 (971 total, 0 uniq crashes found, perf_score=919, exec_us=356, hits=1, map=278)...[0m
[1;94m[*] [0mFuzzing test case #921 (971 total, 0 uniq crashes found, perf_score=690, exec_us=349, hits=5, map=276)...[0m
[1;94m[*] [0mFuzzing test case #664 (971 total, 0 uniq crashes found, perf_score=229, exec_us=348, hits=361, map=519)...[0m
[1;94m[*] [0mFuzzing test case #263 (971 total, 0 uniq crashes found, perf_score=172, exec_us=358, hits=198, map=545)...[0m
[1;94m[*] [0mFuzzing test case #781 (971 total, 0 uniq crashes found, perf_score=345, exec_us=349, hits=282, map=313)...[0m
[1;94m[*] [0mFuzzing test case #316 (971 total, 0 uniq crashes found, perf_score=258, exec_us=363, hits=4, map=258)...[0m
[1;94m[*] [0mFuzzing test case #287 (971 total, 0 uniq crashes found, perf_score=114, exec_us=338, hits=2178, map=511)...[0m
[1;94m[*] [0mFuzzing test case #201 (971 total, 0 uniq crashes found, perf_score=28, exec_us=288, hits=1303, map=74)...[0m
[1;94m[*] [0mFuzzing test case #688 (971 total, 0 uniq crashes found, perf_score=229, exec_us=337, hits=490, map=303)...[0m
[1;94m[*] [0mFuzzing test case #853 (971 total, 0 uniq crashes found, perf_score=345, exec_us=336, hits=102, map=281)...[0m
[1;94m[*] [0mFuzzing test case #306 (971 total, 0 uniq crashes found, perf_score=459, exec_us=348, hits=1, map=325)...[0m
[1;94m[*] [0mFuzzing test case #853 (971 total, 0 uniq crashes found, perf_score=345, exec_us=336, hits=102, map=281)...[0m
[1;94m[*] [0mFuzzing test case #198 (971 total, 0 uniq crashes found, perf_score=114, exec_us=334, hits=148, map=521)...[0m
[1;94m[*] [0mFuzzing test case #853 (971 total, 0 uniq crashes found, perf_score=345, exec_us=336, hits=104, map=281)...[0m
[1;94m[*] [0mFuzzing test case #61 (971 total, 0 uniq crashes found, perf_score=459, exec_us=480, hits=1, map=423)...[0m
[1;94m[*] [0mFuzzing test case #316 (971 total, 0 uniq crashes found, perf_score=258, exec_us=363, hits=6, map=258)...[0m
[1;94m[*] [0mFuzzing test case #853 (971 total, 0 uniq crashes found, perf_score=345, exec_us=336, hits=104, map=281)...[0m
[1;94m[*] [0mFuzzing test case #853 (971 total, 0 uniq crashes found, perf_score=345, exec_us=336, hits=105, map=281)...[0m
[1;94m[*] [0mFuzzing test case #287 (971 total, 0 uniq crashes found, perf_score=114, exec_us=338, hits=2201, map=511)...[0m
[1;94m[*] [0mFuzzing test case #287 (971 total, 0 uniq crashes found, perf_score=114, exec_us=338, hits=2214, map=511)...[0m
[1;94m[*] [0mFuzzing test case #853 (971 total, 0 uniq crashes found, perf_score=345, exec_us=336, hits=105, map=281)...[0m
[1;94m[*] [0mFuzzing test case #287 (971 total, 0 uniq crashes found, perf_score=114, exec_us=338, hits=2228, map=511)...[0m
[1;94m[*] [0mFuzzing test case #853 (971 total, 0 uniq crashes found, perf_score=345, exec_us=336, hits=105, map=281)...[0m
[1;94m[*] [0mFuzzing test case #287 (971 total, 0 uniq crashes found, perf_score=114, exec_us=338, hits=2244, map=511)...[0m
[1;94m[*] [0mFuzzing test case #461 (971 total, 0 uniq crashes found, perf_score=114, exec_us=478, hits=203, map=516)...[0m
[1;94m[*] [0mFuzzing test case #225 (971 total, 0 uniq crashes found, perf_score=100, exec_us=413, hits=1, map=499)...[0m
[1;94m[*] [0mFuzzing test case #287 (971 total, 0 uniq crashes found, perf_score=114, exec_us=338, hits=2262, map=511)...[0m
[1;94m[*] [0mFuzzing test case #287 (971 total, 0 uniq crashes found, perf_score=114, exec_us=338, hits=2273, map=511)...[0m
[1;94m[*] [0mFuzzing test case #287 (971 total, 0 uniq crashes found, perf_score=114, exec_us=338, hits=2280, map=511)...[0m
[1;94m[*] [0mFuzzing test case #263 (971 total, 0 uniq crashes found, perf_score=172, exec_us=358, hits=205, map=545)...[0m
[1;94m[*] [0mFuzzing test case #287 (971 total, 0 uniq crashes found, perf_score=114, exec_us=338, hits=2292, map=511)...[0m
[1;94m[*] [0mFuzzing test case #47 (971 total, 0 uniq crashes found, perf_score=86, exec_us=406, hits=2130, map=214)...[0m
[1;94m[*] [0mFuzzing test case #287 (971 total, 0 uniq crashes found, perf_score=114, exec_us=338, hits=2304, map=511)...[0m
[1;94m[*] [0mFuzzing test case #285 (971 total, 0 uniq crashes found, perf_score=345, exec_us=321, hits=7, map=272)...[0m
[1;94m[*] [0mFuzzing test case #430 (971 total, 0 uniq crashes found, perf_score=86, exec_us=359, hits=128, map=253)...[0m
[1;94m[*] [0mFuzzing test case #853 (971 total, 0 uniq crashes found, perf_score=345, exec_us=336, hits=105, map=281)...[0m
[1;94m[*] [0mFuzzing test case #287 (971 total, 0 uniq crashes found, perf_score=114, exec_us=338, hits=2311, map=511)...[0m
[1;94m[*] [0mFuzzing test case #664 (971 total, 0 uniq crashes found, perf_score=229, exec_us=348, hits=368, map=519)...[0m
[1;94m[*] [0mFuzzing test case #648 (971 total, 0 uniq crashes found, perf_score=229, exec_us=369, hits=448, map=415)...[0m
[1;94m[*] [0mFuzzing test case #853 (971 total, 0 uniq crashes found, perf_score=345, exec_us=336, hits=106, map=281)...[0m
[1;94m[*] [0mFuzzing test case #287 (971 total, 0 uniq crashes found, perf_score=114, exec_us=338, hits=2318, map=511)...[0m
[1;94m[*] [0mFuzzing test case #78 (971 total, 0 uniq crashes found, perf_score=258, exec_us=323, hits=11, map=232)...[0m
[1;94m[*] [0mFuzzing test case #287 (971 total, 0 uniq crashes found, perf_score=114, exec_us=338, hits=2330, map=511)...[0m
[1;94m[*] [0mFuzzing test case #287 (971 total, 0 uniq crashes found, perf_score=114, exec_us=338, hits=2340, map=511)...[0m
[1;94m[*] [0mFuzzing test case #287 (971 total, 0 uniq crashes found, perf_score=114, exec_us=338, hits=2353, map=511)...[0m
[1;94m[*] [0mFuzzing test case #383 (971 total, 0 uniq crashes found, perf_score=345, exec_us=358, hits=6, map=329)...[0m
[1;94m[*] [0mFuzzing test case #514 (971 total, 0 uniq crashes found, perf_score=229, exec_us=398, hits=59, map=308)...[0m
[1;94m[*] [0mFuzzing test case #287 (971 total, 0 uniq crashes found, perf_score=114, exec_us=338, hits=2364, map=511)...[0m
[1;94m[*] [0mFuzzing test case #853 (971 total, 0 uniq crashes found, perf_score=345, exec_us=336, hits=106, map=281)...[0m
[1;94m[*] [0mFuzzing test case #287 (971 total, 0 uniq crashes found, perf_score=114, exec_us=338, hits=2378, map=511)...[0m
[1;94m[*] [0mFuzzing test case #287 (971 total, 0 uniq crashes found, perf_score=114, exec_us=338, hits=2389, map=511)...[0m
[1;94m[*] [0mFuzzing test case #123 (971 total, 0 uniq crashes found, perf_score=86, exec_us=486, hits=216, map=219)...[0m
[1;94m[*] [0mFuzzing test case #664 (971 total, 0 uniq crashes found, perf_score=229, exec_us=348, hits=377, map=519)...[0m
[1;94m[*] [0mFuzzing test case #389 (971 total, 0 uniq crashes found, perf_score=459, exec_us=434, hits=1, map=276)...[0m
[1;94m[*] [0mFuzzing test case #853 (971 total, 0 uniq crashes found, perf_score=345, exec_us=336, hits=106, map=281)...[0m
[1;94m[*] [0mFuzzing test case #822 (971 total, 0 uniq crashes found, perf_score=345, exec_us=336, hits=741, map=274)...[0m
[1;94m[*] [0mFuzzing test case #459 (971 total, 0 uniq crashes found, perf_score=114, exec_us=498, hits=82, map=516)...[0m
[1;94m[*] [0mFuzzing test case #287 (971 total, 0 uniq crashes found, perf_score=114, exec_us=338, hits=2401, map=511)...[0m
[1;94m[*] [0mFuzzing test case #853 (971 total, 0 uniq crashes found, perf_score=345, exec_us=336, hits=109, map=281)...[0m
[1;94m[*] [0mFuzzing test case #740 (971 total, 0 uniq crashes found, perf_score=229, exec_us=378, hits=670, map=276)...[0m
[1;94m[*] [0mFuzzing test case #853 (971 total, 0 uniq crashes found, perf_score=345, exec_us=336, hits=109, map=281)...[0m
[1;94m[*] [0mFuzzing test case #853 (971 total, 0 uniq crashes found, perf_score=345, exec_us=336, hits=109, map=281)...[0m
[1;94m[*] [0mFuzzing test case #853 (971 total, 0 uniq crashes found, perf_score=345, exec_us=336, hits=109, map=281)...[0m
[1;94m[*] [0mFuzzing test case #438 (971 total, 0 uniq crashes found, perf_score=229, exec_us=371, hits=63, map=459)...[0m
[1;94m[*] [0mFuzzing test case #287 (971 total, 0 uniq crashes found, perf_score=114, exec_us=338, hits=2412, map=511)...[0m
[1;94m[*] [0mFuzzing test case #731 (971 total, 0 uniq crashes found, perf_score=229, exec_us=405, hits=163, map=465)...[0m
[1;94m[*] [0mFuzzing test case #853 (971 total, 0 uniq crashes found, perf_score=345, exec_us=336, hits=109, map=281)...[0m
[1;94m[*] [0mFuzzing test case #853 (972 total, 0 uniq crashes found, perf_score=345, exec_us=336, hits=109, map=281)...[0m
[1;94m[*] [0mFuzzing test case #763 (972 total, 0 uniq crashes found, perf_score=229, exec_us=334, hits=570, map=476)...[0m
[1;94m[*] [0mFuzzing test case #853 (972 total, 0 uniq crashes found, perf_score=345, exec_us=336, hits=109, map=281)...[0m
[1;94m[*] [0mFuzzing test case #287 (972 total, 0 uniq crashes found, perf_score=114, exec_us=338, hits=2424, map=511)...[0m
[1;94m[*] [0mFuzzing test case #198 (972 total, 0 uniq crashes found, perf_score=114, exec_us=334, hits=152, map=521)...[0m
[1;94m[*] [0mFuzzing test case #287 (972 total, 0 uniq crashes found, perf_score=114, exec_us=338, hits=2437, map=511)...[0m
[1;94m[*] [0mFuzzing test case #853 (972 total, 0 uniq crashes found, perf_score=345, exec_us=336, hits=111, map=281)...[0m
[1;94m[*] [0mFuzzing test case #263 (972 total, 0 uniq crashes found, perf_score=172, exec_us=358, hits=220, map=545)...[0m
[1;94m[*] [0mFuzzing test case #853 (972 total, 0 uniq crashes found, perf_score=345, exec_us=336, hits=111, map=281)...[0m
[1;94m[*] [0mFuzzing test case #853 (973 total, 0 uniq crashes found, perf_score=345, exec_us=336, hits=114, map=281)...[0m
[1;94m[*] [0mFuzzing test case #853 (974 total, 0 uniq crashes found, perf_score=345, exec_us=336, hits=115, map=281)...[0m
[1;94m[*] [0mFuzzing test case #287 (974 total, 0 uniq crashes found, perf_score=114, exec_us=338, hits=2452, map=511)...[0m
[1;94m[*] [0mFuzzing test case #287 (974 total, 0 uniq crashes found, perf_score=114, exec_us=338, hits=2465, map=511)...[0m
[1;94m[*] [0mFuzzing test case #287 (974 total, 0 uniq crashes found, perf_score=114, exec_us=338, hits=2479, map=511)...[0m
[1;94m[*] [0mFuzzing test case #287 (974 total, 0 uniq crashes found, perf_score=114, exec_us=338, hits=2492, map=511)...[0m
[1;94m[*] [0mFuzzing test case #853 (974 total, 0 uniq crashes found, perf_score=345, exec_us=336, hits=117, map=281)...[0m
[1;94m[*] [0mFuzzing test case #426 (974 total, 0 uniq crashes found, perf_score=114, exec_us=356, hits=355, map=478)...[0m
[1;94m[*] [0mFuzzing test case #771 (974 total, 0 uniq crashes found, perf_score=172, exec_us=327, hits=166, map=257)...[0m
[1;94m[*] [0mFuzzing test case #502 (975 total, 0 uniq crashes found, perf_score=229, exec_us=434, hits=606, map=283)...[0m
[1;94m[*] [0mFuzzing test case #763 (975 total, 0 uniq crashes found, perf_score=229, exec_us=334, hits=608, map=476)...[0m
[1;94m[*] [0mFuzzing test case #415 (976 total, 0 uniq crashes found, perf_score=229, exec_us=394, hits=286, map=289)...[0m
[1;94m[*] [0mFuzzing test case #287 (977 total, 0 uniq crashes found, perf_score=114, exec_us=338, hits=2503, map=511)...[0m
[1;94m[*] [0mFuzzing test case #876 (977 total, 0 uniq crashes found, perf_score=345, exec_us=438, hits=273, map=312)...[0m
[1;94m[*] [0mFuzzing test case #578 (978 total, 0 uniq crashes found, perf_score=200, exec_us=508, hits=237, map=468)...[0m
[1;94m[*] [0mFuzzing test case #198 (978 total, 0 uniq crashes found, perf_score=114, exec_us=334, hits=154, map=521)...[0m
[1;94m[*] [0mFuzzing test case #816 (978 total, 0 uniq crashes found, perf_score=459, exec_us=412, hits=19, map=269)...[0m
[1;94m[*] [0mFuzzing test case #287 (978 total, 0 uniq crashes found, perf_score=114, exec_us=338, hits=2514, map=511)...[0m
[1;94m[*] [0mFuzzing test case #971 (978 total, 0 uniq crashes found, perf_score=300, exec_us=370, hits=1, map=280)...[0m
[1;94m[*] [0mFuzzing test case #978 (979 total, 0 uniq crashes found, perf_score=600, exec_us=381, hits=1, map=294)...[0m
[1;94m[*] [0mFuzzing test case #164 (990 total, 0 uniq crashes found, perf_score=258, exec_us=357, hits=11, map=218)...[0m
[1;94m[*] [0mFuzzing test case #306 (990 total, 0 uniq crashes found, perf_score=459, exec_us=348, hits=1, map=325)...[0m
[1;94m[*] [0mFuzzing test case #306 (990 total, 0 uniq crashes found, perf_score=459, exec_us=348, hits=1, map=325)...[0m
[1;94m[*] [0mFuzzing test case #287 (990 total, 0 uniq crashes found, perf_score=114, exec_us=338, hits=2527, map=511)...[0m
[1;94m[*] [0mFuzzing test case #984 (990 total, 0 uniq crashes found, perf_score=600, exec_us=386, hits=1, map=288)...[0m
[1;94m[*] [0mFuzzing test case #287 (990 total, 0 uniq crashes found, perf_score=114, exec_us=338, hits=2537, map=511)...[0m
[1;94m[*] [0mFuzzing test case #287 (990 total, 0 uniq crashes found, perf_score=114, exec_us=338, hits=2548, map=511)...[0m
[1;94m[*] [0mFuzzing test case #287 (990 total, 0 uniq crashes found, perf_score=114, exec_us=338, hits=2557, map=511)...[0m
[1;94m[*] [0mFuzzing test case #391 (990 total, 0 uniq crashes found, perf_score=229, exec_us=310, hits=23, map=312)...[0m
[1;94m[*] [0mFuzzing test case #694 (990 total, 0 uniq crashes found, perf_score=229, exec_us=331, hits=340, map=294)...[0m
[1;94m[*] [0mFuzzing test case #287 (990 total, 0 uniq crashes found, perf_score=114, exec_us=338, hits=2566, map=511)...[0m
[1;94m[*] [0mFuzzing test case #983 (990 total, 0 uniq crashes found, perf_score=300, exec_us=407, hits=1, map=297)...[0m
[1;94m[*] [0mFuzzing test case #853 (991 total, 0 uniq crashes found, perf_score=345, exec_us=336, hits=118, map=281)...[0m
[1;94m[*] [0mFuzzing test case #312 (991 total, 0 uniq crashes found, perf_score=114, exec_us=379, hits=1606, map=282)...[0m
[1;94m[*] [0mFuzzing test case #786 (991 total, 0 uniq crashes found, perf_score=690, exec_us=351, hits=15, map=493)...[0m
[1;94m[*] [0mFuzzing test case #287 (991 total, 0 uniq crashes found, perf_score=114, exec_us=338, hits=2578, map=511)...[0m
[1;94m[*] [0mFuzzing test case #287 (991 total, 0 uniq crashes found, perf_score=114, exec_us=338, hits=2589, map=511)...[0m
[1;94m[*] [0mFuzzing test case #853 (991 total, 0 uniq crashes found, perf_score=345, exec_us=336, hits=118, map=281)...[0m
[1;94m[*] [0mFuzzing test case #287 (991 total, 0 uniq crashes found, perf_score=114, exec_us=338, hits=2605, map=511)...[0m
[1;94m[*] [0mFuzzing test case #990 (991 total, 0 uniq crashes found, perf_score=600, exec_us=346, hits=1, map=506)...[0m
[1;94m[*] [0mFuzzing test case #853 (994 total, 0 uniq crashes found, perf_score=345, exec_us=336, hits=118, map=281)...[0m
[1;94m[*] [0mFuzzing test case #991 (994 total, 0 uniq crashes found, perf_score=800, exec_us=343, hits=1, map=504)...[0m
[1;94m[*] [0mFuzzing test case #688 (996 total, 0 uniq crashes found, perf_score=229, exec_us=337, hits=535, map=303)...[0m
[1;94m[*] [0mFuzzing test case #853 (996 total, 0 uniq crashes found, perf_score=345, exec_us=336, hits=118, map=281)...[0m
[1;94m[*] [0mFuzzing test case #664 (996 total, 0 uniq crashes found, perf_score=229, exec_us=348, hits=383, map=519)...[0m
[1;94m[*] [0mFuzzing test case #853 (996 total, 0 uniq crashes found, perf_score=345, exec_us=336, hits=119, map=281)...[0m
[1;94m[*] [0mFuzzing test case #287 (996 total, 0 uniq crashes found, perf_score=114, exec_us=338, hits=2615, map=511)...[0m
[1;94m[*] [0mFuzzing test case #596 (996 total, 0 uniq crashes found, perf_score=517, exec_us=592, hits=4, map=317)...[0m
[1;94m[*] [0mFuzzing test case #287 (996 total, 0 uniq crashes found, perf_score=114, exec_us=338, hits=2625, map=511)...[0m
[1;94m[*] [0mFuzzing test case #287 (996 total, 0 uniq crashes found, perf_score=114, exec_us=338, hits=2640, map=511)...[0m
[1;94m[*] [0mFuzzing test case #853 (996 total, 0 uniq crashes found, perf_score=345, exec_us=336, hits=119, map=281)...[0m
[1;94m[*] [0mFuzzing test case #287 (997 total, 0 uniq crashes found, perf_score=114, exec_us=338, hits=2649, map=511)...[0m
[1;94m[*] [0mFuzzing test case #766 (997 total, 0 uniq crashes found, perf_score=229, exec_us=432, hits=418, map=291)...[0m
[1;94m[*] [0mFuzzing test case #263 (997 total, 0 uniq crashes found, perf_score=172, exec_us=358, hits=227, map=545)...[0m
[1;94m[*] [0mFuzzing test case #890 (997 total, 0 uniq crashes found, perf_score=345, exec_us=352, hits=497, map=542)...[0m
[1;94m[*] [0mFuzzing test case #853 (997 total, 0 uniq crashes found, perf_score=345, exec_us=336, hits=119, map=281)...[0m
[1;94m[*] [0mFuzzing test case #903 (997 total, 0 uniq crashes found, perf_score=459, exec_us=366, hits=19, map=512)...[0m
[1;94m[*] [0mFuzzing test case #287 (997 total, 0 uniq crashes found, perf_score=114, exec_us=338, hits=2662, map=511)...[0m
[1;94m[*] [0mFuzzing test case #853 (997 total, 0 uniq crashes found, perf_score=345, exec_us=336, hits=119, map=281)...[0m
[1;94m[*] [0mFuzzing test case #524 (997 total, 0 uniq crashes found, perf_score=114, exec_us=347, hits=220, map=462)...[0m
[1;94m[*] [0mFuzzing test case #853 (997 total, 0 uniq crashes found, perf_score=345, exec_us=336, hits=119, map=281)...[0m
[1;94m[*] [0mFuzzing test case #741 (997 total, 0 uniq crashes found, perf_score=229, exec_us=402, hits=459, map=301)...[0m
[1;94m[*] [0mFuzzing test case #287 (997 total, 0 uniq crashes found, perf_score=114, exec_us=338, hits=2674, map=511)...[0m
[1;94m[*] [0mFuzzing test case #853 (997 total, 0 uniq crashes found, perf_score=345, exec_us=336, hits=120, map=281)...[0m
[1;94m[*] [0mFuzzing test case #287 (997 total, 0 uniq crashes found, perf_score=114, exec_us=338, hits=2689, map=511)...[0m
[1;94m[*] [0mFuzzing test case #287 (997 total, 0 uniq crashes found, perf_score=114, exec_us=338, hits=2701, map=511)...[0m
[1;94m[*] [0mFuzzing test case #853 (997 total, 0 uniq crashes found, perf_score=345, exec_us=336, hits=120, map=281)...[0m
[1;94m[*] [0mFuzzing test case #853 (997 total, 0 uniq crashes found, perf_score=345, exec_us=336, hits=120, map=281)...[0m
[1;94m[*] [0mFuzzing test case #243 (998 total, 0 uniq crashes found, perf_score=86, exec_us=433, hits=136, map=226)...[0m
[1;94m[*] [0mFuzzing test case #688 (998 total, 0 uniq crashes found, perf_score=229, exec_us=337, hits=581, map=303)...[0m
[1;94m[*] [0mFuzzing test case #287 (998 total, 0 uniq crashes found, perf_score=114, exec_us=338, hits=2714, map=511)...[0m
[1;94m[*] [0mFuzzing test case #741 (998 total, 0 uniq crashes found, perf_score=229, exec_us=402, hits=516, map=301)...[0m
[1;94m[*] [0mFuzzing test case #797 (999 total, 0 uniq crashes found, perf_score=517, exec_us=369, hits=183, map=538)...[0m
[1;94m[*] [0mFuzzing test case #176 (999 total, 0 uniq crashes found, perf_score=114, exec_us=345, hits=88, map=496)...[0m
[1;94m[*] [0mFuzzing test case #245 (999 total, 0 uniq crashes found, perf_score=86, exec_us=346, hits=367, map=227)...[0m
[1;94m[*] [0mFuzzing test case #853 (999 total, 0 uniq crashes found, perf_score=345, exec_us=336, hits=120, map=281)...[0m
[1;94m[*] [0mFuzzing test case #514 (999 total, 0 uniq crashes found, perf_score=229, exec_us=398, hits=59, map=308)...[0m
[1;94m[*] [0mFuzzing test case #287 (999 total, 0 uniq crashes found, perf_score=114, exec_us=338, hits=2725, map=511)...[0m
[1;94m[*] [0mFuzzing test case #279 (999 total, 0 uniq crashes found, perf_score=258, exec_us=350, hits=6, map=258)...[0m
[1;94m[*] [0mFuzzing test case #49 (999 total, 0 uniq crashes found, perf_score=86, exec_us=387, hits=1548, map=252)...[0m
[1;94m[*] [0mFuzzing test case #664 (999 total, 0 uniq crashes found, perf_score=229, exec_us=348, hits=391, map=519)...[0m
[1;94m[*] [0mFuzzing test case #86 (999 total, 0 uniq crashes found, perf_score=114, exec_us=358, hits=187, map=337)...[0m
[1;94m[*] [0mFuzzing test case #287 (999 total, 0 uniq crashes found, perf_score=114, exec_us=338, hits=2747, map=511)...[0m
[1;94m[*] [0mFuzzing test case #853 (999 total, 0 uniq crashes found, perf_score=345, exec_us=336, hits=121, map=281)...[0m
[1;94m[*] [0mFuzzing test case #880 (999 total, 0 uniq crashes found, perf_score=345, exec_us=389, hits=94, map=518)...[0m
[1;94m[*] [0mFuzzing test case #380 (999 total, 0 uniq crashes found, perf_score=459, exec_us=393, hits=3, map=328)...[0m
[1;94m[*] [0mFuzzing test case #287 (999 total, 0 uniq crashes found, perf_score=114, exec_us=338, hits=2758, map=511)...[0m
[1;94m[*] [0mFuzzing test case #398 (999 total, 0 uniq crashes found, perf_score=345, exec_us=334, hits=5, map=335)...[0m
[1;94m[*] [0mFuzzing test case #741 (999 total, 0 uniq crashes found, perf_score=229, exec_us=402, hits=590, map=301)...[0m
[1;94m[*] [0mFuzzing test case #287 (999 total, 0 uniq crashes found, perf_score=114, exec_us=338, hits=2772, map=511)...[0m
[1;94m[*] [0mFuzzing test case #287 (999 total, 0 uniq crashes found, perf_score=114, exec_us=338, hits=2785, map=511)...[0m
[1;94m[*] [0mFuzzing test case #853 (999 total, 0 uniq crashes found, perf_score=345, exec_us=336, hits=122, map=281)...[0m
[1;94m[*] [0mFuzzing test case #640 (999 total, 0 uniq crashes found, perf_score=1035, exec_us=333, hits=6, map=307)...[0m
[1;94m[*] [0mFuzzing test case #853 (999 total, 0 uniq crashes found, perf_score=345, exec_us=336, hits=122, map=281)...[0m
[1;94m[*] [0mFuzzing test case #853 (999 total, 0 uniq crashes found, perf_score=345, exec_us=336, hits=123, map=281)...[0m
[1;94m[*] [0mFuzzing test case #287 (999 total, 0 uniq crashes found, perf_score=114, exec_us=338, hits=2805, map=511)...[0m
[1;94m[*] [0mFuzzing test case #704 (999 total, 0 uniq crashes found, perf_score=345, exec_us=333, hits=162, map=310)...[0m
[1;94m[*] [0mFuzzing test case #664 (999 total, 0 uniq crashes found, perf_score=229, exec_us=348, hits=398, map=519)...[0m
[1;94m[*] [0mFuzzing test case #245 (999 total, 0 uniq crashes found, perf_score=86, exec_us=346, hits=433, map=227)...[0m
[1;94m[*] [0mFuzzing test case #853 (999 total, 0 uniq crashes found, perf_score=345, exec_us=336, hits=125, map=281)...[0m
[1;94m[*] [0mFuzzing test case #763 (999 total, 0 uniq crashes found, perf_score=229, exec_us=334, hits=677, map=476)...[0m
[1;94m[*] [0mFuzzing test case #822 (999 total, 0 uniq crashes found, perf_score=345, exec_us=336, hits=870, map=274)...[0m
[1;94m[*] [0mFuzzing test case #853 (999 total, 0 uniq crashes found, perf_score=345, exec_us=336, hits=126, map=281)...[0m
[1;94m[*] [0mFuzzing test case #853 (999 total, 0 uniq crashes found, perf_score=345, exec_us=336, hits=128, map=281)...[0m
[1;94m[*] [0mFuzzing test case #853 (999 total, 0 uniq crashes found, perf_score=345, exec_us=336, hits=129, map=281)...[0m
[1;94m[*] [0mFuzzing test case #287 (999 total, 0 uniq crashes found, perf_score=114, exec_us=338, hits=2822, map=511)...[0m
[1;94m[*] [0mFuzzing test case #47 (999 total, 0 uniq crashes found, perf_score=86, exec_us=406, hits=2298, map=214)...[0m
[1;94m[*] [0mFuzzing test case #449 (999 total, 0 uniq crashes found, perf_score=114, exec_us=472, hits=224, map=519)...[0m
[1;94m[*] [0mFuzzing test case #927 (999 total, 0 uniq crashes found, perf_score=459, exec_us=345, hits=22, map=482)...[0m
[1;94m[*] [0mFuzzing test case #664 (999 total, 0 uniq crashes found, perf_score=229, exec_us=348, hits=410, map=519)...[0m
[1;94m[*] [0mFuzzing test case #927 (999 total, 0 uniq crashes found, perf_score=459, exec_us=345, hits=23, map=482)...[0m
[1;94m[*] [0mFuzzing test case #853 (999 total, 0 uniq crashes found, perf_score=345, exec_us=336, hits=130, map=281)...[0m
[1;94m[*] [0mFuzzing test case #306 (999 total, 0 uniq crashes found, perf_score=459, exec_us=348, hits=1, map=325)...[0m
[1;94m[*] [0mFuzzing test case #876 (999 total, 0 uniq crashes found, perf_score=345, exec_us=438, hits=542, map=312)...[0m
[1;94m[*] [0mFuzzing test case #198 (999 total, 0 uniq crashes found, perf_score=114, exec_us=334, hits=156, map=521)...[0m
[1;94m[*] [0mFuzzing test case #853 (999 total, 0 uniq crashes found, perf_score=345, exec_us=336, hits=130, map=281)...[0m
[1;94m[*] [0mFuzzing test case #398 (999 total, 0 uniq crashes found, perf_score=345, exec_us=334, hits=6, map=335)...[0m
[1;94m[*] [0mFuzzing test case #797 (999 total, 0 uniq crashes found, perf_score=517, exec_us=369, hits=230, map=538)...[0m
[1;94m[*] [0mFuzzing test case #449 (999 total, 0 uniq crashes found, perf_score=114, exec_us=472, hits=231, map=519)...[0m
[1;94m[*] [0mFuzzing test case #853 (999 total, 0 uniq crashes found, perf_score=345, exec_us=336, hits=130, map=281)...[0m
[1;94m[*] [0mFuzzing test case #853 (999 total, 0 uniq crashes found, perf_score=345, exec_us=336, hits=130, map=281)...[0m
[1;94m[*] [0mFuzzing test case #514 (999 total, 0 uniq crashes found, perf_score=229, exec_us=398, hits=60, map=308)...[0m
[1;94m[*] [0mFuzzing test case #404 (999 total, 0 uniq crashes found, perf_score=114, exec_us=378, hits=214, map=341)...[0m
[1;94m[*] [0mFuzzing test case #11 (999 total, 0 uniq crashes found, perf_score=114, exec_us=330, hits=379, map=517)...[0m
[1;94m[*] [0mFuzzing test case #287 (999 total, 0 uniq crashes found, perf_score=114, exec_us=338, hits=2834, map=511)...[0m
[1;94m[*] [0mFuzzing test case #287 (999 total, 0 uniq crashes found, perf_score=114, exec_us=338, hits=2848, map=511)...[0m
[1;94m[*] [0mFuzzing test case #309 (999 total, 0 uniq crashes found, perf_score=114, exec_us=405, hits=81, map=282)...[0m
[1;94m[*] [0mFuzzing test case #708 (999 total, 0 uniq crashes found, perf_score=229, exec_us=459, hits=192, map=291)...[0m
[1;94m[*] [0mFuzzing test case #853 (999 total, 0 uniq crashes found, perf_score=345, exec_us=336, hits=130, map=281)...[0m
[1;94m[*] [0mFuzzing test case #416 (999 total, 0 uniq crashes found, perf_score=229, exec_us=304, hits=1736, map=287)...[0m
[1;94m[*] [0mFuzzing test case #287 (999 total, 0 uniq crashes found, perf_score=114, exec_us=338, hits=2863, map=511)...[0m
[1;94m[*] [0mFuzzing test case #728 (999 total, 0 uniq crashes found, perf_score=229, exec_us=366, hits=2301, map=463)...[0m
[1;94m[*] [0mFuzzing test case #921 (999 total, 0 uniq crashes found, perf_score=690, exec_us=349, hits=5, map=276)...[0m
[1;94m[*] [0mFuzzing test case #391 (1000 total, 0 uniq crashes found, perf_score=229, exec_us=310, hits=25, map=312)...[0m
[1;94m[*] [0mFuzzing test case #438 (1000 total, 0 uniq crashes found, perf_score=229, exec_us=371, hits=70, map=459)...[0m
[1;94m[*] [0mFuzzing test case #287 (1000 total, 0 uniq crashes found, perf_score=114, exec_us=338, hits=2875, map=511)...[0m
[1;94m[*] [0mFuzzing test case #853 (1000 total, 0 uniq crashes found, perf_score=345, exec_us=336, hits=130, map=281)...[0m
[1;94m[*] [0mFuzzing test case #921 (1000 total, 0 uniq crashes found, perf_score=690, exec_us=349, hits=5, map=276)...[0m
[1;94m[*] [0mFuzzing test case #641 (1000 total, 0 uniq crashes found, perf_score=114, exec_us=371, hits=88, map=272)...[0m
[1;94m[*] [0mFuzzing test case #287 (1000 total, 0 uniq crashes found, perf_score=114, exec_us=338, hits=2889, map=511)...[0m
[1;94m[*] [0mFuzzing test case #477 (1000 total, 0 uniq crashes found, perf_score=229, exec_us=414, hits=432, map=273)...[0m
[1;94m[*] [0mFuzzing test case #287 (1000 total, 0 uniq crashes found, perf_score=114, exec_us=338, hits=2902, map=511)...[0m
[1;94m[*] [0mFuzzing test case #287 (1000 total, 0 uniq crashes found, perf_score=114, exec_us=338, hits=2912, map=511)...[0m
[1;94m[*] [0mFuzzing test case #991 (1000 total, 0 uniq crashes found, perf_score=459, exec_us=343, hits=247, map=504)...[0m
[1;94m[*] [0mFuzzing test case #287 (1000 total, 0 uniq crashes found, perf_score=114, exec_us=338, hits=2929, map=511)...[0m
[1;94m[*] [0mFuzzing test case #728 (1000 total, 0 uniq crashes found, perf_score=229, exec_us=366, hits=2336, map=463)...[0m
[1;94m[*] [0mFuzzing test case #648 (1000 total, 0 uniq crashes found, perf_score=229, exec_us=369, hits=508, map=415)...[0m
[1;94m[*] [0mFuzzing test case #287 (1000 total, 0 uniq crashes found, perf_score=114, exec_us=338, hits=2937, map=511)...[0m
[1;94m[*] [0mFuzzing test case #664 (1000 total, 0 uniq crashes found, perf_score=229, exec_us=348, hits=418, map=519)...[0m
[1;94m[*] [0mFuzzing test case #853 (1000 total, 0 uniq crashes found, perf_score=345, exec_us=336, hits=131, map=281)...[0m
[1;94m[*] [0mFuzzing test case #330 (1000 total, 0 uniq crashes found, perf_score=114, exec_us=399, hits=71, map=289)...[0m
[1;94m[*] [0mFuzzing test case #510 (1000 total, 0 uniq crashes found, perf_score=229, exec_us=451, hits=133, map=284)...[0m
[1;94m[*] [0mFuzzing test case #287 (1001 total, 0 uniq crashes found, perf_score=114, exec_us=338, hits=2950, map=511)...[0m
[1;94m[*] [0mFuzzing test case #853 (1001 total, 0 uniq crashes found, perf_score=345, exec_us=336, hits=131, map=281)...[0m
[1;94m[*] [0mFuzzing test case #239 (1001 total, 0 uniq crashes found, perf_score=86, exec_us=466, hits=127, map=226)...[0m
[1;94m[*] [0mFuzzing test case #514 (1001 total, 0 uniq crashes found, perf_score=229, exec_us=398, hits=61, map=308)...[0m
[1;94m[*] [0mFuzzing test case #263 (1001 total, 0 uniq crashes found, perf_score=172, exec_us=358, hits=236, map=545)...[0m
[1;94m[*] [0mFuzzing test case #853 (1001 total, 0 uniq crashes found, perf_score=345, exec_us=336, hits=131, map=281)...[0m
[1;94m[*] [0mFuzzing test case #853 (1001 total, 0 uniq crashes found, perf_score=345, exec_us=336, hits=131, map=281)...[0m
[1;94m[*] [0mFuzzing test case #391 (1001 total, 0 uniq crashes found, perf_score=229, exec_us=310, hits=25, map=312)...[0m
[1;94m[*] [0mFuzzing test case #853 (1001 total, 0 uniq crashes found, perf_score=345, exec_us=336, hits=131, map=281)...[0m
[1;94m[*] [0mFuzzing test case #942 (1001 total, 0 uniq crashes found, perf_score=229, exec_us=560, hits=90, map=267)...[0m
[1;94m[*] [0mFuzzing test case #287 (1001 total, 0 uniq crashes found, perf_score=114, exec_us=338, hits=2960, map=511)...[0m
[1;94m[*] [0mFuzzing test case #287 (1001 total, 0 uniq crashes found, perf_score=114, exec_us=338, hits=2974, map=511)...[0m
[1;94m[*] [0mFuzzing test case #853 (1001 total, 0 uniq crashes found, perf_score=345, exec_us=336, hits=132, map=281)...[0m
[1;94m[*] [0mFuzzing test case #853 (1001 total, 0 uniq crashes found, perf_score=345, exec_us=336, hits=132, map=281)...[0m
[1;94m[*] [0mFuzzing test case #287 (1001 total, 0 uniq crashes found, perf_score=114, exec_us=338, hits=2982, map=511)...[0m
[1;94m[*] [0mFuzzing test case #664 (1001 total, 0 uniq crashes found, perf_score=229, exec_us=348, hits=427, map=519)...[0m
[1;94m[*] [0mFuzzing test case #741 (1001 total, 0 uniq crashes found, perf_score=229, exec_us=402, hits=667, map=301)...[0m
[1;94m[*] [0mFuzzing test case #391 (1001 total, 0 uniq crashes found, perf_score=229, exec_us=310, hits=28, map=312)...[0m
[1;94m[*] [0mFuzzing test case #457 (1001 total, 0 uniq crashes found, perf_score=114, exec_us=490, hits=88, map=516)...[0m
[1;94m[*] [0mFuzzing test case #853 (1001 total, 0 uniq crashes found, perf_score=345, exec_us=336, hits=132, map=281)...[0m
[1;94m[*] [0mFuzzing test case #853 (1001 total, 0 uniq crashes found, perf_score=345, exec_us=336, hits=133, map=281)...[0m
[1;94m[*] [0mFuzzing test case #287 (1001 total, 0 uniq crashes found, perf_score=114, exec_us=338, hits=2991, map=511)...[0m
[1;94m[*] [0mFuzzing test case #921 (1001 total, 0 uniq crashes found, perf_score=690, exec_us=349, hits=5, map=276)...[0m
[1;94m[*] [0mFuzzing test case #664 (1001 total, 0 uniq crashes found, perf_score=229, exec_us=348, hits=430, map=519)...[0m
[1;94m[*] [0mFuzzing test case #942 (1001 total, 0 uniq crashes found, perf_score=229, exec_us=560, hits=160, map=267)...[0m
[1;94m[*] [0mFuzzing test case #391 (1001 total, 0 uniq crashes found, perf_score=229, exec_us=310, hits=28, map=312)...[0m
[1;94m[*] [0mFuzzing test case #853 (1001 total, 0 uniq crashes found, perf_score=345, exec_us=336, hits=133, map=281)...[0m
[1;94m[*] [0mFuzzing test case #927 (1001 total, 0 uniq crashes found, perf_score=459, exec_us=345, hits=24, map=482)...[0m
[1;94m[*] [0mFuzzing test case #287 (1001 total, 0 uniq crashes found, perf_score=114, exec_us=338, hits=3014, map=511)...[0m
[1;94m[*] [0mFuzzing test case #287 (1001 total, 0 uniq crashes found, perf_score=114, exec_us=338, hits=3031, map=511)...[0m
[1;94m[*] [0mFuzzing test case #840 (1001 total, 0 uniq crashes found, perf_score=345, exec_us=338, hits=195, map=279)...[0m
[1;94m[*] [0mFuzzing test case #11 (1001 total, 0 uniq crashes found, perf_score=114, exec_us=330, hits=387, map=517)...[0m
[1;94m[*] [0mFuzzing test case #664 (1001 total, 0 uniq crashes found, perf_score=229, exec_us=348, hits=435, map=519)...[0m
[1;94m[*] [0mFuzzing test case #664 (1001 total, 0 uniq crashes found, perf_score=229, exec_us=348, hits=440, map=519)...[0m
[1;94m[*] [0mFuzzing test case #287 (1001 total, 0 uniq crashes found, perf_score=114, exec_us=338, hits=3043, map=511)...[0m
[1;94m[*] [0mFuzzing test case #221 (1001 total, 0 uniq crashes found, perf_score=459, exec_us=401, hits=1, map=501)...[0m
[1;94m[*] [0mFuzzing test case #287 (1001 total, 0 uniq crashes found, perf_score=114, exec_us=338, hits=3049, map=511)...[0m
[1;94m[*] [0mFuzzing test case #287 (1001 total, 0 uniq crashes found, perf_score=114, exec_us=338, hits=3060, map=511)...[0m
[1;94m[*] [0mFuzzing test case #132 (1001 total, 0 uniq crashes found, perf_score=100, exec_us=413, hits=1, map=521)...[0m
[1;94m[*] [0mFuzzing test case #287 (1001 total, 0 uniq crashes found, perf_score=114, exec_us=338, hits=3069, map=511)...[0m
[1;94m[*] [0mFuzzing test case #11 (1001 total, 0 uniq crashes found, perf_score=114, exec_us=330, hits=394, map=517)...[0m
[1;94m[*] [0mFuzzing test case #710 (1001 total, 0 uniq crashes found, perf_score=229, exec_us=384, hits=104, map=291)...[0m
[1;94m[*] [0mFuzzing test case #853 (1001 total, 0 uniq crashes found, perf_score=345, exec_us=336, hits=134, map=281)...[0m
[1;94m[*] [0mFuzzing test case #287 (1001 total, 0 uniq crashes found, perf_score=114, exec_us=338, hits=3080, map=511)...[0m
[1;94m[*] [0mFuzzing test case #648 (1001 total, 0 uniq crashes found, perf_score=229, exec_us=369, hits=581, map=415)...[0m
[1;94m[*] [0mFuzzing test case #822 (1001 total, 0 uniq crashes found, perf_score=345, exec_us=336, hits=1000, map=274)...[0m
[1;94m[*] [0mFuzzing test case #287 (1001 total, 0 uniq crashes found, perf_score=114, exec_us=338, hits=3093, map=511)...[0m
[1;94m[*] [0mFuzzing test case #853 (1001 total, 0 uniq crashes found, perf_score=345, exec_us=336, hits=134, map=281)...[0m
[1;94m[*] [0mFuzzing test case #771 (1001 total, 0 uniq crashes found, perf_score=172, exec_us=327, hits=311, map=257)...[0m
[1;94m[*] [0mFuzzing test case #135 (1001 total, 0 uniq crashes found, perf_score=114, exec_us=381, hits=80, map=509)...[0m
[1;94m[*] [0mFuzzing test case #288 (1001 total, 0 uniq crashes found, perf_score=172, exec_us=361, hits=191, map=541)...[0m
[1;94m[*] [0mFuzzing test case #287 (1001 total, 0 uniq crashes found, perf_score=114, exec_us=338, hits=3103, map=511)...[0m
[1;94m[*] [0mFuzzing test case #449 (1001 total, 0 uniq crashes found, perf_score=114, exec_us=472, hits=235, map=519)...[0m
[1;94m[*] [0mFuzzing test case #789 (1001 total, 0 uniq crashes found, perf_score=229, exec_us=359, hits=393, map=353)...[0m
[1;94m[*] [0mFuzzing test case #287 (1001 total, 0 uniq crashes found, perf_score=114, exec_us=338, hits=3118, map=511)...[0m
[1;94m[*] [0mFuzzing test case #198 (1001 total, 0 uniq crashes found, perf_score=114, exec_us=334, hits=161, map=521)...[0m
[1;94m[*] [0mFuzzing test case #664 (1001 total, 0 uniq crashes found, perf_score=229, exec_us=348, hits=451, map=519)...[0m
[1;94m[*] [0mFuzzing test case #927 (1001 total, 0 uniq crashes found, perf_score=459, exec_us=345, hits=25, map=482)...[0m
[1;94m[*] [0mFuzzing test case #287 (1001 total, 0 uniq crashes found, perf_score=114, exec_us=338, hits=3132, map=511)...[0m
[1;94m[*] [0mFuzzing test case #678 (1001 total, 0 uniq crashes found, perf_score=517, exec_us=463, hits=4, map=254)...[0m
[1;94m[*] [0mFuzzing test case #391 (1001 total, 0 uniq crashes found, perf_score=229, exec_us=310, hits=29, map=312)...[0m
[1;94m[*] [0mFuzzing test case #287 (1001 total, 0 uniq crashes found, perf_score=114, exec_us=338, hits=3148, map=511)...[0m
[1;94m[*] [0mFuzzing test case #287 (1001 total, 0 uniq crashes found, perf_score=114, exec_us=338, hits=3158, map=511)...[0m
[1;94m[*] [0mFuzzing test case #287 (1001 total, 0 uniq crashes found, perf_score=114, exec_us=338, hits=3172, map=511)...[0m
[1;94m[*] [0mFuzzing test case #309 (1001 total, 0 uniq crashes found, perf_score=114, exec_us=405, hits=152, map=282)...[0m
[1;94m[*] [0mFuzzing test case #524 (1001 total, 0 uniq crashes found, perf_score=114, exec_us=347, hits=239, map=462)...[0m
[1;94m[*] [0mFuzzing test case #287 (1001 total, 0 uniq crashes found, perf_score=114, exec_us=338, hits=3181, map=511)...[0m
[1;94m[*] [0mFuzzing test case #664 (1001 total, 0 uniq crashes found, perf_score=229, exec_us=348, hits=462, map=519)...[0m
[1;94m[*] [0mFuzzing test case #287 (1001 total, 0 uniq crashes found, perf_score=114, exec_us=338, hits=3194, map=511)...[0m
[1;94m[*] [0mFuzzing test case #763 (1001 total, 0 uniq crashes found, perf_score=229, exec_us=334, hits=717, map=476)...[0m
[1;94m[*] [0mFuzzing test case #822 (1001 total, 0 uniq crashes found, perf_score=345, exec_us=336, hits=1113, map=274)...[0m
[1;94m[*] [0mFuzzing test case #640 (1001 total, 0 uniq crashes found, perf_score=1035, exec_us=333, hits=7, map=307)...[0m
[1;94m[*] [0mFuzzing test case #626 (1001 total, 0 uniq crashes found, perf_score=114, exec_us=330, hits=141, map=505)...[0m
[1;94m[*] [0mFuzzing test case #514 (1001 total, 0 uniq crashes found, perf_score=229, exec_us=398, hits=61, map=308)...[0m
[1;94m[*] [0mFuzzing test case #921 (1001 total, 0 uniq crashes found, perf_score=690, exec_us=349, hits=5, map=276)...[0m
[1;94m[*] [0mFuzzing test case #853 (1001 total, 0 uniq crashes found, perf_score=345, exec_us=336, hits=134, map=281)...[0m
[1;94m[*] [0mFuzzing test case #263 (1001 total, 0 uniq crashes found, perf_score=172, exec_us=358, hits=244, map=545)...[0m
[1;94m[*] [0mFuzzing test case #198 (1001 total, 0 uniq crashes found, perf_score=114, exec_us=334, hits=167, map=521)...[0m
[1;94m[*] [0mFuzzing test case #931 (1001 total, 0 uniq crashes found, perf_score=919, exec_us=356, hits=2, map=278)...[0m
[1;94m[*] [0mFuzzing test case #853 (1001 total, 0 uniq crashes found, perf_score=345, exec_us=336, hits=134, map=281)...[0m
[1;94m[*] [0mFuzzing test case #741 (1001 total, 0 uniq crashes found, perf_score=229, exec_us=402, hits=724, map=301)...[0m
[1;94m[*] [0mFuzzing test case #287 (1001 total, 0 uniq crashes found, perf_score=114, exec_us=338, hits=3208, map=511)...[0m
[1;94m[*] [0mFuzzing test case #991 (1001 total, 0 uniq crashes found, perf_score=459, exec_us=343, hits=284, map=504)...[0m
[1;94m[*] [0mFuzzing test case #853 (1001 total, 0 uniq crashes found, perf_score=345, exec_us=336, hits=135, map=281)...[0m
[1;94m[*] [0mFuzzing test case #991 (1001 total, 0 uniq crashes found, perf_score=459, exec_us=343, hits=326, map=504)...[0m
[1;94m[*] [0mFuzzing test case #890 (1001 total, 0 uniq crashes found, perf_score=345, exec_us=352, hits=585, map=542)...[0m
[1;94m[*] [0mFuzzing test case #287 (1001 total, 0 uniq crashes found, perf_score=114, exec_us=338, hits=3217, map=511)...[0m
[1;94m[*] [0mFuzzing test case #853 (1001 total, 0 uniq crashes found, perf_score=345, exec_us=336, hits=135, map=281)...[0m
[1;94m[*] [0mFuzzing test case #463 (1001 total, 0 uniq crashes found, perf_score=114, exec_us=454, hits=185, map=518)...[0m
[1;94m[*] [0mFuzzing test case #287 (1001 total, 0 uniq crashes found, perf_score=114, exec_us=338, hits=3229, map=511)...[0m
[1;94m[*] [0mFuzzing test case #664 (1001 total, 0 uniq crashes found, perf_score=229, exec_us=348, hits=470, map=519)...[0m
[1;94m[*] [0mFuzzing test case #53 (1001 total, 0 uniq crashes found, perf_score=86, exec_us=352, hits=2009, map=244)...[0m
[1;94m[*] [0mFuzzing test case #991 (1001 total, 0 uniq crashes found, perf_score=459, exec_us=343, hits=368, map=504)...[0m
[1;94m[*] [0mFuzzing test case #853 (1001 total, 0 uniq crashes found, perf_score=345, exec_us=336, hits=135, map=281)...[0m
[1;94m[*] [0mFuzzing test case #789 (1001 total, 0 uniq crashes found, perf_score=229, exec_us=359, hits=433, map=353)...[0m
[1;94m[*] [0mFuzzing test case #391 (1001 total, 0 uniq crashes found, perf_score=229, exec_us=310, hits=29, map=312)...[0m
[1;94m[*] [0mFuzzing test case #807 (1001 total, 0 uniq crashes found, perf_score=229, exec_us=420, hits=278, map=268)...[0m
[1;94m[*] [0mFuzzing test case #426 (1001 total, 0 uniq crashes found, perf_score=114, exec_us=356, hits=382, map=478)...[0m
[1;94m[*] [0mFuzzing test case #853 (1001 total, 0 uniq crashes found, perf_score=345, exec_us=336, hits=138, map=281)...[0m
[1;94m[*] [0mFuzzing test case #49 (1001 total, 0 uniq crashes found, perf_score=86, exec_us=387, hits=1618, map=252)...[0m
[1;94m[*] [0mFuzzing test case #287 (1001 total, 0 uniq crashes found, perf_score=114, exec_us=338, hits=3243, map=511)...[0m
[1;94m[*] [0mFuzzing test case #287 (1001 total, 0 uniq crashes found, perf_score=114, exec_us=338, hits=3255, map=511)...[0m
[1;94m[*] [0mFuzzing test case #477 (1001 total, 0 uniq crashes found, perf_score=229, exec_us=414, hits=499, map=273)...[0m
[1;94m[*] [0mFuzzing test case #921 (1001 total, 0 uniq crashes found, perf_score=690, exec_us=349, hits=5, map=276)...[0m
[1;94m[*] [0mFuzzing test case #853 (1001 total, 0 uniq crashes found, perf_score=345, exec_us=336, hits=138, map=281)...[0m
[1;94m[*] [0mFuzzing test case #463 (1001 total, 0 uniq crashes found, perf_score=114, exec_us=454, hits=196, map=518)...[0m
[1;94m[*] [0mFuzzing test case #287 (1001 total, 0 uniq crashes found, perf_score=114, exec_us=338, hits=3270, map=511)...[0m
[1;94m[*] [0mFuzzing test case #514 (1001 total, 0 uniq crashes found, perf_score=229, exec_us=398, hits=66, map=308)...[0m
[1;94m[*] [0mFuzzing test case #664 (1001 total, 0 uniq crashes found, perf_score=229, exec_us=348, hits=481, map=519)...[0m
[1;94m[*] [0mFuzzing test case #198 (1001 total, 0 uniq crashes found, perf_score=114, exec_us=334, hits=171, map=521)...[0m
[1;94m[*] [0mFuzzing test case #541 (1001 total, 0 uniq crashes found, perf_score=100, exec_us=353, hits=5, map=497)...[0m
[1;94m[*] [0mFuzzing test case #287 (1001 total, 0 uniq crashes found, perf_score=114, exec_us=338, hits=3281, map=511)...[0m
[1;94m[*] [0mFuzzing test case #287 (1001 total, 0 uniq crashes found, perf_score=114, exec_us=338, hits=3293, map=511)...[0m
[1;94m[*] [0mFuzzing test case #287 (1001 total, 0 uniq crashes found, perf_score=114, exec_us=338, hits=3307, map=511)...[0m
[1;94m[*] [0mFuzzing test case #927 (1001 total, 0 uniq crashes found, perf_score=459, exec_us=345, hits=26, map=482)...[0m
[1;94m[*] [0mFuzzing test case #524 (1001 total, 0 uniq crashes found, perf_score=114, exec_us=347, hits=281, map=462)...[0m
[1;94m[*] [0mFuzzing test case #991 (1001 total, 0 uniq crashes found, perf_score=459, exec_us=343, hits=400, map=504)...[0m
[1;94m[*] [0mFuzzing test case #853 (1001 total, 0 uniq crashes found, perf_score=345, exec_us=336, hits=138, map=281)...[0m
[1;94m[*] [0mFuzzing test case #741 (1001 total, 0 uniq crashes found, perf_score=229, exec_us=402, hits=793, map=301)...[0m
[1;94m[*] [0mFuzzing test case #822 (1001 total, 0 uniq crashes found, perf_score=345, exec_us=336, hits=1267, map=274)...[0m
[1;94m[*] [0mFuzzing test case #288 (1001 total, 0 uniq crashes found, perf_score=172, exec_us=361, hits=205, map=541)...[0m
[1;94m[*] [0mFuzzing test case #279 (1001 total, 0 uniq crashes found, perf_score=172, exec_us=350, hits=18, map=258)...[0m
[1;94m[*] [0mFuzzing test case #287 (1001 total, 0 uniq crashes found, perf_score=114, exec_us=338, hits=3315, map=511)...[0m
[1;94m[*] [0mFuzzing test case #398 (1001 total, 0 uniq crashes found, perf_score=345, exec_us=334, hits=6, map=335)...[0m
[1;94m[*] [0mFuzzing test case #426 (1001 total, 0 uniq crashes found, perf_score=114, exec_us=356, hits=403, map=478)...[0m
[1;94m[*] [0mFuzzing test case #318 (1001 total, 0 uniq crashes found, perf_score=75, exec_us=372, hits=1, map=249)...[0m
[1;94m[*] [0mFuzzing test case #769 (1001 total, 0 uniq crashes found, perf_score=459, exec_us=334, hits=27, map=280)...[0m
[1;94m[*] [0mFuzzing test case #287 (1001 total, 0 uniq crashes found, perf_score=114, exec_us=338, hits=3333, map=511)...[0m
[1;94m[*] [0mFuzzing test case #455 (1001 total, 0 uniq crashes found, perf_score=114, exec_us=498, hits=206, map=521)...[0m
[1;94m[*] [0mFuzzing test case #811 (1001 total, 0 uniq crashes found, perf_score=345, exec_us=353, hits=606, map=312)...[0m
[1;94m[*] [0mFuzzing test case #853 (1001 total, 0 uniq crashes found, perf_score=345, exec_us=336, hits=138, map=281)...[0m
[1;94m[*] [0mFuzzing test case #287 (1001 total, 0 uniq crashes found, perf_score=114, exec_us=338, hits=3341, map=511)...[0m
[1;94m[*] [0mFuzzing test case #287 (1001 total, 0 uniq crashes found, perf_score=114, exec_us=338, hits=3358, map=511)...[0m
[1;94m[*] [0mFuzzing test case #741 (1001 total, 0 uniq crashes found, perf_score=229, exec_us=402, hits=869, map=301)...[0m
[1;94m[*] [0mFuzzing test case #843 (1001 total, 0 uniq crashes found, perf_score=345, exec_us=405, hits=1162, map=285)...[0m
[1;94m[*] [0mFuzzing test case #853 (1001 total, 0 uniq crashes found, perf_score=345, exec_us=336, hits=138, map=281)...[0m
[1;94m[*] [0mFuzzing test case #853 (1001 total, 0 uniq crashes found, perf_score=345, exec_us=336, hits=138, map=281)...[0m
[1;94m[*] [0mFuzzing test case #853 (1001 total, 0 uniq crashes found, perf_score=345, exec_us=336, hits=139, map=281)...[0m
[1;94m[*] [0mFuzzing test case #263 (1001 total, 0 uniq crashes found, perf_score=172, exec_us=358, hits=253, map=545)...[0m
[1;94m[*] [0mFuzzing test case #287 (1001 total, 0 uniq crashes found, perf_score=114, exec_us=338, hits=3372, map=511)...[0m
[1;94m[*] [0mFuzzing test case #514 (1001 total, 0 uniq crashes found, perf_score=229, exec_us=398, hits=66, map=308)...[0m
[1;94m[*] [0mFuzzing test case #198 (1001 total, 0 uniq crashes found, perf_score=114, exec_us=334, hits=176, map=521)...[0m
[1;94m[*] [0mFuzzing test case #710 (1001 total, 0 uniq crashes found, perf_score=229, exec_us=384, hits=195, map=291)...[0m
[1;94m[*] [0mFuzzing test case #287 (1001 total, 0 uniq crashes found, perf_score=114, exec_us=338, hits=3386, map=511)...[0m
[1;94m[*] [0mFuzzing test case #853 (1001 total, 0 uniq crashes found, perf_score=345, exec_us=336, hits=140, map=281)...[0m
[1;94m[*] [0mFuzzing test case #287 (1001 total, 0 uniq crashes found, perf_score=114, exec_us=338, hits=3397, map=511)...[0m
[1;94m[*] [0mFuzzing test case #648 (1001 total, 0 uniq crashes found, perf_score=229, exec_us=369, hits=659, map=415)...[0m
[1;94m[*] [0mFuzzing test case #306 (1001 total, 0 uniq crashes found, perf_score=459, exec_us=348, hits=1, map=325)...[0m
[1;94m[*] [0mFuzzing test case #391 (1001 total, 0 uniq crashes found, perf_score=229, exec_us=310, hits=31, map=312)...[0m
[1;94m[*] [0mFuzzing test case #763 (1001 total, 0 uniq crashes found, perf_score=229, exec_us=334, hits=752, map=476)...[0m
[1;94m[*] [0mFuzzing test case #380 (1001 total, 0 uniq crashes found, perf_score=345, exec_us=393, hits=4, map=328)...[0m
[1;94m[*] [0mFuzzing test case #853 (1001 total, 0 uniq crashes found, perf_score=345, exec_us=336, hits=141, map=281)...[0m
[1;94m[*] [0mFuzzing test case #445 (1001 total, 0 uniq crashes found, perf_score=114, exec_us=476, hits=78, map=516)...[0m
[1;94m[*] [0mFuzzing test case #404 (1001 total, 0 uniq crashes found, perf_score=114, exec_us=378, hits=242, map=341)...[0m
[1;94m[*] [0mFuzzing test case #287 (1001 total, 0 uniq crashes found, perf_score=114, exec_us=338, hits=3411, map=511)...[0m
[1;94m[*] [0mFuzzing test case #198 (1001 total, 0 uniq crashes found, perf_score=114, exec_us=334, hits=183, map=521)...[0m
[1;94m[*] [0mFuzzing test case #287 (1001 total, 0 uniq crashes found, perf_score=114, exec_us=338, hits=3425, map=511)...[0m
[1;94m[*] [0mFuzzing test case #287 (1001 total, 0 uniq crashes found, perf_score=114, exec_us=338, hits=3441, map=511)...[0m
[1;94m[*] [0mFuzzing test case #853 (1001 total, 0 uniq crashes found, perf_score=345, exec_us=336, hits=141, map=281)...[0m
[1;94m[*] [0mFuzzing test case #198 (1001 total, 0 uniq crashes found, perf_score=114, exec_us=334, hits=188, map=521)...[0m
[1;94m[*] [0mFuzzing test case #297 (1001 total, 0 uniq crashes found, perf_score=100, exec_us=566, hits=1, map=520)...[0m
[1;94m[*] [0mFuzzing test case #664 (1001 total, 0 uniq crashes found, perf_score=229, exec_us=348, hits=486, map=519)...[0m
[1;94m[*] [0mFuzzing test case #287 (1001 total, 0 uniq crashes found, perf_score=114, exec_us=338, hits=3448, map=511)...[0m
[1;94m[*] [0mFuzzing test case #921 (1001 total, 0 uniq crashes found, perf_score=690, exec_us=349, hits=5, map=276)...[0m
[1;94m[*] [0mFuzzing test case #231 (1001 total, 0 uniq crashes found, perf_score=86, exec_us=477, hits=55, map=226)...[0m
[1;94m[*] [0mFuzzing test case #853 (1001 total, 0 uniq crashes found, perf_score=345, exec_us=336, hits=141, map=281)...[0m
[1;94m[*] [0mFuzzing test case #771 (1001 total, 0 uniq crashes found, perf_score=172, exec_us=327, hits=378, map=257)...[0m
[1;94m[*] [0mFuzzing test case #786 (1001 total, 0 uniq crashes found, perf_score=459, exec_us=351, hits=16, map=493)...[0m
[1;94m[*] [0mFuzzing test case #237 (1001 total, 0 uniq crashes found, perf_score=258, exec_us=392, hits=9, map=218)...[0m
[1;94m[*] [0mFuzzing test case #287 (1001 total, 0 uniq crashes found, perf_score=114, exec_us=338, hits=3458, map=511)...[0m
[1;94m[*] [0mFuzzing test case #198 (1001 total, 0 uniq crashes found, perf_score=114, exec_us=334, hits=192, map=521)...[0m
[1;94m[*] [0mFuzzing test case #664 (1001 total, 0 uniq crashes found, perf_score=229, exec_us=348, hits=492, map=519)...[0m
[1;94m[*] [0mFuzzing test case #243 (1001 total, 0 uniq crashes found, perf_score=86, exec_us=433, hits=204, map=226)...[0m
[1;94m[*] [0mFuzzing test case #853 (1001 total, 0 uniq crashes found, perf_score=345, exec_us=336, hits=141, map=281)...[0m
[1;94m[*] [0mFuzzing test case #416 (1001 total, 0 uniq crashes found, perf_score=229, exec_us=304, hits=1824, map=287)...[0m
[1;94m[*] [0mFuzzing test case #761 (1001 total, 0 uniq crashes found, perf_score=229, exec_us=528, hits=268, map=289)...[0m
[1;94m[*] [0mFuzzing test case #853 (1001 total, 0 uniq crashes found, perf_score=345, exec_us=336, hits=143, map=281)...[0m
[1;94m[*] [0mFuzzing test case #853 (1001 total, 0 uniq crashes found, perf_score=345, exec_us=336, hits=145, map=281)...[0m
[1;94m[*] [0mFuzzing test case #991 (1001 total, 0 uniq crashes found, perf_score=459, exec_us=343, hits=444, map=504)...[0m
[1;94m[*] [0mFuzzing test case #198 (1001 total, 0 uniq crashes found, perf_score=114, exec_us=334, hits=194, map=521)...[0m
[1;94m[*] [0mFuzzing test case #57 (1001 total, 0 uniq crashes found, perf_score=114, exec_us=403, hits=84, map=511)...[0m
[1;94m[*] [0mFuzzing test case #770 (1001 total, 0 uniq crashes found, perf_score=690, exec_us=481, hits=4, map=280)...[0m
[1;94m[*] [0mFuzzing test case #287 (1001 total, 0 uniq crashes found, perf_score=114, exec_us=338, hits=3473, map=511)...[0m
[1;94m[*] [0mFuzzing test case #287 (1001 total, 0 uniq crashes found, perf_score=114, exec_us=338, hits=3481, map=511)...[0m
[1;94m[*] [0mFuzzing test case #853 (1001 total, 0 uniq crashes found, perf_score=345, exec_us=336, hits=145, map=281)...[0m
[1;94m[*] [0mFuzzing test case #316 (1001 total, 0 uniq crashes found, perf_score=258, exec_us=363, hits=7, map=258)...[0m
[1;94m[*] [0mFuzzing test case #664 (1001 total, 0 uniq crashes found, perf_score=229, exec_us=348, hits=507, map=519)...[0m
[1;94m[*] [0mFuzzing test case #853 (1001 total, 0 uniq crashes found, perf_score=345, exec_us=336, hits=145, map=281)...[0m
[1;94m[*] [0mFuzzing test case #287 (1001 total, 0 uniq crashes found, perf_score=114, exec_us=338, hits=3500, map=511)...[0m
[1;94m[*] [0mFuzzing test case #853 (1001 total, 0 uniq crashes found, perf_score=345, exec_us=336, hits=145, map=281)...[0m
[1;94m[*] [0mFuzzing test case #287 (1001 total, 0 uniq crashes found, perf_score=114, exec_us=338, hits=3512, map=511)...[0m
[1;94m[*] [0mFuzzing test case #391 (1001 total, 0 uniq crashes found, perf_score=114, exec_us=310, hits=32, map=312)...[0m
[1;94m[*] [0mFuzzing test case #853 (1001 total, 0 uniq crashes found, perf_score=345, exec_us=336, hits=145, map=281)...[0m
[1;94m[*] [0mFuzzing test case #263 (1001 total, 0 uniq crashes found, perf_score=172, exec_us=358, hits=259, map=545)...[0m
[1;94m[*] [0mFuzzing test case #1001 (1002 total, 0 uniq crashes found, perf_score=400, exec_us=440, hits=1, map=287)...[0m
[1;94m[*] [0mFuzzing test case #876 (1003 total, 0 uniq crashes found, perf_score=345, exec_us=438, hits=694, map=312)...[0m
[1;94m[*] [0mFuzzing test case #391 (1003 total, 0 uniq crashes found, perf_score=114, exec_us=310, hits=34, map=312)...[0m
[1;94m[*] [0mFuzzing test case #430 (1003 total, 0 uniq crashes found, perf_score=86, exec_us=359, hits=190, map=253)...[0m
[1;94m[*] [0mFuzzing test case #1002 (1003 total, 0 uniq crashes found, perf_score=400, exec_us=434, hits=1, map=274)...[0m
[1;94m[*] [0mFuzzing test case #287 (1004 total, 0 uniq crashes found, perf_score=114, exec_us=338, hits=3522, map=511)...[0m
[1;94m[*] [0mFuzzing test case #287 (1004 total, 0 uniq crashes found, perf_score=114, exec_us=338, hits=3537, map=511)...[0m
[1;94m[*] [0mFuzzing test case #287 (1004 total, 0 uniq crashes found, perf_score=114, exec_us=338, hits=3548, map=511)...[0m
[1;94m[*] [0mFuzzing test case #461 (1004 total, 0 uniq crashes found, perf_score=114, exec_us=478, hits=210, map=516)...[0m
[1;94m[*] [0mFuzzing test case #514 (1004 total, 0 uniq crashes found, perf_score=229, exec_us=398, hits=66, map=308)...[0m
[1;94m[*] [0mFuzzing test case #769 (1004 total, 0 uniq crashes found, perf_score=459, exec_us=334, hits=28, map=280)...[0m
[1;94m[*] [0mFuzzing test case #853 (1004 total, 0 uniq crashes found, perf_score=345, exec_us=336, hits=145, map=281)...[0m
[1;94m[*] [0mFuzzing test case #287 (1004 total, 0 uniq crashes found, perf_score=114, exec_us=338, hits=3574, map=511)...[0m
[1;94m[*] [0mFuzzing test case #853 (1004 total, 0 uniq crashes found, perf_score=345, exec_us=336, hits=145, map=281)...[0m
[1;94m[*] [0mFuzzing test case #287 (1004 total, 0 uniq crashes found, perf_score=114, exec_us=338, hits=3589, map=511)...[0m
[1;94m[*] [0mFuzzing test case #853 (1004 total, 0 uniq crashes found, perf_score=345, exec_us=336, hits=146, map=281)...[0m
[1;94m[*] [0mFuzzing test case #860 (1004 total, 0 uniq crashes found, perf_score=114, exec_us=431, hits=241, map=303)...[0m
[1;94m[*] [0mFuzzing test case #287 (1004 total, 0 uniq crashes found, perf_score=114, exec_us=338, hits=3610, map=511)...[0m
[1;94m[*] [0mFuzzing test case #58 (1004 total, 0 uniq crashes found, perf_score=114, exec_us=418, hits=195, map=512)...[0m
[1;94m[*] [0mFuzzing test case #853 (1004 total, 0 uniq crashes found, perf_score=345, exec_us=336, hits=146, map=281)...[0m
[1;94m[*] [0mFuzzing test case #287 (1004 total, 0 uniq crashes found, perf_score=114, exec_us=338, hits=3628, map=511)...[0m
[1;94m[*] [0mFuzzing test case #414 (1004 total, 0 uniq crashes found, perf_score=229, exec_us=375, hits=1365, map=301)...[0m
[1;94m[*] [0mFuzzing test case #853 (1004 total, 0 uniq crashes found, perf_score=345, exec_us=336, hits=147, map=281)...[0m
[1;94m[*] [0mFuzzing test case #103 (1004 total, 0 uniq crashes found, perf_score=75, exec_us=410, hits=13, map=234)...[0m
[1;94m[*] [0mFuzzing test case #903 (1004 total, 0 uniq crashes found, perf_score=459, exec_us=366, hits=19, map=512)...[0m
[1;94m[*] [0mFuzzing test case #803 (1004 total, 0 uniq crashes found, perf_score=229, exec_us=384, hits=92, map=505)...[0m
[1;94m[*] [0mFuzzing test case #853 (1004 total, 0 uniq crashes found, perf_score=345, exec_us=336, hits=147, map=281)...[0m
[1;94m[*] [0mFuzzing test case #853 (1004 total, 0 uniq crashes found, perf_score=345, exec_us=336, hits=147, map=281)...[0m
[1;94m[*] [0mFuzzing test case #287 (1004 total, 0 uniq crashes found, perf_score=114, exec_us=338, hits=3633, map=511)...[0m
[1;94m[*] [0mFuzzing test case #664 (1004 total, 0 uniq crashes found, perf_score=229, exec_us=348, hits=514, map=519)...[0m
[1;94m[*] [0mFuzzing test case #664 (1004 total, 0 uniq crashes found, perf_score=229, exec_us=348, hits=524, map=519)...[0m
[1;94m[*] [0mFuzzing test case #779 (1004 total, 0 uniq crashes found, perf_score=258, exec_us=622, hits=540, map=313)...[0m
[1;94m[*] [0mFuzzing test case #853 (1004 total, 0 uniq crashes found, perf_score=345, exec_us=336, hits=148, map=281)...[0m
[1;94m[*] [0mFuzzing test case #430 (1004 total, 0 uniq crashes found, perf_score=86, exec_us=359, hits=255, map=253)...[0m
[1;94m[*] [0mFuzzing test case #664 (1004 total, 0 uniq crashes found, perf_score=229, exec_us=348, hits=533, map=519)...[0m
[1;94m[*] [0mFuzzing test case #404 (1004 total, 0 uniq crashes found, perf_score=114, exec_us=378, hits=281, map=341)...[0m
[1;94m[*] [0mFuzzing test case #463 (1004 total, 0 uniq crashes found, perf_score=114, exec_us=454, hits=205, map=518)...[0m
[1;94m[*] [0mFuzzing test case #287 (1004 total, 0 uniq crashes found, perf_score=114, exec_us=338, hits=3640, map=511)...[0m
[1;94m[*] [0mFuzzing test case #514 (1004 total, 0 uniq crashes found, perf_score=229, exec_us=398, hits=66, map=308)...[0m
[1;94m[*] [0mFuzzing test case #287 (1004 total, 0 uniq crashes found, perf_score=114, exec_us=338, hits=3653, map=511)...[0m
[1;94m[*] [0mFuzzing test case #391 (1004 total, 0 uniq crashes found, perf_score=114, exec_us=310, hits=36, map=312)...[0m
[1;94m[*] [0mFuzzing test case #287 (1004 total, 0 uniq crashes found, perf_score=114, exec_us=338, hits=3662, map=511)...[0m
[1;94m[*] [0mFuzzing test case #287 (1004 total, 0 uniq crashes found, perf_score=114, exec_us=338, hits=3672, map=511)...[0m
[1;94m[*] [0mFuzzing test case #168 (1004 total, 0 uniq crashes found, perf_score=114, exec_us=411, hits=190, map=303)...[0m
[1;94m[*] [0mFuzzing test case #853 (1004 total, 0 uniq crashes found, perf_score=345, exec_us=336, hits=148, map=281)...[0m
[1;94m[*] [0mFuzzing test case #853 (1004 total, 0 uniq crashes found, perf_score=345, exec_us=336, hits=149, map=281)...[0m
[1;94m[*] [0mFuzzing test case #514 (1004 total, 0 uniq crashes found, perf_score=229, exec_us=398, hits=66, map=308)...[0m
[1;94m[*] [0mFuzzing test case #664 (1004 total, 0 uniq crashes found, perf_score=229, exec_us=348, hits=538, map=519)...[0m
[1;94m[*] [0mFuzzing test case #853 (1004 total, 0 uniq crashes found, perf_score=345, exec_us=336, hits=149, map=281)...[0m
[1;94m[*] [0mFuzzing test case #740 (1004 total, 0 uniq crashes found, perf_score=229, exec_us=378, hits=741, map=276)...[0m
[1;94m[*] [0mFuzzing test case #515 (1004 total, 0 uniq crashes found, perf_score=919, exec_us=375, hits=3, map=277)...[0m
[1;94m[*] [0mFuzzing test case #524 (1004 total, 0 uniq crashes found, perf_score=114, exec_us=347, hits=309, map=462)...[0m
[1;94m[*] [0mFuzzing test case #287 (1004 total, 0 uniq crashes found, perf_score=114, exec_us=338, hits=3691, map=511)...[0m
[1;94m[*] [0mFuzzing test case #664 (1004 total, 0 uniq crashes found, perf_score=229, exec_us=348, hits=546, map=519)...[0m
[1;94m[*] [0mFuzzing test case #664 (1004 total, 0 uniq crashes found, perf_score=229, exec_us=348, hits=552, map=519)...[0m
[1;94m[*] [0mFuzzing test case #287 (1004 total, 0 uniq crashes found, perf_score=114, exec_us=338, hits=3707, map=511)...[0m
[1;94m[*] [0mFuzzing test case #287 (1004 total, 0 uniq crashes found, perf_score=114, exec_us=338, hits=3720, map=511)...[0m
[1;94m[*] [0mFuzzing test case #789 (1004 total, 0 uniq crashes found, perf_score=229, exec_us=359, hits=474, map=353)...[0m
[1;94m[*] [0mFuzzing test case #86 (1004 total, 0 uniq crashes found, perf_score=114, exec_us=358, hits=213, map=337)...[0m
[1;94m[*] [0mFuzzing test case #664 (1004 total, 0 uniq crashes found, perf_score=229, exec_us=348, hits=555, map=519)...[0m
[1;94m[*] [0mFuzzing test case #124 (1004 total, 0 uniq crashes found, perf_score=459, exec_us=415, hits=1, map=300)...[0m
[1;94m[*] [0mFuzzing test case #728 (1004 total, 0 uniq crashes found, perf_score=229, exec_us=366, hits=2374, map=463)...[0m
[1;94m[*] [0mFuzzing test case #477 (1004 total, 0 uniq crashes found, perf_score=229, exec_us=414, hits=574, map=273)...[0m
[1;94m[*] [0mFuzzing test case #797 (1004 total, 0 uniq crashes found, perf_score=517, exec_us=369, hits=282, map=538)...[0m
[1;94m[*] [0mFuzzing test case #763 (1005 total, 0 uniq crashes found, perf_score=229, exec_us=334, hits=798, map=476)...[0m
[1;94m[*] [0mFuzzing test case #176 (1005 total, 0 uniq crashes found, perf_score=114, exec_us=345, hits=91, map=496)...[0m
[1;94m[*] [0mFuzzing test case #86 (1005 total, 0 uniq crashes found, perf_score=114, exec_us=358, hits=245, map=337)...[0m
[1;94m[*] [0mFuzzing test case #664 (1005 total, 0 uniq crashes found, perf_score=229, exec_us=348, hits=564, map=519)...[0m
[1;94m[*] [0mFuzzing test case #86 (1005 total, 0 uniq crashes found, perf_score=114, exec_us=358, hits=268, map=337)...[0m
[1;94m[*] [0mFuzzing test case #931 (1005 total, 0 uniq crashes found, perf_score=690, exec_us=356, hits=5, map=278)...[0m
[1;94m[*] [0mFuzzing test case #766 (1005 total, 0 uniq crashes found, perf_score=229, exec_us=432, hits=504, map=291)...[0m
[1;94m[*] [0mFuzzing test case #763 (1005 total, 0 uniq crashes found, perf_score=229, exec_us=334, hits=865, map=476)...[0m
[1;94m[*] [0mFuzzing test case #853 (1005 total, 0 uniq crashes found, perf_score=345, exec_us=336, hits=149, map=281)...[0m
[1;94m[*] [0mFuzzing test case #287 (1005 total, 0 uniq crashes found, perf_score=114, exec_us=338, hits=3728, map=511)...[0m
[1;94m[*] [0mFuzzing test case #771 (1005 total, 0 uniq crashes found, perf_score=172, exec_us=327, hits=457, map=257)...[0m
[1;94m[*] [0mFuzzing test case #306 (1005 total, 0 uniq crashes found, perf_score=459, exec_us=348, hits=1, map=325)...[0m
[1;94m[*] [0mFuzzing test case #437 (1005 total, 0 uniq crashes found, perf_score=114, exec_us=401, hits=690, map=511)...[0m
[1;94m[*] [0mFuzzing test case #769 (1006 total, 0 uniq crashes found, perf_score=459, exec_us=334, hits=31, map=280)...[0m
[1;94m[*] [0mFuzzing test case #391 (1006 total, 0 uniq crashes found, perf_score=114, exec_us=310, hits=37, map=312)...[0m
[1;94m[*] [0mFuzzing test case #679 (1006 total, 0 uniq crashes found, perf_score=229, exec_us=456, hits=287, map=327)...[0m
[1;94m[*] [0mFuzzing test case #648 (1006 total, 0 uniq crashes found, perf_score=229, exec_us=369, hits=750, map=415)...[0m
[1;94m[*] [0mFuzzing test case #129 (1006 total, 0 uniq crashes found, perf_score=80, exec_us=351, hits=79, map=284)...[0m
[1;94m[*] [0mFuzzing test case #1002 (1006 total, 0 uniq crashes found, perf_score=229, exec_us=434, hits=81, map=274)...[0m
[1;94m[*] [0mFuzzing test case #664 (1006 total, 0 uniq crashes found, perf_score=229, exec_us=348, hits=580, map=519)...[0m
[1;94m[*] [0mFuzzing test case #391 (1006 total, 0 uniq crashes found, perf_score=114, exec_us=310, hits=37, map=312)...[0m
[1;94m[*] [0mFuzzing test case #287 (1006 total, 0 uniq crashes found, perf_score=114, exec_us=338, hits=3743, map=511)...[0m
[1;94m[*] [0mFuzzing test case #822 (1006 total, 0 uniq crashes found, perf_score=345, exec_us=336, hits=1380, map=274)...[0m
[1;94m[*] [0mFuzzing test case #664 (1007 total, 0 uniq crashes found, perf_score=229, exec_us=348, hits=585, map=519)...[0m
[1;94m[*] [0mFuzzing test case #931 (1007 total, 0 uniq crashes found, perf_score=690, exec_us=356, hits=6, map=278)...[0m
[1;94m[*] [0mFuzzing test case #148 (1008 total, 0 uniq crashes found, perf_score=25, exec_us=336, hits=1273, map=81)...[0m
[1;94m[*] [0mFuzzing test case #763 (1008 total, 0 uniq crashes found, perf_score=229, exec_us=334, hits=905, map=476)...[0m
[1;94m[*] [0mFuzzing test case #664 (1008 total, 0 uniq crashes found, perf_score=229, exec_us=348, hits=591, map=519)...[0m
[1;94m[*] [0mFuzzing test case #1006 (1008 total, 0 uniq crashes found, perf_score=300, exec_us=353, hits=1, map=274)...[0m
[1;94m[*] [0mFuzzing test case #287 (1008 total, 0 uniq crashes found, perf_score=114, exec_us=338, hits=3755, map=511)...[0m
[1;94m[*] [0mFuzzing test case #120 (1008 total, 0 uniq crashes found, perf_score=86, exec_us=503, hits=160, map=220)...[0m
[1;94m[*] [0mFuzzing test case #853 (1008 total, 0 uniq crashes found, perf_score=345, exec_us=336, hits=151, map=281)...[0m
[1;94m[*] [0mFuzzing test case #239 (1008 total, 0 uniq crashes found, perf_score=86, exec_us=466, hits=190, map=226)...[0m
[1;94m[*] [0mFuzzing test case #535 (1008 total, 0 uniq crashes found, perf_score=120, exec_us=404, hits=154, map=308)...[0m
[1;94m[*] [0mFuzzing test case #287 (1008 total, 0 uniq crashes found, perf_score=114, exec_us=338, hits=3767, map=511)...[0m
[1;94m[*] [0mFuzzing test case #263 (1008 total, 0 uniq crashes found, perf_score=172, exec_us=358, hits=273, map=545)...[0m
[1;94m[*] [0mFuzzing test case #853 (1008 total, 0 uniq crashes found, perf_score=345, exec_us=336, hits=152, map=281)...[0m
[1;94m[*] [0mFuzzing test case #698 (1008 total, 0 uniq crashes found, perf_score=229, exec_us=386, hits=514, map=270)...[0m
[1;94m[*] [0mFuzzing test case #287 (1008 total, 0 uniq crashes found, perf_score=114, exec_us=338, hits=3784, map=511)...[0m
[1;94m[*] [0mFuzzing test case #380 (1008 total, 0 uniq crashes found, perf_score=345, exec_us=393, hits=4, map=328)...[0m
[1;94m[*] [0mFuzzing test case #688 (1008 total, 0 uniq crashes found, perf_score=229, exec_us=337, hits=635, map=303)...[0m
[1;94m[*] [0mFuzzing test case #287 (1008 total, 0 uniq crashes found, perf_score=114, exec_us=338, hits=3798, map=511)...[0m
[1;94m[*] [0mFuzzing test case #853 (1008 total, 0 uniq crashes found, perf_score=345, exec_us=336, hits=152, map=281)...[0m
[1;94m[*] [0mFuzzing test case #853 (1008 total, 0 uniq crashes found, perf_score=345, exec_us=336, hits=153, map=281)...[0m
[1;94m[*] [0mFuzzing test case #287 (1008 total, 0 uniq crashes found, perf_score=114, exec_us=338, hits=3805, map=511)...[0m
[1;94m[*] [0mFuzzing test case #853 (1008 total, 0 uniq crashes found, perf_score=345, exec_us=336, hits=155, map=281)...[0m
[1;94m[*] [0mFuzzing test case #600 (1008 total, 0 uniq crashes found, perf_score=345, exec_us=424, hits=204, map=531)...[0m
[1;94m[*] [0mFuzzing test case #728 (1008 total, 0 uniq crashes found, perf_score=229, exec_us=366, hits=2409, map=463)...[0m
[1;94m[*] [0mFuzzing test case #287 (1008 total, 0 uniq crashes found, perf_score=114, exec_us=338, hits=3820, map=511)...[0m
[1;94m[*] [0mFuzzing test case #853 (1008 total, 0 uniq crashes found, perf_score=345, exec_us=336, hits=155, map=281)...[0m
[1;94m[*] [0mFuzzing test case #853 (1008 total, 0 uniq crashes found, perf_score=345, exec_us=336, hits=155, map=281)...[0m
[1;94m[*] [0mFuzzing test case #710 (1008 total, 0 uniq crashes found, perf_score=229, exec_us=384, hits=273, map=291)...[0m
[1;94m[*] [0mFuzzing test case #853 (1008 total, 0 uniq crashes found, perf_score=345, exec_us=336, hits=155, map=281)...[0m
[1;94m[*] [0mFuzzing test case #287 (1008 total, 0 uniq crashes found, perf_score=114, exec_us=338, hits=3841, map=511)...[0m
[1;94m[*] [0mFuzzing test case #287 (1008 total, 0 uniq crashes found, perf_score=114, exec_us=338, hits=3854, map=511)...[0m
[1;94m[*] [0mFuzzing test case #664 (1008 total, 0 uniq crashes found, perf_score=229, exec_us=348, hits=601, map=519)...[0m
[1;94m[*] [0mFuzzing test case #769 (1008 total, 0 uniq crashes found, perf_score=229, exec_us=334, hits=33, map=280)...[0m
[1;94m[*] [0mFuzzing test case #741 (1008 total, 0 uniq crashes found, perf_score=229, exec_us=402, hits=936, map=301)...[0m
[1;94m[*] [0mFuzzing test case #144 (1008 total, 0 uniq crashes found, perf_score=114, exec_us=384, hits=117, map=272)...[0m
[1;94m[*] [0mFuzzing test case #287 (1008 total, 0 uniq crashes found, perf_score=114, exec_us=338, hits=3870, map=511)...[0m
[1;94m[*] [0mFuzzing test case #853 (1008 total, 0 uniq crashes found, perf_score=345, exec_us=336, hits=155, map=281)...[0m
[1;94m[*] [0mFuzzing test case #811 (1008 total, 0 uniq crashes found, perf_score=345, exec_us=353, hits=748, map=312)...[0m
[1;94m[*] [0mFuzzing test case #287 (1008 total, 0 uniq crashes found, perf_score=114, exec_us=338, hits=3884, map=511)...[0m
[1;94m[*] [0mFuzzing test case #287 (1008 total, 0 uniq crashes found, perf_score=114, exec_us=338, hits=3902, map=511)...[0m
[1;94m[*] [0mFuzzing test case #287 (1008 total, 0 uniq crashes found, perf_score=114, exec_us=338, hits=3912, map=511)...[0m
[1;94m[*] [0mFuzzing test case #365 (1008 total, 0 uniq crashes found, perf_score=172, exec_us=402, hits=121, map=541)...[0m
[1;94m[*] [0mFuzzing test case #287 (1008 total, 0 uniq crashes found, perf_score=114, exec_us=338, hits=3931, map=511)...[0m
[1;94m[*] [0mFuzzing test case #287 (1008 total, 0 uniq crashes found, perf_score=114, exec_us=338, hits=3955, map=511)...[0m
[1;94m[*] [0mFuzzing test case #853 (1008 total, 0 uniq crashes found, perf_score=345, exec_us=336, hits=156, map=281)...[0m
[1;94m[*] [0mFuzzing test case #769 (1008 total, 0 uniq crashes found, perf_score=229, exec_us=334, hits=33, map=280)...[0m
[1;94m[*] [0mFuzzing test case #287 (1008 total, 0 uniq crashes found, perf_score=114, exec_us=338, hits=3967, map=511)...[0m
[1;94m[*] [0mFuzzing test case #287 (1008 total, 0 uniq crashes found, perf_score=114, exec_us=338, hits=3980, map=511)...[0m
[1;94m[*] [0mFuzzing test case #853 (1008 total, 0 uniq crashes found, perf_score=345, exec_us=336, hits=156, map=281)...[0m
[1;94m[*] [0mFuzzing test case #843 (1008 total, 0 uniq crashes found, perf_score=345, exec_us=405, hits=1328, map=285)...[0m
[1;94m[*] [0mFuzzing test case #664 (1008 total, 0 uniq crashes found, perf_score=229, exec_us=348, hits=612, map=519)...[0m
[1;94m[*] [0mFuzzing test case #279 (1008 total, 0 uniq crashes found, perf_score=172, exec_us=350, hits=29, map=258)...[0m
[1;94m[*] [0mFuzzing test case #176 (1008 total, 0 uniq crashes found, perf_score=114, exec_us=345, hits=95, map=496)...[0m
[1;94m[*] [0mFuzzing test case #853 (1008 total, 0 uniq crashes found, perf_score=345, exec_us=336, hits=157, map=281)...[0m
[1;94m[*] [0mFuzzing test case #287 (1008 total, 0 uniq crashes found, perf_score=114, exec_us=338, hits=3993, map=511)...[0m
[1;94m[*] [0mFuzzing test case #287 (1008 total, 0 uniq crashes found, perf_score=114, exec_us=338, hits=4005, map=511)...[0m
[1;94m[*] [0mFuzzing test case #287 (1008 total, 0 uniq crashes found, perf_score=114, exec_us=338, hits=4016, map=511)...[0m
[1;94m[*] [0mFuzzing test case #485 (1008 total, 0 uniq crashes found, perf_score=229, exec_us=377, hits=33, map=292)...[0m
[1;94m[*] [0mFuzzing test case #287 (1008 total, 0 uniq crashes found, perf_score=114, exec_us=338, hits=4027, map=511)...[0m
[1;94m[*] [0mFuzzing test case #853 (1008 total, 0 uniq crashes found, perf_score=345, exec_us=336, hits=158, map=281)...[0m
[1;94m[*] [0mFuzzing test case #287 (1008 total, 0 uniq crashes found, perf_score=114, exec_us=338, hits=4043, map=511)...[0m
[1;94m[*] [0mFuzzing test case #114 (1008 total, 0 uniq crashes found, perf_score=258, exec_us=335, hits=11, map=218)...[0m
[1;94m[*] [0mFuzzing test case #1002 (1008 total, 0 uniq crashes found, perf_score=229, exec_us=434, hits=100, map=274)...[0m
[1;94m[*] [0mFuzzing test case #514 (1008 total, 0 uniq crashes found, perf_score=229, exec_us=398, hits=67, map=308)...[0m
[1;94m[*] [0mFuzzing test case #728 (1008 total, 0 uniq crashes found, perf_score=229, exec_us=366, hits=2446, map=463)...[0m
[1;94m[*] [0mFuzzing test case #903 (1008 total, 0 uniq crashes found, perf_score=459, exec_us=366, hits=19, map=512)...[0m
[1;94m[*] [0mFuzzing test case #1002 (1008 total, 0 uniq crashes found, perf_score=229, exec_us=434, hits=109, map=274)...[0m
[1;94m[*] [0mFuzzing test case #664 (1008 total, 0 uniq crashes found, perf_score=229, exec_us=348, hits=619, map=519)...[0m
[1;94m[*] [0mFuzzing test case #287 (1008 total, 0 uniq crashes found, perf_score=114, exec_us=338, hits=4054, map=511)...[0m
[1;94m[*] [0mFuzzing test case #287 (1008 total, 0 uniq crashes found, perf_score=114, exec_us=338, hits=4058, map=511)...[0m
[1;94m[*] [0mFuzzing test case #853 (1008 total, 0 uniq crashes found, perf_score=345, exec_us=336, hits=158, map=281)...[0m
[1;94m[*] [0mFuzzing test case #287 (1008 total, 0 uniq crashes found, perf_score=114, exec_us=338, hits=4066, map=511)...[0m
[1;94m[*] [0mFuzzing test case #451 (1008 total, 0 uniq crashes found, perf_score=86, exec_us=679, hits=70, map=516)...[0m
[1;94m[*] [0mFuzzing test case #853 (1008 total, 0 uniq crashes found, perf_score=345, exec_us=336, hits=158, map=281)...[0m
[1;94m[*] [0mFuzzing test case #853 (1008 total, 0 uniq crashes found, perf_score=345, exec_us=336, hits=158, map=281)...[0m
[1;94m[*] [0mFuzzing test case #670 (1008 total, 0 uniq crashes found, perf_score=200, exec_us=464, hits=1, map=492)...[0m
[1;94m[*] [0mFuzzing test case #991 (1008 total, 0 uniq crashes found, perf_score=459, exec_us=343, hits=479, map=504)...[0m
[1;94m[*] [0mFuzzing test case #786 (1008 total, 0 uniq crashes found, perf_score=459, exec_us=351, hits=30, map=493)...[0m
[1;94m[*] [0mFuzzing test case #853 (1008 total, 0 uniq crashes found, perf_score=345, exec_us=336, hits=158, map=281)...[0m
[1;94m[*] [0mFuzzing test case #371 (1008 total, 0 uniq crashes found, perf_score=150, exec_us=500, hits=3, map=539)...[0m
[1;94m[*] [0mFuzzing test case #287 (1008 total, 0 uniq crashes found, perf_score=114, exec_us=338, hits=4080, map=511)...[0m
[1;94m[*] [0mFuzzing test case #441 (1008 total, 0 uniq crashes found, perf_score=100, exec_us=454, hits=4, map=487)...[0m
[1;94m[*] [0mFuzzing test case #287 (1008 total, 0 uniq crashes found, perf_score=114, exec_us=338, hits=4094, map=511)...[0m
[1;94m[*] [0mFuzzing test case #287 (1008 total, 0 uniq crashes found, perf_score=114, exec_us=338, hits=4109, map=511)...[0m
[1;94m[*] [0mFuzzing test case #651 (1008 total, 0 uniq crashes found, perf_score=919, exec_us=348, hits=1, map=304)...[0m
[1;94m[*] [0mFuzzing test case #514 (1008 total, 0 uniq crashes found, perf_score=229, exec_us=398, hits=67, map=308)...[0m
[1;94m[*] [0mFuzzing test case #287 (1008 total, 0 uniq crashes found, perf_score=114, exec_us=338, hits=4115, map=511)...[0m
[1;94m[*] [0mFuzzing test case #786 (1008 total, 0 uniq crashes found, perf_score=459, exec_us=351, hits=30, map=493)...[0m
[1;94m[*] [0mFuzzing test case #287 (1008 total, 0 uniq crashes found, perf_score=114, exec_us=338, hits=4125, map=511)...[0m
[1;94m[*] [0mFuzzing test case #287 (1008 total, 0 uniq crashes found, perf_score=114, exec_us=338, hits=4136, map=511)...[0m
[1;94m[*] [0mFuzzing test case #287 (1008 total, 0 uniq crashes found, perf_score=114, exec_us=338, hits=4154, map=511)...[0m
[1;94m[*] [0mFuzzing test case #853 (1008 total, 0 uniq crashes found, perf_score=345, exec_us=336, hits=158, map=281)...[0m
[1;94m[*] [0mFuzzing test case #721 (1008 total, 0 uniq crashes found, perf_score=229, exec_us=387, hits=304, map=268)...[0m
[1;94m[*] [0mFuzzing test case #664 (1008 total, 0 uniq crashes found, perf_score=229, exec_us=348, hits=625, map=519)...[0m
[1;94m[*] [0mFuzzing test case #853 (1008 total, 0 uniq crashes found, perf_score=345, exec_us=336, hits=158, map=281)...[0m
[1;94m[*] [0mFuzzing test case #741 (1008 total, 0 uniq crashes found, perf_score=229, exec_us=402, hits=998, map=301)...[0m
[1;94m[*] [0mFuzzing test case #287 (1008 total, 0 uniq crashes found, perf_score=114, exec_us=338, hits=4164, map=511)...[0m
[1;94m[*] [0mFuzzing test case #840 (1008 total, 0 uniq crashes found, perf_score=345, exec_us=338, hits=281, map=279)...[0m
[1;94m[*] [0mFuzzing test case #287 (1008 total, 0 uniq crashes found, perf_score=114, exec_us=338, hits=4178, map=511)...[0m
[1;94m[*] [0mFuzzing test case #404 (1008 total, 0 uniq crashes found, perf_score=114, exec_us=378, hits=319, map=341)...[0m
[1;94m[*] [0mFuzzing test case #664 (1008 total, 0 uniq crashes found, perf_score=229, exec_us=348, hits=629, map=519)...[0m
[1;94m[*] [0mFuzzing test case #263 (1008 total, 0 uniq crashes found, perf_score=172, exec_us=358, hits=286, map=545)...[0m
[1;94m[*] [0mFuzzing test case #198 (1008 total, 0 uniq crashes found, perf_score=114, exec_us=334, hits=197, map=521)...[0m
[1;94m[*] [0mFuzzing test case #287 (1008 total, 0 uniq crashes found, perf_score=114, exec_us=338, hits=4192, map=511)...[0m
[1;94m[*] [0mFuzzing test case #980 (1008 total, 0 uniq crashes found, perf_score=300, exec_us=322, hits=2, map=294)...[0m
[1;94m[*] [0mFuzzing test case #426 (1009 total, 0 uniq crashes found, perf_score=114, exec_us=356, hits=439, map=478)...[0m
[1;94m[*] [0mFuzzing test case #287 (1009 total, 0 uniq crashes found, perf_score=114, exec_us=338, hits=4212, map=511)...[0m
[1;94m[*] [0mFuzzing test case #710 (1009 total, 0 uniq crashes found, perf_score=229, exec_us=384, hits=372, map=291)...[0m
[1;94m[*] [0mFuzzing test case #391 (1009 total, 0 uniq crashes found, perf_score=114, exec_us=310, hits=38, map=312)...[0m
[1;94m[*] [0mFuzzing test case #316 (1009 total, 0 uniq crashes found, perf_score=258, exec_us=363, hits=8, map=258)...[0m
[1;94m[*] [0mFuzzing test case #514 (1009 total, 0 uniq crashes found, perf_score=229, exec_us=398, hits=68, map=308)...[0m
[1;94m[*] [0mFuzzing test case #854 (1009 total, 0 uniq crashes found, perf_score=345, exec_us=327, hits=372, map=280)...[0m
[1;94m[*] [0mFuzzing test case #853 (1009 total, 0 uniq crashes found, perf_score=345, exec_us=336, hits=161, map=281)...[0m
[1;94m[*] [0mFuzzing test case #664 (1009 total, 0 uniq crashes found, perf_score=229, exec_us=348, hits=636, map=519)...[0m
[1;94m[*] [0mFuzzing test case #822 (1009 total, 0 uniq crashes found, perf_score=345, exec_us=336, hits=1610, map=274)...[0m
[1;94m[*] [0mFuzzing test case #491 (1009 total, 0 uniq crashes found, perf_score=114, exec_us=479, hits=147, map=285)...[0m
[1;94m[*] [0mFuzzing test case #287 (1009 total, 0 uniq crashes found, perf_score=114, exec_us=338, hits=4226, map=511)...[0m
[1;94m[*] [0mFuzzing test case #445 (1009 total, 0 uniq crashes found, perf_score=114, exec_us=476, hits=88, map=516)...[0m
[1;94m[*] [0mFuzzing test case #287 (1009 total, 0 uniq crashes found, perf_score=114, exec_us=338, hits=4240, map=511)...[0m
[1;94m[*] [0mFuzzing test case #890 (1009 total, 0 uniq crashes found, perf_score=345, exec_us=352, hits=654, map=542)...[0m
[1;94m[*] [0mFuzzing test case #123 (1009 total, 0 uniq crashes found, perf_score=86, exec_us=486, hits=268, map=219)...[0m
[1;94m[*] [0mFuzzing test case #11 (1009 total, 0 uniq crashes found, perf_score=114, exec_us=330, hits=414, map=517)...[0m
[1;94m[*] [0mFuzzing test case #299 (1009 total, 0 uniq crashes found, perf_score=345, exec_us=349, hits=13, map=263)...[0m
[1;94m[*] [0mFuzzing test case #287 (1009 total, 0 uniq crashes found, perf_score=114, exec_us=338, hits=4252, map=511)...[0m
[1;94m[*] [0mFuzzing test case #287 (1009 total, 0 uniq crashes found, perf_score=114, exec_us=338, hits=4268, map=511)...[0m
[1;94m[*] [0mFuzzing test case #641 (1009 total, 0 uniq crashes found, perf_score=114, exec_us=371, hits=89, map=272)...[0m
[1;94m[*] [0mFuzzing test case #239 (1009 total, 0 uniq crashes found, perf_score=86, exec_us=466, hits=243, map=226)...[0m
[1;94m[*] [0mFuzzing test case #741 (1009 total, 0 uniq crashes found, perf_score=229, exec_us=402, hits=1072, map=301)...[0m
[1;94m[*] [0mFuzzing test case #287 (1009 total, 0 uniq crashes found, perf_score=114, exec_us=338, hits=4281, map=511)...[0m
[1;94m[*] [0mFuzzing test case #287 (1009 total, 0 uniq crashes found, perf_score=114, exec_us=338, hits=4289, map=511)...[0m
[1;94m[*] [0mFuzzing test case #600 (1009 total, 0 uniq crashes found, perf_score=345, exec_us=424, hits=224, map=531)...[0m
[1;94m[*] [0mFuzzing test case #728 (1009 total, 0 uniq crashes found, perf_score=229, exec_us=366, hits=2477, map=463)...[0m
[1;94m[*] [0mFuzzing test case #704 (1009 total, 0 uniq crashes found, perf_score=345, exec_us=333, hits=312, map=310)...[0m
[1;94m[*] [0mFuzzing test case #853 (1009 total, 0 uniq crashes found, perf_score=345, exec_us=336, hits=164, map=281)...[0m
[1;94m[*] [0mFuzzing test case #391 (1009 total, 0 uniq crashes found, perf_score=114, exec_us=310, hits=38, map=312)...[0m
[1;94m[*] [0mFuzzing test case #853 (1009 total, 0 uniq crashes found, perf_score=345, exec_us=336, hits=164, map=281)...[0m
[1;94m[*] [0mFuzzing test case #211 (1009 total, 0 uniq crashes found, perf_score=258, exec_us=526, hits=8, map=218)...[0m
[1;94m[*] [0mFuzzing test case #400 (1009 total, 0 uniq crashes found, perf_score=459, exec_us=494, hits=2, map=331)...[0m
[1;94m[*] [0mFuzzing test case #763 (1009 total, 0 uniq crashes found, perf_score=229, exec_us=334, hits=945, map=476)...[0m
[1;94m[*] [0mFuzzing test case #287 (1010 total, 0 uniq crashes found, perf_score=114, exec_us=338, hits=4301, map=511)...[0m
[1;94m[*] [0mFuzzing test case #308 (1010 total, 0 uniq crashes found, perf_score=80, exec_us=366, hits=71, map=284)...[0m
[1;94m[*] [0mFuzzing test case #426 (1010 total, 0 uniq crashes found, perf_score=114, exec_us=356, hits=473, map=478)...[0m
[1;94m[*] [0mFuzzing test case #853 (1010 total, 0 uniq crashes found, perf_score=345, exec_us=336, hits=164, map=281)...[0m
[1;94m[*] [0mFuzzing test case #370 (1010 total, 0 uniq crashes found, perf_score=172, exec_us=384, hits=113, map=545)...[0m
[1;94m[*] [0mFuzzing test case #731 (1010 total, 0 uniq crashes found, perf_score=229, exec_us=405, hits=198, map=465)...[0m
[1;94m[*] [0mFuzzing test case #503 (1010 total, 0 uniq crashes found, perf_score=229, exec_us=419, hits=558, map=276)...[0m
[1;94m[*] [0mFuzzing test case #514 (1010 total, 0 uniq crashes found, perf_score=229, exec_us=398, hits=69, map=308)...[0m
[1;94m[*] [0mFuzzing test case #228 (1010 total, 0 uniq crashes found, perf_score=172, exec_us=347, hits=24, map=257)...[0m
[1;94m[*] [0mFuzzing test case #398 (1010 total, 0 uniq crashes found, perf_score=345, exec_us=334, hits=6, map=335)...[0m
[1;94m[*] [0mFuzzing test case #688 (1010 total, 0 uniq crashes found, perf_score=229, exec_us=337, hits=671, map=303)...[0m
[1;94m[*] [0mFuzzing test case #1002 (1010 total, 0 uniq crashes found, perf_score=229, exec_us=434, hits=119, map=274)...[0m
[1;94m[*] [0mFuzzing test case #797 (1010 total, 0 uniq crashes found, perf_score=517, exec_us=369, hits=382, map=538)...[0m
[1;94m[*] [0mFuzzing test case #382 (1010 total, 0 uniq crashes found, perf_score=459, exec_us=401, hits=2, map=318)...[0m
[1;94m[*] [0mFuzzing test case #991 (1010 total, 0 uniq crashes found, perf_score=459, exec_us=343, hits=511, map=504)...[0m
[1;94m[*] [0mFuzzing test case #797 (1010 total, 0 uniq crashes found, perf_score=517, exec_us=369, hits=432, map=538)...[0m
[1;94m[*] [0mFuzzing test case #524 (1010 total, 0 uniq crashes found, perf_score=114, exec_us=347, hits=348, map=462)...[0m
[1;94m[*] [0mFuzzing test case #311 (1010 total, 0 uniq crashes found, perf_score=100, exec_us=382, hits=1, map=290)...[0m
[1;94m[*] [0mFuzzing test case #287 (1010 total, 0 uniq crashes found, perf_score=114, exec_us=338, hits=4314, map=511)...[0m
[1;94m[*] [0mFuzzing test case #991 (1010 total, 0 uniq crashes found, perf_score=459, exec_us=343, hits=550, map=504)...[0m
[1;94m[*] [0mFuzzing test case #763 (1010 total, 0 uniq crashes found, perf_score=229, exec_us=334, hits=1031, map=476)...[0m
[1;94m[*] [0mFuzzing test case #287 (1010 total, 0 uniq crashes found, perf_score=114, exec_us=338, hits=4330, map=511)...[0m
[1;94m[*] [0mFuzzing test case #287 (1010 total, 0 uniq crashes found, perf_score=114, exec_us=338, hits=4348, map=511)...[0m
[1;94m[*] [0mFuzzing test case #100 (1010 total, 0 uniq crashes found, perf_score=114, exec_us=424, hits=1034, map=369)...[0m
[1;94m[*] [0mFuzzing test case #198 (1010 total, 0 uniq crashes found, perf_score=114, exec_us=334, hits=200, map=521)...[0m
[1;94m[*] [0mFuzzing test case #445 (1010 total, 0 uniq crashes found, perf_score=114, exec_us=476, hits=101, map=516)...[0m
[1;94m[*] [0mFuzzing test case #668 (1010 total, 0 uniq crashes found, perf_score=690, exec_us=479, hits=8, map=420)...[0m
[1;94m[*] [0mFuzzing test case #664 (1010 total, 0 uniq crashes found, perf_score=229, exec_us=348, hits=644, map=519)...[0m
[1;94m[*] [0mFuzzing test case #640 (1010 total, 0 uniq crashes found, perf_score=1035, exec_us=333, hits=8, map=307)...[0m
[1;94m[*] [0mFuzzing test case #144 (1010 total, 0 uniq crashes found, perf_score=114, exec_us=384, hits=168, map=272)...[0m
[1;94m[*] [0mFuzzing test case #664 (1010 total, 0 uniq crashes found, perf_score=229, exec_us=348, hits=646, map=519)...[0m
[1;94m[*] [0mFuzzing test case #664 (1010 total, 0 uniq crashes found, perf_score=229, exec_us=348, hits=653, map=519)...[0m
[1;94m[*] [0mFuzzing test case #853 (1010 total, 0 uniq crashes found, perf_score=345, exec_us=336, hits=164, map=281)...[0m
[1;94m[*] [0mFuzzing test case #287 (1010 total, 0 uniq crashes found, perf_score=114, exec_us=338, hits=4360, map=511)...[0m
[1;94m[*] [0mFuzzing test case #827 (1010 total, 0 uniq crashes found, perf_score=1380, exec_us=398, hits=3, map=307)...[0m
[1;94m[*] [0mFuzzing test case #854 (1011 total, 0 uniq crashes found, perf_score=345, exec_us=327, hits=456, map=280)...[0m
[1;94m[*] [0mFuzzing test case #247 (1011 total, 0 uniq crashes found, perf_score=86, exec_us=351, hits=268, map=227)...[0m
[1;94m[*] [0mFuzzing test case #853 (1011 total, 0 uniq crashes found, perf_score=345, exec_us=336, hits=165, map=281)...[0m
[1;94m[*] [0mFuzzing test case #741 (1011 total, 0 uniq crashes found, perf_score=229, exec_us=402, hits=1137, map=301)...[0m
[1;94m[*] [0mFuzzing test case #853 (1011 total, 0 uniq crashes found, perf_score=345, exec_us=336, hits=165, map=281)...[0m
[1;94m[*] [0mFuzzing test case #287 (1011 total, 0 uniq crashes found, perf_score=114, exec_us=338, hits=4370, map=511)...[0m
[1;94m[*] [0mFuzzing test case #310 (1011 total, 0 uniq crashes found, perf_score=114, exec_us=338, hits=103, map=280)...[0m
[1;94m[*] [0mFuzzing test case #853 (1011 total, 0 uniq crashes found, perf_score=345, exec_us=336, hits=165, map=281)...[0m
[1;94m[*] [0mFuzzing test case #287 (1011 total, 0 uniq crashes found, perf_score=114, exec_us=338, hits=4384, map=511)...[0m
[1;94m[*] [0mFuzzing test case #853 (1011 total, 0 uniq crashes found, perf_score=345, exec_us=336, hits=165, map=281)...[0m
[1;94m[*] [0mFuzzing test case #991 (1011 total, 0 uniq crashes found, perf_score=459, exec_us=343, hits=598, map=504)...[0m
[1;94m[*] [0mFuzzing test case #514 (1011 total, 0 uniq crashes found, perf_score=229, exec_us=398, hits=72, map=308)...[0m
[1;94m[*] [0mFuzzing test case #86 (1012 total, 0 uniq crashes found, perf_score=114, exec_us=358, hits=295, map=337)...[0m
[1;94m[*] [0mFuzzing test case #853 (1012 total, 0 uniq crashes found, perf_score=345, exec_us=336, hits=165, map=281)...[0m
[1;94m[*] [0mFuzzing test case #503 (1012 total, 0 uniq crashes found, perf_score=229, exec_us=419, hits=629, map=276)...[0m
[1;94m[*] [0mFuzzing test case #287 (1012 total, 0 uniq crashes found, perf_score=114, exec_us=338, hits=4398, map=511)...[0m
[1;94m[*] [0mFuzzing test case #445 (1012 total, 0 uniq crashes found, perf_score=114, exec_us=476, hits=111, map=516)...[0m
[1;94m[*] [0mFuzzing test case #664 (1012 total, 0 uniq crashes found, perf_score=229, exec_us=348, hits=658, map=519)...[0m
[1;94m[*] [0mFuzzing test case #287 (1012 total, 0 uniq crashes found, perf_score=114, exec_us=338, hits=4415, map=511)...[0m
[1;94m[*] [0mFuzzing test case #287 (1012 total, 0 uniq crashes found, perf_score=114, exec_us=338, hits=4427, map=511)...[0m
[1;94m[*] [0mFuzzing test case #853 (1012 total, 0 uniq crashes found, perf_score=345, exec_us=336, hits=165, map=281)...[0m
[1;94m[*] [0mFuzzing test case #50 (1012 total, 0 uniq crashes found, perf_score=100, exec_us=355, hits=34, map=294)...[0m
[1;94m[*] [0mFuzzing test case #380 (1012 total, 0 uniq crashes found, perf_score=345, exec_us=393, hits=4, map=328)...[0m
[1;94m[*] [0mFuzzing test case #369 (1012 total, 0 uniq crashes found, perf_score=114, exec_us=380, hits=38, map=295)...[0m
[1;94m[*] [0mFuzzing test case #263 (1012 total, 0 uniq crashes found, perf_score=172, exec_us=358, hits=295, map=545)...[0m
[1;94m[*] [0mFuzzing test case #190 (1012 total, 0 uniq crashes found, perf_score=86, exec_us=491, hits=49, map=245)...[0m
[1;94m[*] [0mFuzzing test case #642 (1012 total, 0 uniq crashes found, perf_score=229, exec_us=377, hits=148, map=294)...[0m
[1;94m[*] [0mFuzzing test case #279 (1012 total, 0 uniq crashes found, perf_score=86, exec_us=350, hits=43, map=258)...[0m
[1;94m[*] [0mFuzzing test case #287 (1012 total, 0 uniq crashes found, perf_score=114, exec_us=338, hits=4442, map=511)...[0m
[1;94m[*] [0mFuzzing test case #228 (1012 total, 0 uniq crashes found, perf_score=172, exec_us=347, hits=24, map=257)...[0m
[1;94m[*] [0mFuzzing test case #263 (1012 total, 0 uniq crashes found, perf_score=172, exec_us=358, hits=302, map=545)...[0m
[1;94m[*] [0mFuzzing test case #287 (1012 total, 0 uniq crashes found, perf_score=114, exec_us=338, hits=4455, map=511)...[0m
[1;94m[*] [0mFuzzing test case #789 (1012 total, 0 uniq crashes found, perf_score=229, exec_us=359, hits=507, map=353)...[0m
[1;94m[*] [0mFuzzing test case #263 (1012 total, 0 uniq crashes found, perf_score=172, exec_us=358, hits=312, map=545)...[0m
[1;94m[*] [0mFuzzing test case #853 (1012 total, 0 uniq crashes found, perf_score=345, exec_us=336, hits=165, map=281)...[0m
[1;94m[*] [0mFuzzing test case #853 (1012 total, 0 uniq crashes found, perf_score=345, exec_us=336, hits=166, map=281)...[0m
[1;94m[*] [0mFuzzing test case #853 (1012 total, 0 uniq crashes found, perf_score=345, exec_us=336, hits=167, map=281)...[0m
[1;94m[*] [0mFuzzing test case #853 (1012 total, 0 uniq crashes found, perf_score=345, exec_us=336, hits=167, map=281)...[0m
[1;94m[*] [0mFuzzing test case #853 (1012 total, 0 uniq crashes found, perf_score=345, exec_us=336, hits=167, map=281)...[0m
[1;94m[*] [0mFuzzing test case #664 (1012 total, 0 uniq crashes found, perf_score=229, exec_us=348, hits=665, map=519)...[0m
[1;94m[*] [0mFuzzing test case #930 (1012 total, 0 uniq crashes found, perf_score=300, exec_us=364, hits=1, map=293)...[0m
[1;94m[*] [0mFuzzing test case #391 (1013 total, 0 uniq crashes found, perf_score=114, exec_us=310, hits=39, map=312)...[0m
[1;94m[*] [0mFuzzing test case #740 (1013 total, 0 uniq crashes found, perf_score=229, exec_us=378, hits=812, map=276)...[0m
[1;94m[*] [0mFuzzing test case #365 (1013 total, 0 uniq crashes found, perf_score=172, exec_us=402, hits=131, map=541)...[0m
[1;94m[*] [0mFuzzing test case #287 (1013 total, 0 uniq crashes found, perf_score=114, exec_us=338, hits=4466, map=511)...[0m
[1;94m[*] [0mFuzzing test case #853 (1013 total, 0 uniq crashes found, perf_score=345, exec_us=336, hits=170, map=281)...[0m
[1;94m[*] [0mFuzzing test case #740 (1013 total, 0 uniq crashes found, perf_score=229, exec_us=378, hits=874, map=276)...[0m
[1;94m[*] [0mFuzzing test case #446 (1013 total, 0 uniq crashes found, perf_score=114, exec_us=497, hits=74, map=516)...[0m
[1;94m[*] [0mFuzzing test case #391 (1013 total, 0 uniq crashes found, perf_score=114, exec_us=310, hits=39, map=312)...[0m
[1;94m[*] [0mFuzzing test case #330 (1013 total, 0 uniq crashes found, perf_score=114, exec_us=399, hits=122, map=289)...[0m
[1;94m[*] [0mFuzzing test case #853 (1013 total, 0 uniq crashes found, perf_score=345, exec_us=336, hits=172, map=281)...[0m
[1;94m[*] [0mFuzzing test case #288 (1013 total, 0 uniq crashes found, perf_score=172, exec_us=361, hits=216, map=541)...[0m
[1;94m[*] [0mFuzzing test case #811 (1013 total, 0 uniq crashes found, perf_score=345, exec_us=353, hits=871, map=312)...[0m
[1;94m[*] [0mFuzzing test case #287 (1013 total, 0 uniq crashes found, perf_score=114, exec_us=338, hits=4480, map=511)...[0m
[1;94m[*] [0mFuzzing test case #287 (1013 total, 0 uniq crashes found, perf_score=114, exec_us=338, hits=4491, map=511)...[0m
[1;94m[*] [0mFuzzing test case #198 (1013 total, 0 uniq crashes found, perf_score=114, exec_us=334, hits=202, map=521)...[0m
[1;94m[*] [0mFuzzing test case #312 (1013 total, 0 uniq crashes found, perf_score=114, exec_us=379, hits=1669, map=282)...[0m
[1;94m[*] [0mFuzzing test case #0 (1013 total, 0 uniq crashes found, perf_score=600, exec_us=458, hits=0, map=545)...[0m
[1;94m[*] [0mFuzzing test case #456 (1013 total, 0 uniq crashes found, perf_score=114, exec_us=531, hits=73, map=516)...[0m
[1;94m[*] [0mFuzzing test case #100 (1013 total, 0 uniq crashes found, perf_score=114, exec_us=424, hits=1076, map=369)...[0m
[1;94m[*] [0mFuzzing test case #853 (1013 total, 0 uniq crashes found, perf_score=345, exec_us=336, hits=173, map=281)...[0m
[1;94m[*] [0mFuzzing test case #728 (1013 total, 0 uniq crashes found, perf_score=229, exec_us=366, hits=2507, map=463)...[0m
[1;94m[*] [0mFuzzing test case #391 (1013 total, 0 uniq crashes found, perf_score=114, exec_us=310, hits=41, map=312)...[0m
[1;94m[*] [0mFuzzing test case #853 (1013 total, 0 uniq crashes found, perf_score=345, exec_us=336, hits=173, map=281)...[0m
[1;94m[*] [0mFuzzing test case #664 (1013 total, 0 uniq crashes found, perf_score=229, exec_us=348, hits=677, map=519)...[0m
[1;94m[*] [0mFuzzing test case #83 (1013 total, 0 uniq crashes found, perf_score=75, exec_us=378, hits=17, map=214)...[0m
[1;94m[*] [0mFuzzing test case #853 (1013 total, 0 uniq crashes found, perf_score=345, exec_us=336, hits=173, map=281)...[0m
[1;94m[*] [0mFuzzing test case #359 (1013 total, 0 uniq crashes found, perf_score=172, exec_us=426, hits=206, map=530)...[0m
[1;94m[*] [0mFuzzing test case #287 (1013 total, 0 uniq crashes found, perf_score=114, exec_us=338, hits=4502, map=511)...[0m
[1;94m[*] [0mFuzzing test case #678 (1013 total, 0 uniq crashes found, perf_score=517, exec_us=463, hits=5, map=254)...[0m
[1;94m[*] [0mFuzzing test case #287 (1013 total, 0 uniq crashes found, perf_score=114, exec_us=338, hits=4511, map=511)...[0m
[1;94m[*] [0mFuzzing test case #664 (1013 total, 0 uniq crashes found, perf_score=229, exec_us=348, hits=682, map=519)...[0m
[1;94m[*] [0mFuzzing test case #741 (1013 total, 0 uniq crashes found, perf_score=229, exec_us=402, hits=1207, map=301)...[0m
[1;94m[*] [0mFuzzing test case #853 (1013 total, 0 uniq crashes found, perf_score=345, exec_us=336, hits=173, map=281)...[0m
[1;94m[*] [0mFuzzing test case #287 (1013 total, 0 uniq crashes found, perf_score=114, exec_us=338, hits=4529, map=511)...[0m
[1;94m[*] [0mFuzzing test case #735 (1013 total, 0 uniq crashes found, perf_score=229, exec_us=350, hits=165, map=266)...[0m
[1;94m[*] [0mFuzzing test case #477 (1013 total, 0 uniq crashes found, perf_score=229, exec_us=414, hits=633, map=273)...[0m
[1;94m[*] [0mFuzzing test case #161 (1013 total, 0 uniq crashes found, perf_score=459, exec_us=488, hits=3, map=271)...[0m
[1;94m[*] [0mFuzzing test case #853 (1013 total, 0 uniq crashes found, perf_score=345, exec_us=336, hits=173, map=281)...[0m
[1;94m[*] [0mFuzzing test case #47 (1013 total, 0 uniq crashes found, perf_score=86, exec_us=406, hits=2863, map=214)...[0m
[1;94m[*] [0mFuzzing test case #740 (1013 total, 0 uniq crashes found, perf_score=229, exec_us=378, hits=940, map=276)...[0m
[1;94m[*] [0mFuzzing test case #955 (1013 total, 0 uniq crashes found, perf_score=690, exec_us=329, hits=7, map=348)...[0m
[1;94m[*] [0mFuzzing test case #811 (1013 total, 0 uniq crashes found, perf_score=345, exec_us=353, hits=997, map=312)...[0m
[1;94m[*] [0mFuzzing test case #198 (1013 total, 0 uniq crashes found, perf_score=114, exec_us=334, hits=205, map=521)...[0m
[1;94m[*] [0mFuzzing test case #247 (1013 total, 0 uniq crashes found, perf_score=86, exec_us=351, hits=332, map=227)...[0m
[1;94m[*] [0mFuzzing test case #721 (1013 total, 0 uniq crashes found, perf_score=229, exec_us=387, hits=373, map=268)...[0m
[1;94m[*] [0mFuzzing test case #198 (1013 total, 0 uniq crashes found, perf_score=114, exec_us=334, hits=210, map=521)...[0m
[1;94m[*] [0mFuzzing test case #853 (1013 total, 0 uniq crashes found, perf_score=345, exec_us=336, hits=173, map=281)...[0m
[1;94m[*] [0mFuzzing test case #331 (1013 total, 0 uniq crashes found, perf_score=345, exec_us=391, hits=6, map=265)...[0m
[1;94m[*] [0mFuzzing test case #675 (1013 total, 0 uniq crashes found, perf_score=229, exec_us=390, hits=176, map=434)...[0m
[1;94m[*] [0mFuzzing test case #263 (1013 total, 0 uniq crashes found, perf_score=172, exec_us=358, hits=320, map=545)...[0m
[1;94m[*] [0mFuzzing test case #287 (1013 total, 0 uniq crashes found, perf_score=114, exec_us=338, hits=4541, map=511)...[0m
[1;94m[*] [0mFuzzing test case #853 (1013 total, 0 uniq crashes found, perf_score=345, exec_us=336, hits=173, map=281)...[0m
[1;94m[*] [0mFuzzing test case #789 (1013 total, 0 uniq crashes found, perf_score=229, exec_us=359, hits=552, map=353)...[0m
[1;94m[*] [0mFuzzing test case #198 (1013 total, 0 uniq crashes found, perf_score=114, exec_us=334, hits=213, map=521)...[0m
[1;94m[*] [0mFuzzing test case #822 (1013 total, 0 uniq crashes found, perf_score=345, exec_us=336, hits=1740, map=274)...[0m
[1;94m[*] [0mFuzzing test case #288 (1013 total, 0 uniq crashes found, perf_score=172, exec_us=361, hits=229, map=541)...[0m
[1;94m[*] [0mFuzzing test case #853 (1013 total, 0 uniq crashes found, perf_score=345, exec_us=336, hits=174, map=281)...[0m
[1;94m[*] [0mFuzzing test case #552 (1013 total, 0 uniq crashes found, perf_score=100, exec_us=451, hits=22, map=522)...[0m
[1;94m[*] [0mFuzzing test case #287 (1013 total, 0 uniq crashes found, perf_score=114, exec_us=338, hits=4550, map=511)...[0m
[1;94m[*] [0mFuzzing test case #853 (1013 total, 0 uniq crashes found, perf_score=345, exec_us=336, hits=174, map=281)...[0m
[1;94m[*] [0mFuzzing test case #664 (1013 total, 0 uniq crashes found, perf_score=229, exec_us=348, hits=685, map=519)...[0m
[1;94m[*] [0mFuzzing test case #491 (1013 total, 0 uniq crashes found, perf_score=114, exec_us=479, hits=200, map=285)...[0m
[1;94m[*] [0mFuzzing test case #741 (1013 total, 0 uniq crashes found, perf_score=229, exec_us=402, hits=1274, map=301)...[0m
[1;94m[*] [0mFuzzing test case #316 (1013 total, 0 uniq crashes found, perf_score=258, exec_us=363, hits=11, map=258)...[0m
[1;94m[*] [0mFuzzing test case #664 (1013 total, 0 uniq crashes found, perf_score=229, exec_us=348, hits=692, map=519)...[0m
[1;94m[*] [0mFuzzing test case #398 (1013 total, 0 uniq crashes found, perf_score=345, exec_us=334, hits=7, map=335)...[0m
[1;94m[*] [0mFuzzing test case #664 (1013 total, 0 uniq crashes found, perf_score=229, exec_us=348, hits=699, map=519)...[0m
[1;94m[*] [0mFuzzing test case #426 (1013 total, 0 uniq crashes found, perf_score=114, exec_us=356, hits=506, map=478)...[0m
[1;94m[*] [0mFuzzing test case #763 (1013 total, 0 uniq crashes found, perf_score=229, exec_us=334, hits=1086, map=476)...[0m
[1;94m[*] [0mFuzzing test case #514 (1013 total, 0 uniq crashes found, perf_score=229, exec_us=398, hits=72, map=308)...[0m
[1;94m[*] [0mFuzzing test case #263 (1013 total, 0 uniq crashes found, perf_score=172, exec_us=358, hits=330, map=545)...[0m
[1;94m[*] [0mFuzzing test case #449 (1013 total, 0 uniq crashes found, perf_score=114, exec_us=472, hits=246, map=519)...[0m
[1;94m[*] [0mFuzzing test case #446 (1013 total, 0 uniq crashes found, perf_score=114, exec_us=497, hits=86, map=516)...[0m
[1;94m[*] [0mFuzzing test case #7 (1013 total, 0 uniq crashes found, perf_score=150, exec_us=354, hits=16, map=528)...[0m
[1;94m[*] [0mFuzzing test case #316 (1013 total, 0 uniq crashes found, perf_score=258, exec_us=363, hits=13, map=258)...[0m
[1;94m[*] [0mFuzzing test case #664 (1013 total, 0 uniq crashes found, perf_score=229, exec_us=348, hits=709, map=519)...[0m
[1;94m[*] [0mFuzzing test case #797 (1013 total, 0 uniq crashes found, perf_score=517, exec_us=369, hits=474, map=538)...[0m
[1;94m[*] [0mFuzzing test case #426 (1013 total, 0 uniq crashes found, perf_score=114, exec_us=356, hits=535, map=478)...[0m
[1;94m[*] [0mFuzzing test case #287 (1013 total, 0 uniq crashes found, perf_score=114, exec_us=338, hits=4563, map=511)...[0m
[1;94m[*] [0mFuzzing test case #521 (1013 total, 0 uniq crashes found, perf_score=200, exec_us=416, hits=3, map=284)...[0m
[1;94m[*] [0mFuzzing test case #11 (1013 total, 0 uniq crashes found, perf_score=114, exec_us=330, hits=424, map=517)...[0m
[1;94m[*] [0mFuzzing test case #287 (1013 total, 0 uniq crashes found, perf_score=114, exec_us=338, hits=4577, map=511)...[0m
[1;94m[*] [0mFuzzing test case #167 (1013 total, 0 uniq crashes found, perf_score=690, exec_us=475, hits=2, map=527)...[0m
[1;94m[*] [0mFuzzing test case #763 (1013 total, 0 uniq crashes found, perf_score=229, exec_us=334, hits=1129, map=476)...[0m
[1;94m[*] [0mFuzzing test case #524 (1013 total, 0 uniq crashes found, perf_score=114, exec_us=347, hits=378, map=462)...[0m
[1;94m[*] [0mFuzzing test case #853 (1013 total, 0 uniq crashes found, perf_score=345, exec_us=336, hits=174, map=281)...[0m
[1;94m[*] [0mFuzzing test case #853 (1013 total, 0 uniq crashes found, perf_score=345, exec_us=336, hits=174, map=281)...[0m
[1;94m[*] [0mFuzzing test case #287 (1013 total, 0 uniq crashes found, perf_score=114, exec_us=338, hits=4586, map=511)...[0m
[1;94m[*] [0mFuzzing test case #853 (1013 total, 0 uniq crashes found, perf_score=345, exec_us=336, hits=175, map=281)...[0m
[1;94m[*] [0mFuzzing test case #991 (1013 total, 0 uniq crashes found, perf_score=459, exec_us=343, hits=639, map=504)...[0m
[1;94m[*] [0mFuzzing test case #331 (1013 total, 0 uniq crashes found, perf_score=345, exec_us=391, hits=9, map=265)...[0m
[1;94m[*] [0mFuzzing test case #287 (1013 total, 0 uniq crashes found, perf_score=114, exec_us=338, hits=4599, map=511)...[0m
[1;94m[*] [0mFuzzing test case #391 (1013 total, 0 uniq crashes found, perf_score=114, exec_us=310, hits=41, map=312)...[0m
[1;94m[*] [0mFuzzing test case #391 (1013 total, 0 uniq crashes found, perf_score=114, exec_us=310, hits=44, map=312)...[0m
[1;94m[*] [0mFuzzing test case #664 (1013 total, 0 uniq crashes found, perf_score=229, exec_us=348, hits=721, map=519)...[0m
[1;94m[*] [0mFuzzing test case #287 (1013 total, 0 uniq crashes found, perf_score=114, exec_us=338, hits=4603, map=511)...[0m
[1;94m[*] [0mFuzzing test case #786 (1013 total, 0 uniq crashes found, perf_score=459, exec_us=351, hits=30, map=493)...[0m
[1;94m[*] [0mFuzzing test case #853 (1013 total, 0 uniq crashes found, perf_score=345, exec_us=336, hits=175, map=281)...[0m
[1;94m[*] [0mFuzzing test case #664 (1013 total, 0 uniq crashes found, perf_score=229, exec_us=348, hits=733, map=519)...[0m
[1;94m[*] [0mFuzzing test case #853 (1013 total, 0 uniq crashes found, perf_score=345, exec_us=336, hits=175, map=281)...[0m
[1;94m[*] [0mFuzzing test case #351 (1013 total, 0 uniq crashes found, perf_score=150, exec_us=442, hits=6, map=536)...[0m
[1;94m[*] [0mFuzzing test case #306 (1013 total, 0 uniq crashes found, perf_score=459, exec_us=348, hits=1, map=325)...[0m
[1;94m[*] [0mFuzzing test case #610 (1013 total, 0 uniq crashes found, perf_score=100, exec_us=470, hits=1, map=515)...[0m
[1;94m[*] [0mFuzzing test case #287 (1013 total, 0 uniq crashes found, perf_score=114, exec_us=338, hits=4614, map=511)...[0m
[1;94m[*] [0mFuzzing test case #359 (1013 total, 0 uniq crashes found, perf_score=172, exec_us=426, hits=235, map=530)...[0m
[1;94m[*] [0mFuzzing test case #664 (1013 total, 0 uniq crashes found, perf_score=229, exec_us=348, hits=744, map=519)...[0m
[1;94m[*] [0mFuzzing test case #515 (1013 total, 0 uniq crashes found, perf_score=690, exec_us=375, hits=6, map=277)...[0m
[1;94m[*] [0mFuzzing test case #209 (1013 total, 0 uniq crashes found, perf_score=112, exec_us=681, hits=1, map=529)...[0m
[1;94m[*] [0mFuzzing test case #853 (1013 total, 0 uniq crashes found, perf_score=345, exec_us=336, hits=176, map=281)...[0m
[1;94m[*] [0mFuzzing test case #786 (1013 total, 0 uniq crashes found, perf_score=459, exec_us=351, hits=31, map=493)...[0m
[1;94m[*] [0mFuzzing test case #1002 (1013 total, 0 uniq crashes found, perf_score=229, exec_us=434, hits=136, map=274)...[0m
[1;94m[*] [0mFuzzing test case #287 (1013 total, 0 uniq crashes found, perf_score=114, exec_us=338, hits=4619, map=511)...[0m
[1;94m[*] [0mFuzzing test case #763 (1013 total, 0 uniq crashes found, perf_score=229, exec_us=334, hits=1176, map=476)...[0m
[1;94m[*] [0mFuzzing test case #287 (1013 total, 0 uniq crashes found, perf_score=114, exec_us=338, hits=4631, map=511)...[0m
[1;94m[*] [0mFuzzing test case #853 (1013 total, 0 uniq crashes found, perf_score=345, exec_us=336, hits=178, map=281)...[0m
[1;94m[*] [0mFuzzing test case #853 (1013 total, 0 uniq crashes found, perf_score=345, exec_us=336, hits=180, map=281)...[0m
[1;94m[*] [0mFuzzing test case #778 (1013 total, 0 uniq crashes found, perf_score=200, exec_us=332, hits=7, map=272)...[0m
[1;94m[*] [0mFuzzing test case #797 (1013 total, 0 uniq crashes found, perf_score=517, exec_us=369, hits=526, map=538)...[0m
[1;94m[*] [0mFuzzing test case #853 (1013 total, 0 uniq crashes found, perf_score=345, exec_us=336, hits=180, map=281)...[0m
[1;94m[*] [0mFuzzing test case #853 (1013 total, 0 uniq crashes found, perf_score=345, exec_us=336, hits=180, map=281)...[0m
[1;94m[*] [0mFuzzing test case #287 (1013 total, 0 uniq crashes found, perf_score=114, exec_us=338, hits=4639, map=511)...[0m
[1;94m[*] [0mFuzzing test case #287 (1013 total, 0 uniq crashes found, perf_score=114, exec_us=338, hits=4650, map=511)...[0m
[1;94m[*] [0mFuzzing test case #763 (1013 total, 0 uniq crashes found, perf_score=229, exec_us=334, hits=1236, map=476)...[0m
[1;94m[*] [0mFuzzing test case #853 (1013 total, 0 uniq crashes found, perf_score=345, exec_us=336, hits=180, map=281)...[0m
[1;94m[*] [0mFuzzing test case #853 (1013 total, 0 uniq crashes found, perf_score=345, exec_us=336, hits=181, map=281)...[0m
[1;94m[*] [0mFuzzing test case #287 (1013 total, 0 uniq crashes found, perf_score=114, exec_us=338, hits=4653, map=511)...[0m
[1;94m[*] [0mFuzzing test case #287 (1013 total, 0 uniq crashes found, perf_score=114, exec_us=338, hits=4669, map=511)...[0m
[1;94m[*] [0mFuzzing test case #366 (1013 total, 0 uniq crashes found, perf_score=172, exec_us=503, hits=149, map=533)...[0m
[1;94m[*] [0mFuzzing test case #528 (1013 total, 0 uniq crashes found, perf_score=229, exec_us=419, hits=112, map=304)...[0m
[1;94m[*] [0mFuzzing test case #854 (1013 total, 0 uniq crashes found, perf_score=345, exec_us=327, hits=535, map=280)...[0m
[1;94m[*] [0mFuzzing test case #664 (1013 total, 0 uniq crashes found, perf_score=229, exec_us=348, hits=751, map=519)...[0m
[1;94m[*] [0mFuzzing test case #306 (1013 total, 0 uniq crashes found, perf_score=459, exec_us=348, hits=1, map=325)...[0m
[1;94m[*] [0mFuzzing test case #80 (1013 total, 0 uniq crashes found, perf_score=86, exec_us=577, hits=570, map=242)...[0m
[1;94m[*] [0mFuzzing test case #678 (1013 total, 0 uniq crashes found, perf_score=517, exec_us=463, hits=7, map=254)...[0m
[1;94m[*] [0mFuzzing test case #664 (1014 total, 0 uniq crashes found, perf_score=229, exec_us=348, hits=758, map=519)...[0m
[1;94m[*] [0mFuzzing test case #287 (1014 total, 0 uniq crashes found, perf_score=114, exec_us=338, hits=4678, map=511)...[0m
[1;94m[*] [0mFuzzing test case #287 (1014 total, 0 uniq crashes found, perf_score=114, exec_us=338, hits=4690, map=511)...[0m
[1;94m[*] [0mFuzzing test case #854 (1014 total, 0 uniq crashes found, perf_score=345, exec_us=327, hits=603, map=280)...[0m
[1;94m[*] [0mFuzzing test case #843 (1014 total, 0 uniq crashes found, perf_score=345, exec_us=405, hits=1550, map=285)...[0m
[1;94m[*] [0mFuzzing test case #822 (1014 total, 0 uniq crashes found, perf_score=345, exec_us=336, hits=1882, map=274)...[0m
[1;94m[*] [0mFuzzing test case #49 (1014 total, 0 uniq crashes found, perf_score=86, exec_us=387, hits=1700, map=252)...[0m
[1;94m[*] [0mFuzzing test case #287 (1014 total, 0 uniq crashes found, perf_score=114, exec_us=338, hits=4700, map=511)...[0m
[1;94m[*] [0mFuzzing test case #1002 (1014 total, 0 uniq crashes found, perf_score=229, exec_us=434, hits=153, map=274)...[0m
[1;94m[*] [0mFuzzing test case #287 (1014 total, 0 uniq crashes found, perf_score=114, exec_us=338, hits=4719, map=511)...[0m
[1;94m[*] [0mFuzzing test case #853 (1014 total, 0 uniq crashes found, perf_score=345, exec_us=336, hits=181, map=281)...[0m
[1;94m[*] [0mFuzzing test case #853 (1014 total, 0 uniq crashes found, perf_score=345, exec_us=336, hits=181, map=281)...[0m
[1;94m[*] [0mFuzzing test case #240 (1014 total, 0 uniq crashes found, perf_score=86, exec_us=393, hits=74, map=226)...[0m
[1;94m[*] [0mFuzzing test case #287 (1014 total, 0 uniq crashes found, perf_score=114, exec_us=338, hits=4728, map=511)...[0m
[1;94m[*] [0mFuzzing test case #11 (1014 total, 0 uniq crashes found, perf_score=114, exec_us=330, hits=436, map=517)...[0m
[1;94m[*] [0mFuzzing test case #810 (1014 total, 0 uniq crashes found, perf_score=300, exec_us=384, hits=1134, map=312)...[0m
[1;94m[*] [0mFuzzing test case #648 (1014 total, 0 uniq crashes found, perf_score=229, exec_us=369, hits=841, map=415)...[0m
[1;94m[*] [0mFuzzing test case #287 (1014 total, 0 uniq crashes found, perf_score=114, exec_us=338, hits=4736, map=511)...[0m
[1;94m[*] [0mFuzzing test case #287 (1014 total, 0 uniq crashes found, perf_score=114, exec_us=338, hits=4744, map=511)...[0m
[1;94m[*] [0mFuzzing test case #287 (1014 total, 0 uniq crashes found, perf_score=114, exec_us=338, hits=4754, map=511)...[0m
[1;94m[*] [0mFuzzing test case #263 (1014 total, 0 uniq crashes found, perf_score=172, exec_us=358, hits=341, map=545)...[0m
[1;94m[*] [0mFuzzing test case #853 (1014 total, 0 uniq crashes found, perf_score=345, exec_us=336, hits=183, map=281)...[0m
[1;94m[*] [0mFuzzing test case #853 (1014 total, 0 uniq crashes found, perf_score=345, exec_us=336, hits=183, map=281)...[0m
[1;94m[*] [0mFuzzing test case #853 (1014 total, 0 uniq crashes found, perf_score=345, exec_us=336, hits=184, map=281)...[0m
[1;94m[*] [0mFuzzing test case #322 (1014 total, 0 uniq crashes found, perf_score=229, exec_us=544, hits=31, map=274)...[0m
[1;94m[*] [0mFuzzing test case #161 (1014 total, 0 uniq crashes found, perf_score=459, exec_us=488, hits=3, map=271)...[0m
[1;94m[*] [0mFuzzing test case #921 (1014 total, 0 uniq crashes found, perf_score=690, exec_us=349, hits=5, map=276)...[0m
[1;94m[*] [0mFuzzing test case #763 (1014 total, 0 uniq crashes found, perf_score=229, exec_us=334, hits=1266, map=476)...[0m
[1;94m[*] [0mFuzzing test case #391 (1014 total, 0 uniq crashes found, perf_score=114, exec_us=310, hits=44, map=312)...[0m
[1;94m[*] [0mFuzzing test case #391 (1014 total, 0 uniq crashes found, perf_score=114, exec_us=310, hits=45, map=312)...[0m
[1;94m[*] [0mFuzzing test case #641 (1014 total, 0 uniq crashes found, perf_score=114, exec_us=371, hits=89, map=272)...[0m
[1;94m[*] [0mFuzzing test case #330 (1014 total, 0 uniq crashes found, perf_score=114, exec_us=399, hits=170, map=289)...[0m
[1;94m[*] [0mFuzzing test case #287 (1014 total, 0 uniq crashes found, perf_score=114, exec_us=338, hits=4766, map=511)...[0m
[1;94m[*] [0mFuzzing test case #664 (1014 total, 0 uniq crashes found, perf_score=229, exec_us=348, hits=768, map=519)...[0m
[1;94m[*] [0mFuzzing test case #853 (1014 total, 0 uniq crashes found, perf_score=345, exec_us=336, hits=184, map=281)...[0m
[1;94m[*] [0mFuzzing test case #287 (1014 total, 0 uniq crashes found, perf_score=114, exec_us=338, hits=4774, map=511)...[0m
[1;94m[*] [0mFuzzing test case #1002 (1014 total, 0 uniq crashes found, perf_score=229, exec_us=434, hits=168, map=274)...[0m
[1;94m[*] [0mFuzzing test case #93 (1014 total, 0 uniq crashes found, perf_score=459, exec_us=341, hits=1, map=279)...[0m
[1;94m[*] [0mFuzzing test case #664 (1014 total, 0 uniq crashes found, perf_score=229, exec_us=348, hits=776, map=519)...[0m
[1;94m[*] [0mFuzzing test case #514 (1014 total, 0 uniq crashes found, perf_score=229, exec_us=398, hits=79, map=308)...[0m
[1;94m[*] [0mFuzzing test case #853 (1014 total, 0 uniq crashes found, perf_score=345, exec_us=336, hits=186, map=281)...[0m
[1;94m[*] [0mFuzzing test case #853 (1014 total, 0 uniq crashes found, perf_score=345, exec_us=336, hits=187, map=281)...[0m
[1;94m[*] [0mFuzzing test case #287 (1014 total, 0 uniq crashes found, perf_score=114, exec_us=338, hits=4791, map=511)...[0m
[1;94m[*] [0mFuzzing test case #731 (1014 total, 0 uniq crashes found, perf_score=229, exec_us=405, hits=231, map=465)...[0m
[1;94m[*] [0mFuzzing test case #589 (1015 total, 0 uniq crashes found, perf_score=229, exec_us=411, hits=103, map=470)...[0m
[1;94m[*] [0mFuzzing test case #853 (1016 total, 0 uniq crashes found, perf_score=345, exec_us=336, hits=187, map=281)...[0m
[1;94m[*] [0mFuzzing test case #53 (1016 total, 0 uniq crashes found, perf_score=86, exec_us=352, hits=2111, map=244)...[0m
[1;94m[*] [0mFuzzing test case #640 (1016 total, 0 uniq crashes found, perf_score=1035, exec_us=333, hits=9, map=307)...[0m
[1;94m[*] [0mFuzzing test case #664 (1016 total, 0 uniq crashes found, perf_score=229, exec_us=348, hits=784, map=519)...[0m
[1;94m[*] [0mFuzzing test case #287 (1016 total, 0 uniq crashes found, perf_score=114, exec_us=338, hits=4799, map=511)...[0m
[1;94m[*] [0mFuzzing test case #56 (1016 total, 0 uniq crashes found, perf_score=114, exec_us=347, hits=238, map=284)...[0m
[1;94m[*] [0mFuzzing test case #287 (1016 total, 0 uniq crashes found, perf_score=114, exec_us=338, hits=4806, map=511)...[0m
[1;94m[*] [0mFuzzing test case #198 (1016 total, 0 uniq crashes found, perf_score=114, exec_us=334, hits=216, map=521)...[0m
[1;94m[*] [0mFuzzing test case #735 (1016 total, 0 uniq crashes found, perf_score=229, exec_us=350, hits=253, map=266)...[0m
[1;94m[*] [0mFuzzing test case #221 (1016 total, 0 uniq crashes found, perf_score=459, exec_us=401, hits=1, map=501)...[0m
[1;94m[*] [0mFuzzing test case #853 (1016 total, 0 uniq crashes found, perf_score=345, exec_us=336, hits=188, map=281)...[0m
[1;94m[*] [0mFuzzing test case #853 (1016 total, 0 uniq crashes found, perf_score=345, exec_us=336, hits=188, map=281)...[0m
[1;94m[*] [0mFuzzing test case #780 (1016 total, 0 uniq crashes found, perf_score=345, exec_us=509, hits=144, map=311)...[0m
[1;94m[*] [0mFuzzing test case #198 (1016 total, 0 uniq crashes found, perf_score=114, exec_us=334, hits=221, map=521)...[0m
[1;94m[*] [0mFuzzing test case #287 (1016 total, 0 uniq crashes found, perf_score=114, exec_us=338, hits=4817, map=511)...[0m
[1;94m[*] [0mFuzzing test case #853 (1016 total, 0 uniq crashes found, perf_score=345, exec_us=336, hits=189, map=281)...[0m
[1;94m[*] [0mFuzzing test case #84 (1016 total, 0 uniq crashes found, perf_score=75, exec_us=371, hits=74, map=208)...[0m
[1;94m[*] [0mFuzzing test case #287 (1016 total, 0 uniq crashes found, perf_score=114, exec_us=338, hits=4831, map=511)...[0m
[1;94m[*] [0mFuzzing test case #853 (1016 total, 0 uniq crashes found, perf_score=345, exec_us=336, hits=189, map=281)...[0m
[1;94m[*] [0mFuzzing test case #741 (1016 total, 0 uniq crashes found, perf_score=229, exec_us=402, hits=1337, map=301)...[0m
[1;94m[*] [0mFuzzing test case #853 (1016 total, 0 uniq crashes found, perf_score=345, exec_us=336, hits=191, map=281)...[0m
[1;94m[*] [0mFuzzing test case #49 (1016 total, 0 uniq crashes found, perf_score=86, exec_us=387, hits=1759, map=252)...[0m
[1;94m[*] [0mFuzzing test case #769 (1016 total, 0 uniq crashes found, perf_score=229, exec_us=334, hits=34, map=280)...[0m
[1;94m[*] [0mFuzzing test case #853 (1016 total, 0 uniq crashes found, perf_score=345, exec_us=336, hits=191, map=281)...[0m
[1;94m[*] [0mFuzzing test case #365 (1016 total, 0 uniq crashes found, perf_score=172, exec_us=402, hits=145, map=541)...[0m
[1;94m[*] [0mFuzzing test case #287 (1016 total, 0 uniq crashes found, perf_score=114, exec_us=338, hits=4837, map=511)...[0m
[1;94m[*] [0mFuzzing test case #446 (1016 total, 0 uniq crashes found, perf_score=114, exec_us=497, hits=92, map=516)...[0m
[1;94m[*] [0mFuzzing test case #306 (1016 total, 0 uniq crashes found, perf_score=459, exec_us=348, hits=1, map=325)...[0m
[1;94m[*] [0mFuzzing test case #287 (1016 total, 0 uniq crashes found, perf_score=114, exec_us=338, hits=4849, map=511)...[0m
[1;94m[*] [0mFuzzing test case #853 (1016 total, 0 uniq crashes found, perf_score=345, exec_us=336, hits=191, map=281)...[0m
[1;94m[*] [0mFuzzing test case #822 (1016 total, 0 uniq crashes found, perf_score=345, exec_us=336, hits=1996, map=274)...[0m
[1;94m[*] [0mFuzzing test case #853 (1016 total, 0 uniq crashes found, perf_score=345, exec_us=336, hits=191, map=281)...[0m
[1;94m[*] [0mFuzzing test case #287 (1016 total, 0 uniq crashes found, perf_score=114, exec_us=338, hits=4865, map=511)...[0m
[1;94m[*] [0mFuzzing test case #600 (1016 total, 0 uniq crashes found, perf_score=345, exec_us=424, hits=241, map=531)...[0m
[1;94m[*] [0mFuzzing test case #763 (1016 total, 0 uniq crashes found, perf_score=229, exec_us=334, hits=1303, map=476)...[0m
[1;94m[*] [0mFuzzing test case #927 (1016 total, 0 uniq crashes found, perf_score=459, exec_us=345, hits=29, map=482)...[0m
[1;94m[*] [0mFuzzing test case #408 (1016 total, 0 uniq crashes found, perf_score=229, exec_us=494, hits=114, map=324)...[0m
[1;94m[*] [0mFuzzing test case #287 (1016 total, 0 uniq crashes found, perf_score=114, exec_us=338, hits=4877, map=511)...[0m
[1;94m[*] [0mFuzzing test case #287 (1016 total, 0 uniq crashes found, perf_score=114, exec_us=338, hits=4893, map=511)...[0m
[1;94m[*] [0mFuzzing test case #853 (1016 total, 0 uniq crashes found, perf_score=345, exec_us=336, hits=191, map=281)...[0m
[1;94m[*] [0mFuzzing test case #797 (1016 total, 0 uniq crashes found, perf_score=517, exec_us=369, hits=567, map=538)...[0m
[1;94m[*] [0mFuzzing test case #1002 (1016 total, 0 uniq crashes found, perf_score=229, exec_us=434, hits=187, map=274)...[0m
[1;94m[*] [0mFuzzing test case #287 (1016 total, 0 uniq crashes found, perf_score=114, exec_us=338, hits=4908, map=511)...[0m
[1;94m[*] [0mFuzzing test case #853 (1016 total, 0 uniq crashes found, perf_score=345, exec_us=336, hits=191, map=281)...[0m
[1;94m[*] [0mFuzzing test case #306 (1016 total, 0 uniq crashes found, perf_score=459, exec_us=348, hits=1, map=325)...[0m
[1;94m[*] [0mFuzzing test case #287 (1017 total, 0 uniq crashes found, perf_score=114, exec_us=338, hits=4922, map=511)...[0m
[1;94m[*] [0mFuzzing test case #287 (1017 total, 0 uniq crashes found, perf_score=114, exec_us=338, hits=4934, map=511)...[0m
[1;94m[*] [0mFuzzing test case #811 (1017 total, 0 uniq crashes found, perf_score=345, exec_us=353, hits=1251, map=312)...[0m
[1;94m[*] [0mFuzzing test case #306 (1017 total, 0 uniq crashes found, perf_score=459, exec_us=348, hits=2, map=325)...[0m
[1;94m[*] [0mFuzzing test case #287 (1017 total, 0 uniq crashes found, perf_score=114, exec_us=338, hits=4948, map=511)...[0m
[1;94m[*] [0mFuzzing test case #853 (1017 total, 0 uniq crashes found, perf_score=345, exec_us=336, hits=191, map=281)...[0m
[1;94m[*] [0mFuzzing test case #1002 (1017 total, 0 uniq crashes found, perf_score=229, exec_us=434, hits=197, map=274)...[0m
[1;94m[*] [0mFuzzing test case #921 (1017 total, 0 uniq crashes found, perf_score=690, exec_us=349, hits=5, map=276)...[0m
[1;94m[*] [0mFuzzing test case #706 (1017 total, 0 uniq crashes found, perf_score=180, exec_us=318, hits=144, map=307)...[0m
[1;94m[*] [0mFuzzing test case #287 (1017 total, 0 uniq crashes found, perf_score=114, exec_us=338, hits=4959, map=511)...[0m
[1;94m[*] [0mFuzzing test case #58 (1017 total, 0 uniq crashes found, perf_score=114, exec_us=418, hits=200, map=512)...[0m
[1;94m[*] [0mFuzzing test case #287 (1017 total, 0 uniq crashes found, perf_score=114, exec_us=338, hits=4969, map=511)...[0m
[?25h[1;91m

+++ Testing aborted by user +++
[0m[1;92m[+] [0mWe're done here. Have a nice day!
[0m
Campaign terminated at 2026-06-16 03:09
