[2026-06-16 01:39] Container for aflplusplus_plain/libpng/libpng_read_fuzzer started in cab6cf014025
Skipping startup seed prune for /magma_shared/input_corpus
Campaign launched at 2026-06-16 01:39
000000000046f780 W main
[1;92m[+] [0mLoaded environment variable AFL_NO_UI with value 1[0m
[1;92m[+] [0mLoaded environment variable AFL_SKIP_CPUFREQ with value 1[0m
[1;92m[+] [0mLoaded environment variable AFL_NO_AFFINITY with value 1[0m
[1;92m[+] [0mLoaded environment variable AFL_I_DONT_CARE_ABOUT_MISSING_CRASHES with value 1[0m
[1;93m[!] [1;97mWARNING: [0mMistyped AFL environment variable: AFL_DRIVER_DONT_DEFER=1[0m
[0;36mafl-fuzz++3.14a[0m based on afl by Michal Zalewski and a large online community
[1;92m[+] [0mafl++ is maintained by Marc "van Hauser" Heuse, Heiko "hexcoder" Eißfeldt, Andrea Fioraldi and Dominik Maier[0m
[1;92m[+] [0mafl++ is open source, get it at https://github.com/AFLplusplus/AFLplusplus[0m
[1;92m[+] [0mNOTE: This is v3.x which changes defaults and behaviours - see README.md[0m
[1;92m[+] [0mNo -M/-S set, autoconfiguring for "-S default"[0m
[1;94m[*] [0mGetting to work...[0m
[1;92m[+] [0mUsing exponential power schedule (FAST)[0m
[1;92m[+] [0mEnabled testcache with 50 MB[0m
[1;92m[+] [0mDisabling the UI because AFL_NO_UI is set.[0m
[1;94m[*] [0mChecking core_pattern...[0m

[1;91m[-] [0mHmm, your system is configured to send core dump notifications to an
    external utility. This will cause issues: there will be an extended delay
    between stumbling upon a crash and having this information relayed to the
    fuzzer via the standard waitpid() API.
    If you're just testing, set 'AFL_I_DONT_CARE_ABOUT_MISSING_CRASHES=1'.

    To avoid having crashes misinterpreted as timeouts, please log in as root
    and temporarily modify /proc/sys/kernel/core_pattern, like so:

    echo core >/proc/sys/kernel/core_pattern
[1;92m[+] [0mYou have 8 CPU cores and 1 runnable tasks (utilization: 12%).[0m
[1;92m[+] [0mTry parallel jobs - see docs/parallel_fuzzing.md.[0m
[1;94m[*] [0mSetting up output directories...[0m
[1;93m[!] [1;97mWARNING: [0mNot binding to a CPU core (AFL_NO_AFFINITY set).[0m
[1;94m[*] [0mScanning '/magma_shared/input_corpus'...[0m
[1;92m[+] [0mLoaded a total of 4 seeds.[0m
[1;94m[*] [0mCreating hard links for all input files...[0m
[1;94m[*] [0mValidating target binary...[0m
[1;92m[+] [0m[1;95mDeferred forkserver binary detected.[0m
[1;94m[*] [0mSpinning up the fork server...[0m
[1;92m[+] [0mAll right - fork server is up.[0m
[1;94m[*] [0mTarget map size: 4514[0m
[1;94m[*] [0mNo auto-generated dictionary tokens to reuse.[0m
[1;94m[*] [0mAttempting dry run with 'id:000000,time:0,orig:id:000003,sha256:efaf0ebe0ef4a2ee'...[0m
[1;93m[!] [1;97mWARNING: [0minstability detected during calibration
[0m
[1;90m    len = 427, map size = 545, exec speed = 483 us
[0m[1;93m[!] [1;97mWARNING: [0mInstrumentation output varies across runs.[0m
[1;94m[*] [0mAttempting dry run with 'id:000001,time:0,orig:id:000002,sha256:44a793713f9aadc5'...[0m
[1;90m    len = 228, map size = 496, exec speed = 371 us
[0m[1;94m[*] [0mAttempting dry run with 'id:000002,time:0,orig:id:000001,sha256:382ac44ca2ee7323'...[0m
[1;90m    len = 376, map size = 511, exec speed = 357 us
[0m[1;94m[*] [0mAttempting dry run with 'id:000003,time:0,orig:id:000000,sha256:d4001d350292b08a'...[0m
[1;90m    len = 218, map size = 479, exec speed = 438 us
[0m[1;92m[+] [0mAll test cases processed.[0m
[1;92m[+] [0mHere are some useful stats:

[1;90m    Test case count : [0m4 favored, 1 variable, 0 ignored, 4 total
[1;90m       Bitmap range : [0m479 to 545 bits (average: 507.75 bits)
[1;90m        Exec timing : [0m357 to 483 us (average: 431 us)
[0m
[1;94m[*] [0mNo -t option specified, so I'll use exec timeout of 20 ms.[0m
[1;92m[+] [0mAll set and ready to roll![0m
[1;94m[*] [0mEntering queue cycle 1.[0m
[1;94m[*] [0mFuzzing test case #2 (4 total, 0 uniq crashes found, perf_score=100, exec_us=357, hits=0, map=511)...[0m
[1;93m[!] [1;97mWARNING: [0minstability detected during calibration
[0m
[1;93m[!] [1;97mWARNING: [0minstability detected during calibration
[0m
[1;93m[!] [1;97mWARNING: [0minstability detected during calibration
[0m
[1;93m[!] [1;97mWARNING: [0minstability detected during calibration
[0m
[1;93m[!] [1;97mWARNING: [0minstability detected during calibration
[0m
[1;93m[!] [1;97mWARNING: [0minstability detected during calibration
[0m
[1;93m[!] [1;97mWARNING: [0minstability detected during calibration
[0m
[1;93m[!] [1;97mWARNING: [0minstability detected during calibration
[0m
[1;93m[!] [1;97mWARNING: [0minstability detected during calibration
[0m
[1;93m[!] [1;97mWARNING: [0minstability detected during calibration
[0m
[1;93m[!] [1;97mWARNING: [0minstability detected during calibration
[0m
[1;93m[!] [1;97mWARNING: [0minstability detected during calibration
[0m
[1;93m[!] [1;97mWARNING: [0minstability detected during calibration
[0m
[1;93m[!] [1;97mWARNING: [0minstability detected during calibration
[0m
[1;93m[!] [1;97mWARNING: [0minstability detected during calibration
[0m
[1;93m[!] [1;97mWARNING: [0minstability detected during calibration
[0m
[1;93m[!] [1;97mWARNING: [0minstability detected during calibration
[0m
[1;93m[!] [1;97mWARNING: [0minstability detected during calibration
[0m
[1;93m[!] [1;97mWARNING: [0minstability detected during calibration
[0m
[1;93m[!] [1;97mWARNING: [0minstability detected during calibration
[0m
[1;93m[!] [1;97mWARNING: [0minstability detected during calibration
[0m
[1;93m[!] [1;97mWARNING: [0minstability detected during calibration
[0m
[1;93m[!] [1;97mWARNING: [0minstability detected during calibration
[0m
[1;93m[!] [1;97mWARNING: [0minstability detected during calibration
[0m
[1;93m[!] [1;97mWARNING: [0minstability detected during calibration
[0m
[1;93m[!] [1;97mWARNING: [0minstability detected during calibration
[0m
[1;93m[!] [1;97mWARNING: [0minstability detected during calibration
[0m
[1;93m[!] [1;97mWARNING: [0minstability detected during calibration
[0m
[1;93m[!] [1;97mWARNING: [0minstability detected during calibration
[0m
[1;93m[!] [1;97mWARNING: [0minstability detected during calibration
[0m
[1;93m[!] [1;97mWARNING: [0minstability detected during calibration
[0m
[1;93m[!] [1;97mWARNING: [0minstability detected during calibration
[0m
[1;93m[!] [1;97mWARNING: [0minstability detected during calibration
[0m
[1;93m[!] [1;97mWARNING: [0minstability detected during calibration
[0m
[1;93m[!] [1;97mWARNING: [0minstability detected during calibration
[0m
[1;93m[!] [1;97mWARNING: [0minstability detected during calibration
[0m
[1;93m[!] [1;97mWARNING: [0minstability detected during calibration
[0m
[1;93m[!] [1;97mWARNING: [0minstability detected during calibration
[0m
[1;93m[!] [1;97mWARNING: [0minstability detected during calibration
[0m
[1;93m[!] [1;97mWARNING: [0minstability detected during calibration
[0m
[1;93m[!] [1;97mWARNING: [0minstability detected during calibration
[0m
[1;93m[!] [1;97mWARNING: [0minstability detected during calibration
[0m
[1;93m[!] [1;97mWARNING: [0minstability detected during calibration
[0m
[1;93m[!] [1;97mWARNING: [0minstability detected during calibration
[0m
[1;93m[!] [1;97mWARNING: [0minstability detected during calibration
[0m
[1;93m[!] [1;97mWARNING: [0minstability detected during calibration
[0m
[1;93m[!] [1;97mWARNING: [0minstability detected during calibration
[0m
[1;93m[!] [1;97mWARNING: [0minstability detected during calibration
[0m
[1;93m[!] [1;97mWARNING: [0minstability detected during calibration
[0m
[1;93m[!] [1;97mWARNING: [0minstability detected during calibration
[0m
[1;93m[!] [1;97mWARNING: [0minstability detected during calibration
[0m
[1;93m[!] [1;97mWARNING: [0minstability detected during calibration
[0m
[1;93m[!] [1;97mWARNING: [0minstability detected during calibration
[0m
[1;93m[!] [1;97mWARNING: [0minstability detected during calibration
[0m
[1;93m[!] [1;97mWARNING: [0minstability detected during calibration
[0m
[1;93m[!] [1;97mWARNING: [0minstability detected during calibration
[0m
[1;93m[!] [1;97mWARNING: [0minstability detected during calibration
[0m
[1;93m[!] [1;97mWARNING: [0minstability detected during calibration
[0m
[1;93m[!] [1;97mWARNING: [0minstability detected during calibration
[0m
[1;93m[!] [1;97mWARNING: [0minstability detected during calibration
[0m
[1;93m[!] [1;97mWARNING: [0minstability detected during calibration
[0m
[1;93m[!] [1;97mWARNING: [0minstability detected during calibration
[0m
[1;93m[!] [1;97mWARNING: [0minstability detected during calibration
[0m
[1;93m[!] [1;97mWARNING: [0minstability detected during calibration
[0m
[1;93m[!] [1;97mWARNING: [0minstability detected during calibration
[0m
[1;93m[!] [1;97mWARNING: [0minstability detected during calibration
[0m
[1;93m[!] [1;97mWARNING: [0minstability detected during calibration
[0m
[1;93m[!] [1;97mWARNING: [0minstability detected during calibration
[0m
[1;93m[!] [1;97mWARNING: [0minstability detected during calibration
[0m
[1;93m[!] [1;97mWARNING: [0minstability detected during calibration
[0m
[1;93m[!] [1;97mWARNING: [0minstability detected during calibration
[0m
[1;93m[!] [1;97mWARNING: [0minstability detected during calibration
[0m
[1;93m[!] [1;97mWARNING: [0minstability detected during calibration
[0m
[1;93m[!] [1;97mWARNING: [0minstability detected during calibration
[0m
[1;93m[!] [1;97mWARNING: [0minstability detected during calibration
[0m
[1;93m[!] [1;97mWARNING: [0minstability detected during calibration
[0m
[1;93m[!] [1;97mWARNING: [0minstability detected during calibration
[0m
[1;93m[!] [1;97mWARNING: [0minstability detected during calibration
[0m
[1;93m[!] [1;97mWARNING: [0minstability detected during calibration
[0m
[1;93m[!] [1;97mWARNING: [0minstability detected during calibration
[0m
[1;93m[!] [1;97mWARNING: [0minstability detected during calibration
[0m
[1;93m[!] [1;97mWARNING: [0minstability detected during calibration
[0m
[1;93m[!] [1;97mWARNING: [0minstability detected during calibration
[0m
[1;93m[!] [1;97mWARNING: [0minstability detected during calibration
[0m
[1;93m[!] [1;97mWARNING: [0minstability detected during calibration
[0m
[1;93m[!] [1;97mWARNING: [0minstability detected during calibration
[0m
[1;93m[!] [1;97mWARNING: [0minstability detected during calibration
[0m
[1;93m[!] [1;97mWARNING: [0minstability detected during calibration
[0m
[1;93m[!] [1;97mWARNING: [0minstability detected during calibration
[0m
[1;93m[!] [1;97mWARNING: [0minstability detected during calibration
[0m
[1;93m[!] [1;97mWARNING: [0minstability detected during calibration
[0m
[1;93m[!] [1;97mWARNING: [0minstability detected during calibration
[0m
[1;93m[!] [1;97mWARNING: [0minstability detected during calibration
[0m
[1;93m[!] [1;97mWARNING: [0minstability detected during calibration
[0m
[1;93m[!] [1;97mWARNING: [0minstability detected during calibration
[0m
[1;93m[!] [1;97mWARNING: [0minstability detected during calibration
[0m
[1;93m[!] [1;97mWARNING: [0minstability detected during calibration
[0m
[1;93m[!] [1;97mWARNING: [0minstability detected during calibration
[0m
[1;93m[!] [1;97mWARNING: [0minstability detected during calibration
[0m
[1;93m[!] [1;97mWARNING: [0minstability detected during calibration
[0m
[1;93m[!] [1;97mWARNING: [0minstability detected during calibration
[0m
[1;93m[!] [1;97mWARNING: [0minstability detected during calibration
[0m
[1;93m[!] [1;97mWARNING: [0minstability detected during calibration
[0m
[1;93m[!] [1;97mWARNING: [0minstability detected during calibration
[0m
[1;93m[!] [1;97mWARNING: [0minstability detected during calibration
[0m
[1;93m[!] [1;97mWARNING: [0minstability detected during calibration
[0m
[1;93m[!] [1;97mWARNING: [0minstability detected during calibration
[0m
[1;93m[!] [1;97mWARNING: [0minstability detected during calibration
[0m
[1;93m[!] [1;97mWARNING: [0minstability detected during calibration
[0m
[1;93m[!] [1;97mWARNING: [0minstability detected during calibration
[0m
[1;93m[!] [1;97mWARNING: [0minstability detected during calibration
[0m
[1;93m[!] [1;97mWARNING: [0minstability detected during calibration
[0m
[1;93m[!] [1;97mWARNING: [0minstability detected during calibration
[0m
[1;93m[!] [1;97mWARNING: [0minstability detected during calibration
[0m
[1;93m[!] [1;97mWARNING: [0minstability detected during calibration
[0m
[1;93m[!] [1;97mWARNING: [0minstability detected during calibration
[0m
[1;93m[!] [1;97mWARNING: [0minstability detected during calibration
[0m
[1;93m[!] [1;97mWARNING: [0minstability detected during calibration
[0m
[1;93m[!] [1;97mWARNING: [0minstability detected during calibration
[0m
[1;93m[!] [1;97mWARNING: [0minstability detected during calibration
[0m
[1;93m[!] [1;97mWARNING: [0minstability detected during calibration
[0m
[1;93m[!] [1;97mWARNING: [0minstability detected during calibration
[0m
[1;93m[!] [1;97mWARNING: [0minstability detected during calibration
[0m
[1;93m[!] [1;97mWARNING: [0minstability detected during calibration
[0m
[1;93m[!] [1;97mWARNING: [0minstability detected during calibration
[0m
[1;93m[!] [1;97mWARNING: [0minstability detected during calibration
[0m
[1;93m[!] [1;97mWARNING: [0minstability detected during calibration
[0m
[1;93m[!] [1;97mWARNING: [0minstability detected during calibration
[0m
[1;93m[!] [1;97mWARNING: [0minstability detected during calibration
[0m
[1;93m[!] [1;97mWARNING: [0minstability detected during calibration
[0m
[1;93m[!] [1;97mWARNING: [0minstability detected during calibration
[0m
[1;93m[!] [1;97mWARNING: [0minstability detected during calibration
[0m
[1;93m[!] [1;97mWARNING: [0minstability detected during calibration
[0m
[1;93m[!] [1;97mWARNING: [0minstability detected during calibration
[0m
[1;93m[!] [1;97mWARNING: [0minstability detected during calibration
[0m
[1;93m[!] [1;97mWARNING: [0minstability detected during calibration
[0m
[1;93m[!] [1;97mWARNING: [0minstability detected during calibration
[0m
[1;93m[!] [1;97mWARNING: [0minstability detected during calibration
[0m
[1;93m[!] [1;97mWARNING: [0minstability detected during calibration
[0m
[1;93m[!] [1;97mWARNING: [0minstability detected during calibration
[0m
[1;93m[!] [1;97mWARNING: [0minstability detected during calibration
[0m
[1;93m[!] [1;97mWARNING: [0minstability detected during calibration
[0m
[1;93m[!] [1;97mWARNING: [0minstability detected during calibration
[0m
[1;93m[!] [1;97mWARNING: [0minstability detected during calibration
[0m
[1;93m[!] [1;97mWARNING: [0minstability detected during calibration
[0m
[1;93m[!] [1;97mWARNING: [0minstability detected during calibration
[0m
[1;93m[!] [1;97mWARNING: [0minstability detected during calibration
[0m
[1;93m[!] [1;97mWARNING: [0minstability detected during calibration
[0m
[1;93m[!] [1;97mWARNING: [0minstability detected during calibration
[0m
[1;93m[!] [1;97mWARNING: [0minstability detected during calibration
[0m
[1;93m[!] [1;97mWARNING: [0minstability detected during calibration
[0m
[1;93m[!] [1;97mWARNING: [0minstability detected during calibration
[0m
[1;93m[!] [1;97mWARNING: [0minstability detected during calibration
[0m
[1;93m[!] [1;97mWARNING: [0minstability detected during calibration
[0m
[1;93m[!] [1;97mWARNING: [0minstability detected during calibration
[0m
[1;93m[!] [1;97mWARNING: [0minstability detected during calibration
[0m
[1;93m[!] [1;97mWARNING: [0minstability detected during calibration
[0m
[1;93m[!] [1;97mWARNING: [0minstability detected during calibration
[0m
[1;93m[!] [1;97mWARNING: [0minstability detected during calibration
[0m
[1;93m[!] [1;97mWARNING: [0minstability detected during calibration
[0m
[1;93m[!] [1;97mWARNING: [0minstability detected during calibration
[0m
[1;93m[!] [1;97mWARNING: [0minstability detected during calibration
[0m
[1;93m[!] [1;97mWARNING: [0minstability detected during calibration
[0m
[1;94m[*] [0mFuzzing test case #1 (167 total, 0 uniq crashes found, perf_score=150, exec_us=371, hits=0, map=496)...[0m
[1;93m[!] [1;97mWARNING: [0minstability detected during calibration
[0m
[1;93m[!] [1;97mWARNING: [0minstability detected during calibration
[0m
[1;93m[!] [1;97mWARNING: [0minstability detected during calibration
[0m
[1;93m[!] [1;97mWARNING: [0minstability detected during calibration
[0m
[1;93m[!] [1;97mWARNING: [0minstability detected during calibration
[0m
[1;93m[!] [1;97mWARNING: [0minstability detected during calibration
[0m
[1;93m[!] [1;97mWARNING: [0minstability detected during calibration
[0m
[1;93m[!] [1;97mWARNING: [0minstability detected during calibration
[0m
[1;93m[!] [1;97mWARNING: [0minstability detected during calibration
[0m
[1;93m[!] [1;97mWARNING: [0minstability detected during calibration
[0m
[1;93m[!] [1;97mWARNING: [0minstability detected during calibration
[0m
[1;93m[!] [1;97mWARNING: [0minstability detected during calibration
[0m
[1;93m[!] [1;97mWARNING: [0minstability detected during calibration
[0m
[1;93m[!] [1;97mWARNING: [0minstability detected during calibration
[0m
[1;93m[!] [1;97mWARNING: [0minstability detected during calibration
[0m
[1;93m[!] [1;97mWARNING: [0minstability detected during calibration
[0m
[1;93m[!] [1;97mWARNING: [0minstability detected during calibration
[0m
[1;93m[!] [1;97mWARNING: [0minstability detected during calibration
[0m
[1;93m[!] [1;97mWARNING: [0minstability detected during calibration
[0m
[1;93m[!] [1;97mWARNING: [0minstability detected during calibration
[0m
[1;93m[!] [1;97mWARNING: [0minstability detected during calibration
[0m
[1;93m[!] [1;97mWARNING: [0minstability detected during calibration
[0m
[1;93m[!] [1;97mWARNING: [0minstability detected during calibration
[0m
[1;93m[!] [1;97mWARNING: [0minstability detected during calibration
[0m
[1;93m[!] [1;97mWARNING: [0minstability detected during calibration
[0m
[1;93m[!] [1;97mWARNING: [0minstability detected during calibration
[0m
[1;93m[!] [1;97mWARNING: [0minstability detected during calibration
[0m
[1;93m[!] [1;97mWARNING: [0minstability detected during calibration
[0m
[1;93m[!] [1;97mWARNING: [0minstability detected during calibration
[0m
[1;93m[!] [1;97mWARNING: [0minstability detected during calibration
[0m
[1;93m[!] [1;97mWARNING: [0minstability detected during calibration
[0m
[1;93m[!] [1;97mWARNING: [0minstability detected during calibration
[0m
[1;93m[!] [1;97mWARNING: [0minstability detected during calibration
[0m
[1;93m[!] [1;97mWARNING: [0minstability detected during calibration
[0m
[1;93m[!] [1;97mWARNING: [0minstability detected during calibration
[0m
[1;93m[!] [1;97mWARNING: [0minstability detected during calibration
[0m
[1;93m[!] [1;97mWARNING: [0minstability detected during calibration
[0m
[1;93m[!] [1;97mWARNING: [0minstability detected during calibration
[0m
[1;93m[!] [1;97mWARNING: [0minstability detected during calibration
[0m
[1;93m[!] [1;97mWARNING: [0minstability detected during calibration
[0m
[1;93m[!] [1;97mWARNING: [0minstability detected during calibration
[0m
[1;93m[!] [1;97mWARNING: [0minstability detected during calibration
[0m
[1;93m[!] [1;97mWARNING: [0minstability detected during calibration
[0m
[1;93m[!] [1;97mWARNING: [0minstability detected during calibration
[0m
[1;93m[!] [1;97mWARNING: [0minstability detected during calibration
[0m
[1;93m[!] [1;97mWARNING: [0minstability detected during calibration
[0m
[1;93m[!] [1;97mWARNING: [0minstability detected during calibration
[0m
[1;93m[!] [1;97mWARNING: [0minstability detected during calibration
[0m
[1;93m[!] [1;97mWARNING: [0minstability detected during calibration
[0m
[1;93m[!] [1;97mWARNING: [0minstability detected during calibration
[0m
[1;93m[!] [1;97mWARNING: [0minstability detected during calibration
[0m
[1;93m[!] [1;97mWARNING: [0minstability detected during calibration
[0m
[1;93m[!] [1;97mWARNING: [0minstability detected during calibration
[0m
[1;93m[!] [1;97mWARNING: [0minstability detected during calibration
[0m
[1;93m[!] [1;97mWARNING: [0minstability detected during calibration
[0m
[1;93m[!] [1;97mWARNING: [0minstability detected during calibration
[0m
[1;93m[!] [1;97mWARNING: [0minstability detected during calibration
[0m
[1;93m[!] [1;97mWARNING: [0minstability detected during calibration
[0m
[1;93m[!] [1;97mWARNING: [0minstability detected during calibration
[0m
[1;93m[!] [1;97mWARNING: [0minstability detected during calibration
[0m
[1;93m[!] [1;97mWARNING: [0minstability detected during calibration
[0m
[1;93m[!] [1;97mWARNING: [0minstability detected during calibration
[0m
[1;93m[!] [1;97mWARNING: [0minstability detected during calibration
[0m
[1;93m[!] [1;97mWARNING: [0minstability detected during calibration
[0m
[1;93m[!] [1;97mWARNING: [0minstability detected during calibration
[0m
[1;93m[!] [1;97mWARNING: [0minstability detected during calibration
[0m
[1;93m[!] [1;97mWARNING: [0minstability detected during calibration
[0m
[1;93m[!] [1;97mWARNING: [0minstability detected during calibration
[0m
[1;94m[*] [0mFuzzing test case #231 (235 total, 0 uniq crashes found, perf_score=100, exec_us=409, hits=1, map=415)...[0m
[1;94m[*] [0mFuzzing test case #135 (235 total, 0 uniq crashes found, perf_score=100, exec_us=396, hits=2, map=471)...[0m
[1;93m[!] [1;97mWARNING: [0minstability detected during calibration
[0m
[1;93m[!] [1;97mWARNING: [0minstability detected during calibration
[0m
[1;93m[!] [1;97mWARNING: [0minstability detected during calibration
[0m
[1;93m[!] [1;97mWARNING: [0minstability detected during calibration
[0m
[1;93m[!] [1;97mWARNING: [0minstability detected during calibration
[0m
[1;93m[!] [1;97mWARNING: [0minstability detected during calibration
[0m
[1;93m[!] [1;97mWARNING: [0minstability detected during calibration
[0m
[1;93m[!] [1;97mWARNING: [0minstability detected during calibration
[0m
[1;93m[!] [1;97mWARNING: [0minstability detected during calibration
[0m
[1;93m[!] [1;97mWARNING: [0minstability detected during calibration
[0m
[1;93m[!] [1;97mWARNING: [0minstability detected during calibration
[0m
[1;93m[!] [1;97mWARNING: [0minstability detected during calibration
[0m
[1;93m[!] [1;97mWARNING: [0minstability detected during calibration
[0m
[1;93m[!] [1;97mWARNING: [0minstability detected during calibration
[0m
[1;93m[!] [1;97mWARNING: [0minstability detected during calibration
[0m
[1;93m[!] [1;97mWARNING: [0minstability detected during calibration
[0m
[1;93m[!] [1;97mWARNING: [0minstability detected during calibration
[0m
[1;93m[!] [1;97mWARNING: [0minstability detected during calibration
[0m
[1;93m[!] [1;97mWARNING: [0minstability detected during calibration
[0m
[1;93m[!] [1;97mWARNING: [0minstability detected during calibration
[0m
[1;93m[!] [1;97mWARNING: [0minstability detected during calibration
[0m
[1;93m[!] [1;97mWARNING: [0minstability detected during calibration
[0m
[1;93m[!] [1;97mWARNING: [0minstability detected during calibration
[0m
[1;93m[!] [1;97mWARNING: [0minstability detected during calibration
[0m
[1;93m[!] [1;97mWARNING: [0minstability detected during calibration
[0m
[1;93m[!] [1;97mWARNING: [0minstability detected during calibration
[0m
[1;93m[!] [1;97mWARNING: [0minstability detected during calibration
[0m
[1;93m[!] [1;97mWARNING: [0minstability detected during calibration
[0m
[1;93m[!] [1;97mWARNING: [0minstability detected during calibration
[0m
[1;94m[*] [0mFuzzing test case #209 (264 total, 0 uniq crashes found, perf_score=100, exec_us=358, hits=1, map=499)...[0m
[1;94m[*] [0mFuzzing test case #158 (264 total, 0 uniq crashes found, perf_score=150, exec_us=449, hits=1, map=528)...[0m
[1;94m[*] [0mFuzzing test case #109 (264 total, 0 uniq crashes found, perf_score=100, exec_us=396, hits=6, map=337)...[0m
[1;94m[*] [0mFuzzing test case #210 (264 total, 0 uniq crashes found, perf_score=75, exec_us=391, hits=12, map=234)...[0m
[1;94m[*] [0mFuzzing test case #259 (264 total, 0 uniq crashes found, perf_score=100, exec_us=415, hits=1, map=461)...[0m
[1;93m[!] [1;97mWARNING: [0minstability detected during calibration
[0m
[1;93m[!] [1;97mWARNING: [0minstability detected during calibration
[0m
[1;93m[!] [1;97mWARNING: [0minstability detected during calibration
[0m
[1;93m[!] [1;97mWARNING: [0minstability detected during calibration
[0m
[1;93m[!] [1;97mWARNING: [0minstability detected during calibration
[0m
[1;93m[!] [1;97mWARNING: [0minstability detected during calibration
[0m
[1;93m[!] [1;97mWARNING: [0minstability detected during calibration
[0m
[1;93m[!] [1;97mWARNING: [0minstability detected during calibration
[0m
[1;93m[!] [1;97mWARNING: [0minstability detected during calibration
[0m
[1;93m[!] [1;97mWARNING: [0minstability detected during calibration
[0m
[1;93m[!] [1;97mWARNING: [0minstability detected during calibration
[0m
[1;93m[!] [1;97mWARNING: [0minstability detected during calibration
[0m
[1;93m[!] [1;97mWARNING: [0minstability detected during calibration
[0m
[1;93m[!] [1;97mWARNING: [0minstability detected during calibration
[0m
[1;94m[*] [0mFuzzing test case #234 (278 total, 0 uniq crashes found, perf_score=100, exec_us=380, hits=1, map=478)...[0m
[1;93m[!] [1;97mWARNING: [0minstability detected during calibration
[0m
[1;93m[!] [1;97mWARNING: [0minstability detected during calibration
[0m
[1;93m[!] [1;97mWARNING: [0minstability detected during calibration
[0m
[1;93m[!] [1;97mWARNING: [0minstability detected during calibration
[0m
[1;93m[!] [1;97mWARNING: [0minstability detected during calibration
[0m
[1;93m[!] [1;97mWARNING: [0minstability detected during calibration
[0m
[1;93m[!] [1;97mWARNING: [0minstability detected during calibration
[0m
[1;93m[!] [1;97mWARNING: [0minstability detected during calibration
[0m
[1;93m[!] [1;97mWARNING: [0minstability detected during calibration
[0m
[1;93m[!] [1;97mWARNING: [0minstability detected during calibration
[0m
[1;93m[!] [1;97mWARNING: [0minstability detected during calibration
[0m
[1;93m[!] [1;97mWARNING: [0minstability detected during calibration
[0m
[1;93m[!] [1;97mWARNING: [0minstability detected during calibration
[0m
[1;93m[!] [1;97mWARNING: [0minstability detected during calibration
[0m
[1;94m[*] [0mFuzzing test case #59 (292 total, 0 uniq crashes found, perf_score=100, exec_us=360, hits=1, map=473)...[0m
[1;94m[*] [0mFuzzing test case #164 (292 total, 0 uniq crashes found, perf_score=25, exec_us=343, hits=49, map=81)...[0m
[1;94m[*] [0mFuzzing test case #82 (292 total, 0 uniq crashes found, perf_score=100, exec_us=464, hits=15, map=512)...[0m
[1;94m[*] [0mFuzzing test case #140 (292 total, 0 uniq crashes found, perf_score=75, exec_us=431, hits=1, map=218)...[0m
[1;94m[*] [0mFuzzing test case #85 (292 total, 0 uniq crashes found, perf_score=75, exec_us=360, hits=1, map=254)...[0m
[1;93m[!] [1;97mWARNING: [0minstability detected during calibration
[0m
[1;94m[*] [0mFuzzing test case #206 (293 total, 0 uniq crashes found, perf_score=100, exec_us=413, hits=1, map=517)...[0m
[1;93m[!] [1;97mWARNING: [0minstability detected during calibration
[0m
[1;94m[*] [0mFuzzing test case #291 (294 total, 0 uniq crashes found, perf_score=100, exec_us=379, hits=1, map=511)...[0m
[1;93m[!] [1;97mWARNING: [0minstability detected during calibration
[0m
[1;93m[!] [1;97mWARNING: [0minstability detected during calibration
[0m
[1;93m[!] [1;97mWARNING: [0minstability detected during calibration
[0m
[1;93m[!] [1;97mWARNING: [0minstability detected during calibration
[0m
[1;93m[!] [1;97mWARNING: [0minstability detected during calibration
[0m
[1;93m[!] [1;97mWARNING: [0minstability detected during calibration
[0m
[1;93m[!] [1;97mWARNING: [0minstability detected during calibration
[0m
[1;93m[!] [1;97mWARNING: [0minstability detected during calibration
[0m
[1;93m[!] [1;97mWARNING: [0minstability detected during calibration
[0m
[1;93m[!] [1;97mWARNING: [0minstability detected during calibration
[0m
[1;93m[!] [1;97mWARNING: [0minstability detected during calibration
[0m
[1;93m[!] [1;97mWARNING: [0minstability detected during calibration
[0m
[1;93m[!] [1;97mWARNING: [0minstability detected during calibration
[0m
[1;93m[!] [1;97mWARNING: [0minstability detected during calibration
[0m
[1;94m[*] [0mFuzzing test case #225 (308 total, 0 uniq crashes found, perf_score=100, exec_us=380, hits=1, map=521)...[0m
[1;94m[*] [0mFuzzing test case #155 (308 total, 0 uniq crashes found, perf_score=100, exec_us=385, hits=2, map=466)...[0m
[1;93m[!] [1;97mWARNING: [0minstability detected during calibration
[0m
[1;94m[*] [0mFuzzing test case #40 (309 total, 0 uniq crashes found, perf_score=75, exec_us=367, hits=353, map=214)...[0m
[1;94m[*] [0mFuzzing test case #167 (309 total, 0 uniq crashes found, perf_score=100, exec_us=364, hits=38, map=425)...[0m
[1;94m[*] [0mFuzzing test case #168 (309 total, 0 uniq crashes found, perf_score=75, exec_us=341, hits=1, map=236)...[0m
[1;94m[*] [0mFuzzing test case #287 (309 total, 0 uniq crashes found, perf_score=100, exec_us=405, hits=1, map=430)...[0m
[1;94m[*] [0mFuzzing test case #288 (309 total, 0 uniq crashes found, perf_score=100, exec_us=447, hits=1, map=477)...[0m
[1;93m[!] [1;97mWARNING: [0minstability detected during calibration
[0m
[1;93m[!] [1;97mWARNING: [0minstability detected during calibration
[0m
[1;93m[!] [1;97mWARNING: [0minstability detected during calibration
[0m
[1;93m[!] [1;97mWARNING: [0minstability detected during calibration
[0m
[1;93m[!] [1;97mWARNING: [0minstability detected during calibration
[0m
[1;93m[!] [1;97mWARNING: [0minstability detected during calibration
[0m
[1;93m[!] [1;97mWARNING: [0minstability detected during calibration
[0m
[1;93m[!] [1;97mWARNING: [0minstability detected during calibration
[0m
[1;93m[!] [1;97mWARNING: [0minstability detected during calibration
[0m
[1;94m[*] [0mFuzzing test case #311 (318 total, 0 uniq crashes found, perf_score=200, exec_us=368, hits=1, map=439)...[0m
[1;93m[!] [1;97mWARNING: [0minstability detected during calibration
[0m
[1;93m[!] [1;97mWARNING: [0minstability detected during calibration
[0m
[1;94m[*] [0mFuzzing test case #319 (320 total, 0 uniq crashes found, perf_score=200, exec_us=362, hits=1, map=282)...[0m
[1;94m[*] [0mFuzzing test case #0 (320 total, 0 uniq crashes found, perf_score=150, exec_us=483, hits=0, map=545)...[0m
[1;93m[!] [1;97mWARNING: [0minstability detected during calibration
[0m
[1;93m[!] [1;97mWARNING: [0minstability detected during calibration
[0m
[1;93m[!] [1;97mWARNING: [0minstability detected during calibration
[0m
[1;93m[!] [1;97mWARNING: [0minstability detected during calibration
[0m
[1;93m[!] [1;97mWARNING: [0minstability detected during calibration
[0m
[1;93m[!] [1;97mWARNING: [0minstability detected during calibration
[0m
[1;93m[!] [1;97mWARNING: [0minstability detected during calibration
[0m
[1;93m[!] [1;97mWARNING: [0minstability detected during calibration
[0m
[1;93m[!] [1;97mWARNING: [0minstability detected during calibration
[0m
[1;93m[!] [1;97mWARNING: [0minstability detected during calibration
[0m
[1;93m[!] [1;97mWARNING: [0minstability detected during calibration
[0m
[1;93m[!] [1;97mWARNING: [0minstability detected during calibration
[0m
[1;93m[!] [1;97mWARNING: [0minstability detected during calibration
[0m
[1;93m[!] [1;97mWARNING: [0minstability detected during calibration
[0m
[1;93m[!] [1;97mWARNING: [0minstability detected during calibration
[0m
[1;93m[!] [1;97mWARNING: [0minstability detected during calibration
[0m
[1;93m[!] [1;97mWARNING: [0minstability detected during calibration
[0m
[1;93m[!] [1;97mWARNING: [0minstability detected during calibration
[0m
[1;93m[!] [1;97mWARNING: [0minstability detected during calibration
[0m
[1;93m[!] [1;97mWARNING: [0minstability detected during calibration
[0m
[1;93m[!] [1;97mWARNING: [0minstability detected during calibration
[0m
[1;93m[!] [1;97mWARNING: [0minstability detected during calibration
[0m
[1;93m[!] [1;97mWARNING: [0minstability detected during calibration
[0m
[1;93m[!] [1;97mWARNING: [0minstability detected during calibration
[0m
[1;93m[!] [1;97mWARNING: [0minstability detected during calibration
[0m
[1;93m[!] [1;97mWARNING: [0minstability detected during calibration
[0m
[1;93m[!] [1;97mWARNING: [0minstability detected during calibration
[0m
[1;93m[!] [1;97mWARNING: [0minstability detected during calibration
[0m
[1;93m[!] [1;97mWARNING: [0minstability detected during calibration
[0m
[1;93m[!] [1;97mWARNING: [0minstability detected during calibration
[0m
[1;93m[!] [1;97mWARNING: [0minstability detected during calibration
[0m
[1;93m[!] [1;97mWARNING: [0minstability detected during calibration
[0m
[1;93m[!] [1;97mWARNING: [0minstability detected during calibration
[0m
[1;93m[!] [1;97mWARNING: [0minstability detected during calibration
[0m
[1;93m[!] [1;97mWARNING: [0minstability detected during calibration
[0m
[1;93m[!] [1;97mWARNING: [0minstability detected during calibration
[0m
[1;93m[!] [1;97mWARNING: [0minstability detected during calibration
[0m
[1;93m[!] [1;97mWARNING: [0minstability detected during calibration
[0m
[1;93m[!] [1;97mWARNING: [0minstability detected during calibration
[0m
[1;93m[!] [1;97mWARNING: [0minstability detected during calibration
[0m
[1;93m[!] [1;97mWARNING: [0minstability detected during calibration
[0m
[1;93m[!] [1;97mWARNING: [0minstability detected during calibration
[0m
[1;93m[!] [1;97mWARNING: [0minstability detected during calibration
[0m
[1;93m[!] [1;97mWARNING: [0minstability detected during calibration
[0m
[1;93m[!] [1;97mWARNING: [0minstability detected during calibration
[0m
[1;93m[!] [1;97mWARNING: [0minstability detected during calibration
[0m
[1;93m[!] [1;97mWARNING: [0minstability detected during calibration
[0m
[1;93m[!] [1;97mWARNING: [0minstability detected during calibration
[0m
[1;93m[!] [1;97mWARNING: [0minstability detected during calibration
[0m
[1;93m[!] [1;97mWARNING: [0minstability detected during calibration
[0m
[1;93m[!] [1;97mWARNING: [0minstability detected during calibration
[0m
[1;93m[!] [1;97mWARNING: [0minstability detected during calibration
[0m
[1;93m[!] [1;97mWARNING: [0minstability detected during calibration
[0m
[1;93m[!] [1;97mWARNING: [0minstability detected during calibration
[0m
[1;93m[!] [1;97mWARNING: [0minstability detected during calibration
[0m
[1;93m[!] [1;97mWARNING: [0minstability detected during calibration
[0m
[1;93m[!] [1;97mWARNING: [0minstability detected during calibration
[0m
[1;93m[!] [1;97mWARNING: [0minstability detected during calibration
[0m
[1;93m[!] [1;97mWARNING: [0minstability detected during calibration
[0m
[1;93m[!] [1;97mWARNING: [0minstability detected during calibration
[0m
[1;93m[!] [1;97mWARNING: [0minstability detected during calibration
[0m
[1;93m[!] [1;97mWARNING: [0minstability detected during calibration
[0m
[1;93m[!] [1;97mWARNING: [0minstability detected during calibration
[0m
[1;93m[!] [1;97mWARNING: [0minstability detected during calibration
[0m
[1;93m[!] [1;97mWARNING: [0minstability detected during calibration
[0m
[1;94m[*] [0mFuzzing test case #235 (385 total, 0 uniq crashes found, perf_score=75, exec_us=418, hits=5, map=264)...[0m
[1;94m[*] [0mFuzzing test case #241 (385 total, 0 uniq crashes found, perf_score=100, exec_us=404, hits=6, map=520)...[0m
[1;94m[*] [0mFuzzing test case #337 (385 total, 0 uniq crashes found, perf_score=100, exec_us=392, hits=1, map=299)...[0m
[1;94m[*] [0mFuzzing test case #329 (385 total, 0 uniq crashes found, perf_score=100, exec_us=371, hits=1, map=338)...[0m
[1;94m[*] [0mFuzzing test case #348 (385 total, 0 uniq crashes found, perf_score=100, exec_us=355, hits=1, map=322)...[0m
[1;94m[*] [0mFuzzing test case #154 (385 total, 0 uniq crashes found, perf_score=100, exec_us=552, hits=1, map=428)...[0m
[1;94m[*] [0mFuzzing test case #301 (385 total, 0 uniq crashes found, perf_score=200, exec_us=497, hits=1, map=534)...[0m
[1;93m[!] [1;97mWARNING: [0minstability detected during calibration
[0m
[1;93m[!] [1;97mWARNING: [0minstability detected during calibration
[0m
[1;93m[!] [1;97mWARNING: [0minstability detected during calibration
[0m
[1;93m[!] [1;97mWARNING: [0minstability detected during calibration
[0m
[1;93m[!] [1;97mWARNING: [0minstability detected during calibration
[0m
[1;93m[!] [1;97mWARNING: [0minstability detected during calibration
[0m
[1;93m[!] [1;97mWARNING: [0minstability detected during calibration
[0m
[1;93m[!] [1;97mWARNING: [0minstability detected during calibration
[0m
[1;93m[!] [1;97mWARNING: [0minstability detected during calibration
[0m
[1;93m[!] [1;97mWARNING: [0minstability detected during calibration
[0m
[1;93m[!] [1;97mWARNING: [0minstability detected during calibration
[0m
[1;93m[!] [1;97mWARNING: [0minstability detected during calibration
[0m
[1;93m[!] [1;97mWARNING: [0minstability detected during calibration
[0m
[1;93m[!] [1;97mWARNING: [0minstability detected during calibration
[0m
[1;93m[!] [1;97mWARNING: [0minstability detected during calibration
[0m
[1;93m[!] [1;97mWARNING: [0minstability detected during calibration
[0m
[1;93m[!] [1;97mWARNING: [0minstability detected during calibration
[0m
[1;93m[!] [1;97mWARNING: [0minstability detected during calibration
[0m
[1;93m[!] [1;97mWARNING: [0minstability detected during calibration
[0m
[1;93m[!] [1;97mWARNING: [0minstability detected during calibration
[0m
[1;93m[!] [1;97mWARNING: [0minstability detected during calibration
[0m
[1;93m[!] [1;97mWARNING: [0minstability detected during calibration
[0m
[1;93m[!] [1;97mWARNING: [0minstability detected during calibration
[0m
[1;93m[!] [1;97mWARNING: [0minstability detected during calibration
[0m
[1;93m[!] [1;97mWARNING: [0minstability detected during calibration
[0m
[1;93m[!] [1;97mWARNING: [0minstability detected during calibration
[0m
[1;93m[!] [1;97mWARNING: [0minstability detected during calibration
[0m
[1;93m[!] [1;97mWARNING: [0minstability detected during calibration
[0m
[1;93m[!] [1;97mWARNING: [0minstability detected during calibration
[0m
[1;93m[!] [1;97mWARNING: [0minstability detected during calibration
[0m
[1;93m[!] [1;97mWARNING: [0minstability detected during calibration
[0m
[1;93m[!] [1;97mWARNING: [0minstability detected during calibration
[0m
[1;93m[!] [1;97mWARNING: [0minstability detected during calibration
[0m
[1;93m[!] [1;97mWARNING: [0minstability detected during calibration
[0m
[1;93m[!] [1;97mWARNING: [0minstability detected during calibration
[0m
[1;93m[!] [1;97mWARNING: [0minstability detected during calibration
[0m
[1;93m[!] [1;97mWARNING: [0minstability detected during calibration
[0m
[1;93m[!] [1;97mWARNING: [0minstability detected during calibration
[0m
[1;93m[!] [1;97mWARNING: [0minstability detected during calibration
[0m
[1;93m[!] [1;97mWARNING: [0minstability detected during calibration
[0m
[1;93m[!] [1;97mWARNING: [0minstability detected during calibration
[0m
[1;93m[!] [1;97mWARNING: [0minstability detected during calibration
[0m
[1;93m[!] [1;97mWARNING: [0minstability detected during calibration
[0m
[1;93m[!] [1;97mWARNING: [0minstability detected during calibration
[0m
[1;93m[!] [1;97mWARNING: [0minstability detected during calibration
[0m
[1;93m[!] [1;97mWARNING: [0minstability detected during calibration
[0m
[1;93m[!] [1;97mWARNING: [0minstability detected during calibration
[0m
[1;93m[!] [1;97mWARNING: [0minstability detected during calibration
[0m
[1;93m[!] [1;97mWARNING: [0minstability detected during calibration
[0m
[1;93m[!] [1;97mWARNING: [0minstability detected during calibration
[0m
[1;93m[!] [1;97mWARNING: [0minstability detected during calibration
[0m
[1;93m[!] [1;97mWARNING: [0minstability detected during calibration
[0m
[1;93m[!] [1;97mWARNING: [0minstability detected during calibration
[0m
[1;93m[!] [1;97mWARNING: [0minstability detected during calibration
[0m
[1;93m[!] [1;97mWARNING: [0minstability detected during calibration
[0m
[1;94m[*] [0mFuzzing test case #305 (440 total, 0 uniq crashes found, perf_score=150, exec_us=393, hits=1, map=267)...[0m
[1;93m[!] [1;97mWARNING: [0minstability detected during calibration
[0m
[1;94m[*] [0mFuzzing test case #312 (441 total, 0 uniq crashes found, perf_score=200, exec_us=394, hits=9, map=486)...[0m
[1;94m[*] [0mFuzzing test case #408 (441 total, 0 uniq crashes found, perf_score=200, exec_us=386, hits=1, map=537)...[0m
[1;93m[!] [1;97mWARNING: [0minstability detected during calibration
[0m
[1;93m[!] [1;97mWARNING: [0minstability detected during calibration
[0m
[1;93m[!] [1;97mWARNING: [0minstability detected during calibration
[0m
[1;93m[!] [1;97mWARNING: [0minstability detected during calibration
[0m
[1;93m[!] [1;97mWARNING: [0minstability detected during calibration
[0m
[1;93m[!] [1;97mWARNING: [0minstability detected during calibration
[0m
[1;93m[!] [1;97mWARNING: [0minstability detected during calibration
[0m
[1;93m[!] [1;97mWARNING: [0minstability detected during calibration
[0m
[1;93m[!] [1;97mWARNING: [0minstability detected during calibration
[0m
[1;93m[!] [1;97mWARNING: [0minstability detected during calibration
[0m
[1;93m[!] [1;97mWARNING: [0minstability detected during calibration
[0m
[1;93m[!] [1;97mWARNING: [0minstability detected during calibration
[0m
[1;93m[!] [1;97mWARNING: [0minstability detected during calibration
[0m
[1;93m[!] [1;97mWARNING: [0minstability detected during calibration
[0m
[1;94m[*] [0mFuzzing test case #351 (455 total, 0 uniq crashes found, perf_score=100, exec_us=348, hits=1, map=392)...[0m
[1;94m[*] [0mFuzzing test case #292 (455 total, 0 uniq crashes found, perf_score=100, exec_us=384, hits=1, map=287)...[0m
[1;94m[*] [0mFuzzing test case #370 (455 total, 0 uniq crashes found, perf_score=75, exec_us=444, hits=1, map=266)...[0m
[1;94m[*] [0mFuzzing test case #384 (455 total, 0 uniq crashes found, perf_score=100, exec_us=370, hits=1, map=366)...[0m
[1;94m[*] [0mFuzzing test case #118 (455 total, 0 uniq crashes found, perf_score=75, exec_us=366, hits=1, map=242)...[0m
[1;94m[*] [0mFuzzing test case #120 (455 total, 0 uniq crashes found, perf_score=75, exec_us=379, hits=1, map=240)...[0m
[1;94m[*] [0mFuzzing test case #232 (455 total, 0 uniq crashes found, perf_score=100, exec_us=429, hits=1, map=515)...[0m
[1;93m[!] [1;97mWARNING: [0minstability detected during calibration
[0m
[1;93m[!] [1;97mWARNING: [0minstability detected during calibration
[0m
[1;93m[!] [1;97mWARNING: [0minstability detected during calibration
[0m
[1;93m[!] [1;97mWARNING: [0minstability detected during calibration
[0m
[1;93m[!] [1;97mWARNING: [0minstability detected during calibration
[0m
[1;93m[!] [1;97mWARNING: [0minstability detected during calibration
[0m
[1;93m[!] [1;97mWARNING: [0minstability detected during calibration
[0m
[1;93m[!] [1;97mWARNING: [0minstability detected during calibration
[0m
[1;93m[!] [1;97mWARNING: [0minstability detected during calibration
[0m
[1;93m[!] [1;97mWARNING: [0minstability detected during calibration
[0m
[1;93m[!] [1;97mWARNING: [0minstability detected during calibration
[0m
[1;94m[*] [0mFuzzing test case #459 (466 total, 0 uniq crashes found, perf_score=100, exec_us=464, hits=1, map=534)...[0m
[1;94m[*] [0mFuzzing test case #175 (466 total, 0 uniq crashes found, perf_score=75, exec_us=529, hits=84, map=245)...[0m
[1;94m[*] [0mFuzzing test case #455 (466 total, 0 uniq crashes found, perf_score=100, exec_us=358, hits=1, map=501)...[0m
[1;94m[*] [0mFuzzing test case #38 (466 total, 0 uniq crashes found, perf_score=100, exec_us=387, hits=1, map=291)...[0m
[1;94m[*] [0mFuzzing test case #293 (466 total, 0 uniq crashes found, perf_score=100, exec_us=394, hits=1, map=518)...[0m
[1;93m[!] [1;97mWARNING: [0minstability detected during calibration
[0m
[1;93m[!] [1;97mWARNING: [0minstability detected during calibration
[0m
[1;93m[!] [1;97mWARNING: [0minstability detected during calibration
[0m
[1;93m[!] [1;97mWARNING: [0minstability detected during calibration
[0m
[1;93m[!] [1;97mWARNING: [0minstability detected during calibration
[0m
[1;93m[!] [1;97mWARNING: [0minstability detected during calibration
[0m
[1;93m[!] [1;97mWARNING: [0minstability detected during calibration
[0m
[1;93m[!] [1;97mWARNING: [0minstability detected during calibration
[0m
[1;93m[!] [1;97mWARNING: [0minstability detected during calibration
[0m
[1;93m[!] [1;97mWARNING: [0minstability detected during calibration
[0m
[1;93m[!] [1;97mWARNING: [0minstability detected during calibration
[0m
[1;93m[!] [1;97mWARNING: [0minstability detected during calibration
[0m
[1;93m[!] [1;97mWARNING: [0minstability detected during calibration
[0m
[1;93m[!] [1;97mWARNING: [0minstability detected during calibration
[0m
[1;93m[!] [1;97mWARNING: [0minstability detected during calibration
[0m
[1;93m[!] [1;97mWARNING: [0minstability detected during calibration
[0m
[1;93m[!] [1;97mWARNING: [0minstability detected during calibration
[0m
[1;93m[!] [1;97mWARNING: [0minstability detected during calibration
[0m
[1;93m[!] [1;97mWARNING: [0minstability detected during calibration
[0m
[1;93m[!] [1;97mWARNING: [0minstability detected during calibration
[0m
[1;93m[!] [1;97mWARNING: [0minstability detected during calibration
[0m
[1;94m[*] [0mFuzzing test case #415 (487 total, 0 uniq crashes found, perf_score=200, exec_us=372, hits=1, map=531)...[0m
[1;93m[!] [1;97mWARNING: [0minstability detected during calibration
[0m
[1;93m[!] [1;97mWARNING: [0minstability detected during calibration
[0m
[1;93m[!] [1;97mWARNING: [0minstability detected during calibration
[0m
[1;93m[!] [1;97mWARNING: [0minstability detected during calibration
[0m
[1;93m[!] [1;97mWARNING: [0minstability detected during calibration
[0m
[1;93m[!] [1;97mWARNING: [0minstability detected during calibration
[0m
[1;93m[!] [1;97mWARNING: [0minstability detected during calibration
[0m
[1;93m[!] [1;97mWARNING: [0minstability detected during calibration
[0m
[1;93m[!] [1;97mWARNING: [0minstability detected during calibration
[0m
[1;93m[!] [1;97mWARNING: [0minstability detected during calibration
[0m
[1;93m[!] [1;97mWARNING: [0minstability detected during calibration
[0m
[1;93m[!] [1;97mWARNING: [0minstability detected during calibration
[0m
[1;94m[*] [0mFuzzing test case #378 (499 total, 0 uniq crashes found, perf_score=100, exec_us=344, hits=1, map=485)...[0m
[1;94m[*] [0mFuzzing test case #65 (499 total, 0 uniq crashes found, perf_score=75, exec_us=365, hits=47, map=232)...[0m
[1;94m[*] [0mFuzzing test case #242 (499 total, 0 uniq crashes found, perf_score=100, exec_us=445, hits=1, map=290)...[0m
[1;93m[!] [1;97mWARNING: [0minstability detected during calibration
[0m
[1;93m[!] [1;97mWARNING: [0minstability detected during calibration
[0m
[1;94m[*] [0mFuzzing test case #286 (501 total, 0 uniq crashes found, perf_score=100, exec_us=398, hits=1, map=494)...[0m
[1;93m[!] [1;97mWARNING: [0minstability detected during calibration
[0m
[1;93m[!] [1;97mWARNING: [0minstability detected during calibration
[0m
[1;93m[!] [1;97mWARNING: [0minstability detected during calibration
[0m
[1;93m[!] [1;97mWARNING: [0minstability detected during calibration
[0m
[1;93m[!] [1;97mWARNING: [0minstability detected during calibration
[0m
[1;93m[!] [1;97mWARNING: [0minstability detected during calibration
[0m
[1;93m[!] [1;97mWARNING: [0minstability detected during calibration
[0m
[1;93m[!] [1;97mWARNING: [0minstability detected during calibration
[0m
[1;93m[!] [1;97mWARNING: [0minstability detected during calibration
[0m
[1;93m[!] [1;97mWARNING: [0minstability detected during calibration
[0m
[1;93m[!] [1;97mWARNING: [0minstability detected during calibration
[0m
[1;93m[!] [1;97mWARNING: [0minstability detected during calibration
[0m
[1;93m[!] [1;97mWARNING: [0minstability detected during calibration
[0m
[1;93m[!] [1;97mWARNING: [0minstability detected during calibration
[0m
[1;93m[!] [1;97mWARNING: [0minstability detected during calibration
[0m
[1;93m[!] [1;97mWARNING: [0minstability detected during calibration
[0m
[1;93m[!] [1;97mWARNING: [0minstability detected during calibration
[0m
[1;93m[!] [1;97mWARNING: [0minstability detected during calibration
[0m
[1;93m[!] [1;97mWARNING: [0minstability detected during calibration
[0m
[1;93m[!] [1;97mWARNING: [0minstability detected during calibration
[0m
[1;93m[!] [1;97mWARNING: [0minstability detected during calibration
[0m
[1;93m[!] [1;97mWARNING: [0minstability detected during calibration
[0m
[1;93m[!] [1;97mWARNING: [0minstability detected during calibration
[0m
[1;93m[!] [1;97mWARNING: [0minstability detected during calibration
[0m
[1;93m[!] [1;97mWARNING: [0minstability detected during calibration
[0m
[1;93m[!] [1;97mWARNING: [0minstability detected during calibration
[0m
[1;93m[!] [1;97mWARNING: [0minstability detected during calibration
[0m
[1;93m[!] [1;97mWARNING: [0minstability detected during calibration
[0m
[1;93m[!] [1;97mWARNING: [0minstability detected during calibration
[0m
[1;93m[!] [1;97mWARNING: [0minstability detected during calibration
[0m
[1;94m[*] [0mFuzzing test case #526 (531 total, 0 uniq crashes found, perf_score=200, exec_us=423, hits=1, map=482)...[0m
[1;93m[!] [1;97mWARNING: [0minstability detected during calibration
[0m
[1;93m[!] [1;97mWARNING: [0minstability detected during calibration
[0m
[1;93m[!] [1;97mWARNING: [0minstability detected during calibration
[0m
[1;93m[!] [1;97mWARNING: [0minstability detected during calibration
[0m
[1;94m[*] [0mFuzzing test case #532 (535 total, 0 uniq crashes found, perf_score=200, exec_us=372, hits=6, map=488)...[0m
[1;93m[!] [1;97mWARNING: [0minstability detected during calibration
[0m
[1;94m[*] [0mFuzzing test case #433 (536 total, 0 uniq crashes found, perf_score=200, exec_us=368, hits=1, map=540)...[0m
[1;94m[*] [0mFuzzing test case #408 (536 total, 0 uniq crashes found, perf_score=229, exec_us=386, hits=1139, map=537)...[0m
[1;94m[*] [0mFuzzing test case #137 (536 total, 0 uniq crashes found, perf_score=75, exec_us=410, hits=4, map=272)...[0m
[1;94m[*] [0mFuzzing test case #380 (536 total, 0 uniq crashes found, perf_score=100, exec_us=372, hits=1, map=311)...[0m
[1;93m[!] [1;97mWARNING: [0minstability detected during calibration
[0m
[1;94m[*] [0mFuzzing test case #365 (537 total, 0 uniq crashes found, perf_score=100, exec_us=420, hits=1, map=526)...[0m
[1;94m[*] [0mFuzzing test case #502 (537 total, 0 uniq crashes found, perf_score=200, exec_us=365, hits=2, map=494)...[0m
[1;94m[*] [0mFuzzing test case #276 (537 total, 0 uniq crashes found, perf_score=150, exec_us=344, hits=1, map=218)...[0m
[1;94m[*] [0mFuzzing test case #500 (537 total, 0 uniq crashes found, perf_score=150, exec_us=444, hits=1, map=284)...[0m
[1;94m[*] [0mFuzzing test case #379 (537 total, 0 uniq crashes found, perf_score=100, exec_us=386, hits=1, map=335)...[0m
[1;94m[*] [0mFuzzing test case #536 (537 total, 0 uniq crashes found, perf_score=100, exec_us=381, hits=1, map=306)...[0m
[1;94m[*] [0mFuzzing test case #477 (537 total, 0 uniq crashes found, perf_score=200, exec_us=331, hits=2, map=518)...[0m
[1;94m[*] [0mFuzzing test case #313 (537 total, 0 uniq crashes found, perf_score=200, exec_us=435, hits=3, map=500)...[0m
[1;93m[!] [1;97mWARNING: [0minstability detected during calibration
[0m
[1;93m[!] [1;97mWARNING: [0minstability detected during calibration
[0m
[1;93m[!] [1;97mWARNING: [0minstability detected during calibration
[0m
[1;93m[!] [1;97mWARNING: [0minstability detected during calibration
[0m
[1;93m[!] [1;97mWARNING: [0minstability detected during calibration
[0m
[1;93m[!] [1;97mWARNING: [0minstability detected during calibration
[0m
[1;93m[!] [1;97mWARNING: [0minstability detected during calibration
[0m
[1;93m[!] [1;97mWARNING: [0minstability detected during calibration
[0m
[1;93m[!] [1;97mWARNING: [0minstability detected during calibration
[0m
[1;93m[!] [1;97mWARNING: [0minstability detected during calibration
[0m
[1;93m[!] [1;97mWARNING: [0minstability detected during calibration
[0m
[1;93m[!] [1;97mWARNING: [0minstability detected during calibration
[0m
[1;93m[!] [1;97mWARNING: [0minstability detected during calibration
[0m
[1;94m[*] [0mFuzzing test case #246 (550 total, 0 uniq crashes found, perf_score=75, exec_us=491, hits=1, map=218)...[0m
[1;94m[*] [0mFuzzing test case #546 (550 total, 0 uniq crashes found, perf_score=200, exec_us=380, hits=1, map=511)...[0m
[1;93m[!] [1;97mWARNING: [0minstability detected during calibration
[0m
[1;94m[*] [0mFuzzing test case #412 (551 total, 0 uniq crashes found, perf_score=200, exec_us=379, hits=1, map=538)...[0m
[1;94m[*] [0mFuzzing test case #358 (551 total, 0 uniq crashes found, perf_score=100, exec_us=378, hits=1, map=374)...[0m
[1;93m[!] [1;97mWARNING: [0minstability detected during calibration
[0m
[1;94m[*] [0mFuzzing test case #332 (552 total, 0 uniq crashes found, perf_score=100, exec_us=423, hits=1, map=311)...[0m
[1;94m[*] [0mFuzzing test case #546 (552 total, 0 uniq crashes found, perf_score=459, exec_us=380, hits=25, map=511)...[0m
[1;94m[*] [0mFuzzing test case #57 (552 total, 0 uniq crashes found, perf_score=75, exec_us=415, hits=2, map=259)...[0m
[1;94m[*] [0mFuzzing test case #369 (552 total, 0 uniq crashes found, perf_score=100, exec_us=435, hits=1, map=319)...[0m
[1;93m[!] [1;97mWARNING: [0minstability detected during calibration
[0m
[1;94m[*] [0mFuzzing test case #375 (553 total, 0 uniq crashes found, perf_score=100, exec_us=388, hits=1, map=554)...[0m
[1;94m[*] [0mFuzzing test case #60 (553 total, 0 uniq crashes found, perf_score=75, exec_us=428, hits=1, map=240)...[0m
[1;94m[*] [0mFuzzing test case #499 (553 total, 0 uniq crashes found, perf_score=150, exec_us=373, hits=1, map=283)...[0m
[1;94m[*] [0mFuzzing test case #384 (553 total, 0 uniq crashes found, perf_score=345, exec_us=370, hits=14, map=366)...[0m
[1;93m[!] [1;97mWARNING: [0minstability detected during calibration
[0m
[1;94m[*] [0mFuzzing test case #41 (554 total, 0 uniq crashes found, perf_score=100, exec_us=369, hits=1, map=478)...[0m
[1;94m[*] [0mFuzzing test case #552 (554 total, 0 uniq crashes found, perf_score=100, exec_us=450, hits=1, map=291)...[0m
[1;94m[*] [0mFuzzing test case #514 (554 total, 0 uniq crashes found, perf_score=200, exec_us=376, hits=1, map=510)...[0m
[1;94m[*] [0mFuzzing test case #533 (554 total, 0 uniq crashes found, perf_score=150, exec_us=376, hits=1, map=280)...[0m
[1;93m[!] [1;97mWARNING: [0minstability detected during calibration
[0m
[1;94m[*] [0mFuzzing test case #550 (555 total, 0 uniq crashes found, perf_score=150, exec_us=434, hits=1, map=273)...[0m
[1;94m[*] [0mFuzzing test case #103 (555 total, 0 uniq crashes found, perf_score=100, exec_us=379, hits=8, map=424)...[0m
[1;94m[*] [0mFuzzing test case #189 (555 total, 0 uniq crashes found, perf_score=100, exec_us=366, hits=1, map=288)...[0m
[1;94m[*] [0mFuzzing test case #553 (555 total, 0 uniq crashes found, perf_score=100, exec_us=489, hits=1, map=339)...[0m
[1;93m[!] [1;97mWARNING: [0minstability detected during calibration
[0m
[1;94m[*] [0mFuzzing test case #542 (556 total, 0 uniq crashes found, perf_score=200, exec_us=356, hits=1, map=510)...[0m
[1;94m[*] [0mFuzzing test case #491 (556 total, 0 uniq crashes found, perf_score=200, exec_us=384, hits=1, map=550)...[0m
[1;94m[*] [0mFuzzing test case #183 (556 total, 0 uniq crashes found, perf_score=100, exec_us=392, hits=1, map=501)...[0m
[1;94m[*] [0mFuzzing test case #233 (556 total, 0 uniq crashes found, perf_score=100, exec_us=401, hits=1, map=508)...[0m
[1;94m[*] [0mFuzzing test case #147 (556 total, 0 uniq crashes found, perf_score=100, exec_us=401, hits=1, map=523)...[0m
[1;94m[*] [0mFuzzing test case #475 (556 total, 0 uniq crashes found, perf_score=200, exec_us=355, hits=1, map=521)...[0m
[1;94m[*] [0mFuzzing test case #237 (556 total, 0 uniq crashes found, perf_score=75, exec_us=378, hits=1, map=275)...[0m
[1;94m[*] [0mFuzzing test case #555 (556 total, 0 uniq crashes found, perf_score=200, exec_us=380, hits=3, map=345)...[0m
[1;94m[*] [0mFuzzing test case #37 (556 total, 0 uniq crashes found, perf_score=75, exec_us=344, hits=5, map=243)...[0m
[1;94m[*] [0mFuzzing test case #455 (556 total, 0 uniq crashes found, perf_score=229, exec_us=358, hits=21, map=501)...[0m
[1;94m[*] [0mFuzzing test case #90 (556 total, 0 uniq crashes found, perf_score=75, exec_us=399, hits=4, map=233)...[0m
[1;94m[*] [0mFuzzing test case #75 (556 total, 0 uniq crashes found, perf_score=100, exec_us=411, hits=2, map=376)...[0m
[1;94m[*] [0mFuzzing test case #373 (556 total, 0 uniq crashes found, perf_score=75, exec_us=460, hits=1, map=257)...[0m
[1;94m[*] [0mFuzzing test case #336 (556 total, 0 uniq crashes found, perf_score=100, exec_us=354, hits=1, map=318)...[0m
[1;94m[*] [0mFuzzing test case #349 (556 total, 0 uniq crashes found, perf_score=75, exec_us=360, hits=1, map=248)...[0m
[1;94m[*] [0mFuzzing test case #318 (556 total, 0 uniq crashes found, perf_score=150, exec_us=420, hits=1, map=276)...[0m
[1;94m[*] [0mFuzzing test case #330 (556 total, 0 uniq crashes found, perf_score=100, exec_us=390, hits=2, map=311)...[0m
[1;94m[*] [0mFuzzing test case #213 (556 total, 0 uniq crashes found, perf_score=50, exec_us=411, hits=1, map=214)...[0m
[1;94m[*] [0mFuzzing test case #455 (556 total, 0 uniq crashes found, perf_score=114, exec_us=358, hits=49, map=501)...[0m
[1;94m[*] [0mFuzzing test case #535 (556 total, 0 uniq crashes found, perf_score=200, exec_us=422, hits=1, map=297)...[0m
[1;94m[*] [0mFuzzing test case #114 (556 total, 0 uniq crashes found, perf_score=100, exec_us=411, hits=1, map=518)...[0m
[1;94m[*] [0mFuzzing test case #455 (556 total, 0 uniq crashes found, perf_score=114, exec_us=358, hits=69, map=501)...[0m
[1;94m[*] [0mFuzzing test case #56 (556 total, 0 uniq crashes found, perf_score=100, exec_us=415, hits=2, map=312)...[0m
[1;94m[*] [0mFuzzing test case #58 (556 total, 0 uniq crashes found, perf_score=100, exec_us=406, hits=1, map=527)...[0m
[1;94m[*] [0mFuzzing test case #291 (556 total, 0 uniq crashes found, perf_score=40, exec_us=379, hits=786, map=511)...[0m
[1;94m[*] [0mFuzzing test case #316 (556 total, 0 uniq crashes found, perf_score=100, exec_us=354, hits=1, map=213)...[0m
[1;94m[*] [0mFuzzing test case #192 (556 total, 0 uniq crashes found, perf_score=75, exec_us=389, hits=1, map=264)...[0m
[1;94m[*] [0mFuzzing test case #320 (556 total, 0 uniq crashes found, perf_score=100, exec_us=359, hits=1, map=320)...[0m
[1;94m[*] [0mFuzzing test case #319 (556 total, 0 uniq crashes found, perf_score=172, exec_us=362, hits=74, map=282)...[0m
[1;94m[*] [0mFuzzing test case #262 (556 total, 0 uniq crashes found, perf_score=75, exec_us=399, hits=1, map=281)...[0m
[1;94m[*] [0mFuzzing test case #455 (556 total, 0 uniq crashes found, perf_score=114, exec_us=358, hits=83, map=501)...[0m
[1;94m[*] [0mFuzzing test case #319 (556 total, 0 uniq crashes found, perf_score=172, exec_us=362, hits=176, map=282)...[0m
[1;94m[*] [0mFuzzing test case #113 (556 total, 0 uniq crashes found, perf_score=100, exec_us=442, hits=1, map=435)...[0m
[1;94m[*] [0mFuzzing test case #339 (556 total, 0 uniq crashes found, perf_score=100, exec_us=398, hits=1, map=528)...[0m
[1;94m[*] [0mFuzzing test case #554 (556 total, 0 uniq crashes found, perf_score=200, exec_us=337, hits=1, map=292)...[0m
[1;94m[*] [0mFuzzing test case #551 (556 total, 0 uniq crashes found, perf_score=100, exec_us=344, hits=1, map=346)...[0m
[1;93m[!] [1;97mWARNING: [0minstability detected during calibration
[0m
[1;94m[*] [0mFuzzing test case #363 (557 total, 0 uniq crashes found, perf_score=100, exec_us=376, hits=1, map=332)...[0m
[1;93m[!] [1;97mWARNING: [0minstability detected during calibration
[0m
[1;94m[*] [0mFuzzing test case #94 (558 total, 0 uniq crashes found, perf_score=75, exec_us=367, hits=2, map=279)...[0m
[1;94m[*] [0mFuzzing test case #102 (558 total, 0 uniq crashes found, perf_score=100, exec_us=452, hits=1, map=423)...[0m
[1;94m[*] [0mFuzzing test case #364 (558 total, 0 uniq crashes found, perf_score=100, exec_us=376, hits=1, map=295)...[0m
[1;94m[*] [0mFuzzing test case #359 (558 total, 0 uniq crashes found, perf_score=100, exec_us=464, hits=1, map=294)...[0m
[1;94m[*] [0mFuzzing test case #557 (558 total, 0 uniq crashes found, perf_score=100, exec_us=371, hits=1, map=319)...[0m
[1;94m[*] [0mFuzzing test case #221 (558 total, 0 uniq crashes found, perf_score=100, exec_us=395, hits=2, map=321)...[0m
[1;94m[*] [0mFuzzing test case #455 (558 total, 0 uniq crashes found, perf_score=114, exec_us=358, hits=90, map=501)...[0m
[1;94m[*] [0mFuzzing test case #337 (558 total, 0 uniq crashes found, perf_score=114, exec_us=392, hits=52, map=299)...[0m
[1;94m[*] [0mFuzzing test case #55 (558 total, 0 uniq crashes found, perf_score=75, exec_us=422, hits=1, map=235)...[0m
[1;94m[*] [0mFuzzing test case #104 (558 total, 0 uniq crashes found, perf_score=100, exec_us=370, hits=1, map=488)...[0m
[1;94m[*] [0mFuzzing test case #319 (558 total, 0 uniq crashes found, perf_score=172, exec_us=362, hits=254, map=282)...[0m
[1;94m[*] [0mFuzzing test case #88 (558 total, 0 uniq crashes found, perf_score=75, exec_us=395, hits=1, map=219)...[0m
[1;94m[*] [0mFuzzing test case #347 (558 total, 0 uniq crashes found, perf_score=75, exec_us=356, hits=1, map=276)...[0m
[1;94m[*] [0mFuzzing test case #319 (558 total, 0 uniq crashes found, perf_score=172, exec_us=362, hits=347, map=282)...[0m
[1;94m[*] [0mFuzzing test case #319 (558 total, 0 uniq crashes found, perf_score=172, exec_us=362, hits=439, map=282)...[0m
[1;94m[*] [0mFuzzing test case #455 (558 total, 0 uniq crashes found, perf_score=114, exec_us=358, hits=113, map=501)...[0m
[1;94m[*] [0mFuzzing test case #319 (558 total, 0 uniq crashes found, perf_score=172, exec_us=362, hits=523, map=282)...[0m
[1;94m[*] [0mFuzzing test case #319 (558 total, 0 uniq crashes found, perf_score=172, exec_us=362, hits=620, map=282)...[0m
[1;94m[*] [0mFuzzing test case #322 (558 total, 0 uniq crashes found, perf_score=100, exec_us=394, hits=5, map=298)...[0m
[1;94m[*] [0mFuzzing test case #140 (558 total, 0 uniq crashes found, perf_score=86, exec_us=431, hits=55, map=218)...[0m
[1;94m[*] [0mFuzzing test case #502 (558 total, 0 uniq crashes found, perf_score=690, exec_us=365, hits=14, map=494)...[0m
[1;93m[!] [1;97mWARNING: [0minstability detected during calibration
[0m
[1;94m[*] [0mFuzzing test case #546 (559 total, 0 uniq crashes found, perf_score=229, exec_us=380, hits=89, map=511)...[0m
[1;93m[!] [1;97mWARNING: [0minstability detected during calibration
[0m
[1;94m[*] [0mFuzzing test case #460 (560 total, 0 uniq crashes found, perf_score=100, exec_us=388, hits=1, map=492)...[0m
[1;94m[*] [0mFuzzing test case #319 (560 total, 0 uniq crashes found, perf_score=172, exec_us=362, hits=703, map=282)...[0m
[1;94m[*] [0mFuzzing test case #273 (560 total, 0 uniq crashes found, perf_score=150, exec_us=347, hits=1, map=266)...[0m
[1;93m[!] [1;97mWARNING: [0minstability detected during calibration
[0m
[1;94m[*] [0mFuzzing test case #345 (561 total, 0 uniq crashes found, perf_score=75, exec_us=352, hits=4, map=226)...[0m
[1;94m[*] [0mFuzzing test case #482 (561 total, 0 uniq crashes found, perf_score=150, exec_us=583, hits=1, map=512)...[0m
[1;93m[!] [1;97mWARNING: [0minstability detected during calibration
[0m
[1;93m[!] [1;97mWARNING: [0minstability detected during calibration
[0m
[1;93m[!] [1;97mWARNING: [0minstability detected during calibration
[0m
[1;93m[!] [1;97mWARNING: [0minstability detected during calibration
[0m
[1;93m[!] [1;97mWARNING: [0minstability detected during calibration
[0m
[1;93m[!] [1;97mWARNING: [0minstability detected during calibration
[0m
[1;93m[!] [1;97mWARNING: [0minstability detected during calibration
[0m
[1;93m[!] [1;97mWARNING: [0minstability detected during calibration
[0m
[1;94m[*] [0mFuzzing test case #439 (569 total, 0 uniq crashes found, perf_score=200, exec_us=386, hits=1, map=290)...[0m
[1;94m[*] [0mFuzzing test case #3 (569 total, 0 uniq crashes found, perf_score=100, exec_us=438, hits=0, map=479)...[0m
[1;94m[*] [0mFuzzing test case #455 (569 total, 0 uniq crashes found, perf_score=114, exec_us=358, hits=132, map=501)...[0m
[1;94m[*] [0mFuzzing test case #319 (569 total, 0 uniq crashes found, perf_score=172, exec_us=362, hits=774, map=282)...[0m
[1;94m[*] [0mFuzzing test case #566 (569 total, 0 uniq crashes found, perf_score=200, exec_us=348, hits=1, map=515)...[0m
[1;93m[!] [1;97mWARNING: [0minstability detected during calibration
[0m
[1;93m[!] [1;97mWARNING: [0minstability detected during calibration
[0m
[1;94m[*] [0mFuzzing test case #496 (571 total, 0 uniq crashes found, perf_score=150, exec_us=576, hits=1, map=526)...[0m
[1;93m[!] [1;97mWARNING: [0minstability detected during calibration
[0m
[1;93m[!] [1;97mWARNING: [0minstability detected during calibration
[0m
[1;93m[!] [1;97mWARNING: [0minstability detected during calibration
[0m
[1;93m[!] [1;97mWARNING: [0minstability detected during calibration
[0m
[1;93m[!] [1;97mWARNING: [0minstability detected during calibration
[0m
[1;93m[!] [1;97mWARNING: [0minstability detected during calibration
[0m
[1;93m[!] [1;97mWARNING: [0minstability detected during calibration
[0m
[1;94m[*] [0mFuzzing test case #455 (578 total, 0 uniq crashes found, perf_score=114, exec_us=358, hits=149, map=501)...[0m
[1;94m[*] [0mFuzzing test case #569 (578 total, 0 uniq crashes found, perf_score=200, exec_us=359, hits=1, map=506)...[0m
[1;93m[!] [1;97mWARNING: [0minstability detected during calibration
[0m
[1;93m[!] [1;97mWARNING: [0minstability detected during calibration
[0m
[1;93m[!] [1;97mWARNING: [0minstability detected during calibration
[0m
[1;93m[!] [1;97mWARNING: [0minstability detected during calibration
[0m
[1;93m[!] [1;97mWARNING: [0minstability detected during calibration
[0m
[1;93m[!] [1;97mWARNING: [0minstability detected during calibration
[0m
[1;93m[!] [1;97mWARNING: [0minstability detected during calibration
[0m
[1;93m[!] [1;97mWARNING: [0minstability detected during calibration
[0m
[1;93m[!] [1;97mWARNING: [0minstability detected during calibration
[0m
[1;93m[!] [1;97mWARNING: [0minstability detected during calibration
[0m
[1;93m[!] [1;97mWARNING: [0minstability detected during calibration
[0m
[1;93m[!] [1;97mWARNING: [0minstability detected during calibration
[0m
[1;93m[!] [1;97mWARNING: [0minstability detected during calibration
[0m
[1;94m[*] [0mFuzzing test case #319 (591 total, 0 uniq crashes found, perf_score=172, exec_us=362, hits=836, map=282)...[0m
[1;94m[*] [0mFuzzing test case #455 (591 total, 0 uniq crashes found, perf_score=114, exec_us=358, hits=160, map=501)...[0m
[1;94m[*] [0mFuzzing test case #319 (591 total, 0 uniq crashes found, perf_score=172, exec_us=362, hits=917, map=282)...[0m
[1;94m[*] [0mFuzzing test case #201 (591 total, 0 uniq crashes found, perf_score=56, exec_us=584, hits=1, map=268)...[0m
[1;94m[*] [0mFuzzing test case #502 (591 total, 0 uniq crashes found, perf_score=229, exec_us=365, hits=87, map=494)...[0m
[1;94m[*] [0mFuzzing test case #583 (591 total, 0 uniq crashes found, perf_score=200, exec_us=412, hits=1, map=512)...[0m
[1;94m[*] [0mFuzzing test case #575 (591 total, 0 uniq crashes found, perf_score=200, exec_us=443, hits=1, map=509)...[0m
[1;94m[*] [0mFuzzing test case #546 (591 total, 0 uniq crashes found, perf_score=229, exec_us=380, hits=141, map=511)...[0m
[1;94m[*] [0mFuzzing test case #502 (591 total, 0 uniq crashes found, perf_score=229, exec_us=365, hits=104, map=494)...[0m
[1;94m[*] [0mFuzzing test case #319 (591 total, 0 uniq crashes found, perf_score=172, exec_us=362, hits=983, map=282)...[0m
[1;94m[*] [0mFuzzing test case #455 (591 total, 0 uniq crashes found, perf_score=114, exec_us=358, hits=172, map=501)...[0m
[1;94m[*] [0mFuzzing test case #319 (591 total, 0 uniq crashes found, perf_score=172, exec_us=362, hits=1051, map=282)...[0m
[1;94m[*] [0mFuzzing test case #319 (591 total, 0 uniq crashes found, perf_score=172, exec_us=362, hits=1130, map=282)...[0m
[1;94m[*] [0mFuzzing test case #1 (591 total, 0 uniq crashes found, perf_score=459, exec_us=371, hits=0, map=496)...[0m
[1;94m[*] [0mFuzzing test case #319 (591 total, 0 uniq crashes found, perf_score=172, exec_us=362, hits=1189, map=282)...[0m
[1;94m[*] [0mFuzzing test case #455 (591 total, 0 uniq crashes found, perf_score=114, exec_us=358, hits=190, map=501)...[0m
[1;94m[*] [0mFuzzing test case #455 (591 total, 0 uniq crashes found, perf_score=114, exec_us=358, hits=203, map=501)...[0m
[1;94m[*] [0mFuzzing test case #455 (591 total, 0 uniq crashes found, perf_score=114, exec_us=358, hits=218, map=501)...[0m
[1;94m[*] [0mFuzzing test case #455 (591 total, 0 uniq crashes found, perf_score=114, exec_us=358, hits=237, map=501)...[0m
[1;93m[!] [1;97mWARNING: [0minstability detected during calibration
[0m
[1;94m[*] [0mFuzzing test case #319 (592 total, 0 uniq crashes found, perf_score=172, exec_us=362, hits=1266, map=282)...[0m
[1;94m[*] [0mFuzzing test case #319 (592 total, 0 uniq crashes found, perf_score=172, exec_us=362, hits=1354, map=282)...[0m
[1;94m[*] [0mFuzzing test case #455 (592 total, 0 uniq crashes found, perf_score=114, exec_us=358, hits=264, map=501)...[0m
[1;94m[*] [0mFuzzing test case #552 (592 total, 0 uniq crashes found, perf_score=229, exec_us=450, hits=17, map=291)...[0m
[1;93m[!] [1;97mWARNING: [0minstability detected during calibration
[0m
[1;94m[*] [0mFuzzing test case #103 (593 total, 0 uniq crashes found, perf_score=114, exec_us=379, hits=55, map=424)...[0m
[1;94m[*] [0mFuzzing test case #502 (593 total, 0 uniq crashes found, perf_score=229, exec_us=365, hits=118, map=494)...[0m
[1;94m[*] [0mFuzzing test case #41 (593 total, 0 uniq crashes found, perf_score=229, exec_us=369, hits=26, map=478)...[0m
[1;94m[*] [0mFuzzing test case #259 (593 total, 0 uniq crashes found, perf_score=40, exec_us=415, hits=2227, map=461)...[0m
[1;94m[*] [0mFuzzing test case #433 (593 total, 0 uniq crashes found, perf_score=459, exec_us=368, hits=21, map=540)...[0m
[1;94m[*] [0mFuzzing test case #384 (593 total, 0 uniq crashes found, perf_score=114, exec_us=370, hits=78, map=366)...[0m
[1;94m[*] [0mFuzzing test case #492 (593 total, 0 uniq crashes found, perf_score=200, exec_us=405, hits=2, map=531)...[0m
[1;94m[*] [0mFuzzing test case #433 (593 total, 0 uniq crashes found, perf_score=229, exec_us=368, hits=72, map=540)...[0m
[1;94m[*] [0mFuzzing test case #319 (593 total, 0 uniq crashes found, perf_score=172, exec_us=362, hits=1454, map=282)...[0m
[1;94m[*] [0mFuzzing test case #375 (593 total, 0 uniq crashes found, perf_score=229, exec_us=388, hits=20, map=554)...[0m
[1;94m[*] [0mFuzzing test case #455 (593 total, 0 uniq crashes found, perf_score=114, exec_us=358, hits=276, map=501)...[0m
[1;94m[*] [0mFuzzing test case #500 (593 total, 0 uniq crashes found, perf_score=172, exec_us=444, hits=64, map=284)...[0m
[1;94m[*] [0mFuzzing test case #28 (593 total, 0 uniq crashes found, perf_score=75, exec_us=495, hits=28, map=236)...[0m
[1;94m[*] [0mFuzzing test case #592 (593 total, 0 uniq crashes found, perf_score=200, exec_us=435, hits=1, map=330)...[0m
[1;94m[*] [0mFuzzing test case #455 (593 total, 0 uniq crashes found, perf_score=114, exec_us=358, hits=291, map=501)...[0m
[1;94m[*] [0mFuzzing test case #455 (593 total, 0 uniq crashes found, perf_score=114, exec_us=358, hits=302, map=501)...[0m
[1;94m[*] [0mFuzzing test case #380 (593 total, 0 uniq crashes found, perf_score=114, exec_us=372, hits=52, map=311)...[0m
[1;94m[*] [0mFuzzing test case #319 (593 total, 0 uniq crashes found, perf_score=172, exec_us=362, hits=1548, map=282)...[0m
[1;94m[*] [0mFuzzing test case #455 (593 total, 0 uniq crashes found, perf_score=114, exec_us=358, hits=313, map=501)...[0m
[1;94m[*] [0mFuzzing test case #319 (593 total, 0 uniq crashes found, perf_score=172, exec_us=362, hits=1626, map=282)...[0m
[1;94m[*] [0mFuzzing test case #319 (593 total, 0 uniq crashes found, perf_score=172, exec_us=362, hits=1715, map=282)...[0m
[1;94m[*] [0mFuzzing test case #433 (593 total, 0 uniq crashes found, perf_score=229, exec_us=368, hits=89, map=540)...[0m
[1;94m[*] [0mFuzzing test case #502 (593 total, 0 uniq crashes found, perf_score=229, exec_us=365, hits=135, map=494)...[0m
[1;94m[*] [0mFuzzing test case #316 (593 total, 0 uniq crashes found, perf_score=114, exec_us=354, hits=63, map=213)...[0m
[1;94m[*] [0mFuzzing test case #455 (593 total, 0 uniq crashes found, perf_score=114, exec_us=358, hits=323, map=501)...[0m
[1;94m[*] [0mFuzzing test case #319 (593 total, 0 uniq crashes found, perf_score=172, exec_us=362, hits=1782, map=282)...[0m
[1;94m[*] [0mFuzzing test case #319 (593 total, 0 uniq crashes found, perf_score=172, exec_us=362, hits=1857, map=282)...[0m
[1;94m[*] [0mFuzzing test case #365 (593 total, 0 uniq crashes found, perf_score=229, exec_us=420, hits=17, map=526)...[0m
[1;94m[*] [0mFuzzing test case #292 (593 total, 0 uniq crashes found, perf_score=172, exec_us=384, hits=29, map=287)...[0m
[1;93m[!] [1;97mWARNING: [0minstability detected during calibration
[0m
[1;94m[*] [0mFuzzing test case #226 (594 total, 0 uniq crashes found, perf_score=100, exec_us=469, hits=1, map=504)...[0m
[1;94m[*] [0mFuzzing test case #319 (594 total, 0 uniq crashes found, perf_score=172, exec_us=362, hits=1956, map=282)...[0m
[1;94m[*] [0mFuzzing test case #593 (594 total, 0 uniq crashes found, perf_score=150, exec_us=412, hits=1, map=280)...[0m
[1;94m[*] [0mFuzzing test case #455 (594 total, 0 uniq crashes found, perf_score=114, exec_us=358, hits=337, map=501)...[0m
[1;94m[*] [0mFuzzing test case #455 (594 total, 0 uniq crashes found, perf_score=114, exec_us=358, hits=352, map=501)...[0m
[1;94m[*] [0mFuzzing test case #241 (594 total, 0 uniq crashes found, perf_score=229, exec_us=404, hits=20, map=520)...[0m
[1;94m[*] [0mFuzzing test case #455 (594 total, 0 uniq crashes found, perf_score=114, exec_us=358, hits=375, map=501)...[0m
[1;94m[*] [0mFuzzing test case #384 (594 total, 0 uniq crashes found, perf_score=114, exec_us=370, hits=84, map=366)...[0m
[1;94m[*] [0mFuzzing test case #455 (594 total, 0 uniq crashes found, perf_score=114, exec_us=358, hits=388, map=501)...[0m
[1;94m[*] [0mFuzzing test case #319 (594 total, 0 uniq crashes found, perf_score=172, exec_us=362, hits=2049, map=282)...[0m
[1;94m[*] [0mFuzzing test case #319 (594 total, 0 uniq crashes found, perf_score=172, exec_us=362, hits=2167, map=282)...[0m
[1;94m[*] [0mFuzzing test case #502 (594 total, 0 uniq crashes found, perf_score=229, exec_us=365, hits=145, map=494)...[0m
[1;93m[!] [1;97mWARNING: [0minstability detected during calibration
[0m
[1;93m[!] [1;97mWARNING: [0minstability detected during calibration
[0m
[1;94m[*] [0mFuzzing test case #118 (596 total, 0 uniq crashes found, perf_score=86, exec_us=366, hits=45, map=242)...[0m
[1;94m[*] [0mFuzzing test case #408 (596 total, 0 uniq crashes found, perf_score=229, exec_us=386, hits=1156, map=537)...[0m
[1;94m[*] [0mFuzzing test case #1 (596 total, 0 uniq crashes found, perf_score=459, exec_us=371, hits=0, map=496)...[0m
[1;94m[*] [0mFuzzing test case #502 (596 total, 0 uniq crashes found, perf_score=229, exec_us=365, hits=181, map=494)...[0m
[1;93m[!] [1;97mWARNING: [0minstability detected during calibration
[0m
[1;94m[*] [0mFuzzing test case #455 (597 total, 0 uniq crashes found, perf_score=114, exec_us=358, hits=402, map=501)...[0m
[1;94m[*] [0mFuzzing test case #319 (597 total, 0 uniq crashes found, perf_score=172, exec_us=362, hits=2242, map=282)...[0m
[1;94m[*] [0mFuzzing test case #319 (597 total, 0 uniq crashes found, perf_score=172, exec_us=362, hits=2349, map=282)...[0m
[1;94m[*] [0mFuzzing test case #455 (597 total, 0 uniq crashes found, perf_score=114, exec_us=358, hits=416, map=501)...[0m
[1;94m[*] [0mFuzzing test case #319 (597 total, 0 uniq crashes found, perf_score=172, exec_us=362, hits=2462, map=282)...[0m
[1;94m[*] [0mFuzzing test case #319 (597 total, 0 uniq crashes found, perf_score=172, exec_us=362, hits=2565, map=282)...[0m
[1;94m[*] [0mFuzzing test case #551 (597 total, 0 uniq crashes found, perf_score=114, exec_us=344, hits=37, map=346)...[0m
[1;94m[*] [0mFuzzing test case #328 (597 total, 0 uniq crashes found, perf_score=100, exec_us=385, hits=1, map=388)...[0m
[1;94m[*] [0mFuzzing test case #375 (597 total, 0 uniq crashes found, perf_score=114, exec_us=388, hits=57, map=554)...[0m
[1;94m[*] [0mFuzzing test case #433 (597 total, 0 uniq crashes found, perf_score=229, exec_us=368, hits=113, map=540)...[0m
[1;94m[*] [0mFuzzing test case #319 (597 total, 0 uniq crashes found, perf_score=172, exec_us=362, hits=2639, map=282)...[0m
[1;94m[*] [0mFuzzing test case #455 (597 total, 0 uniq crashes found, perf_score=114, exec_us=358, hits=437, map=501)...[0m
[1;94m[*] [0mFuzzing test case #455 (597 total, 0 uniq crashes found, perf_score=114, exec_us=358, hits=454, map=501)...[0m
[1;94m[*] [0mFuzzing test case #319 (597 total, 0 uniq crashes found, perf_score=172, exec_us=362, hits=2697, map=282)...[0m
[1;94m[*] [0mFuzzing test case #455 (597 total, 0 uniq crashes found, perf_score=114, exec_us=358, hits=467, map=501)...[0m
[1;94m[*] [0mFuzzing test case #292 (597 total, 0 uniq crashes found, perf_score=86, exec_us=384, hits=97, map=287)...[0m
[1;93m[!] [1;97mWARNING: [0minstability detected during calibration
[0m
[1;94m[*] [0mFuzzing test case #319 (598 total, 0 uniq crashes found, perf_score=172, exec_us=362, hits=2775, map=282)...[0m
[1;94m[*] [0mFuzzing test case #319 (598 total, 0 uniq crashes found, perf_score=172, exec_us=362, hits=2861, map=282)...[0m
[1;94m[*] [0mFuzzing test case #246 (598 total, 0 uniq crashes found, perf_score=86, exec_us=491, hits=57, map=218)...[0m
[1;94m[*] [0mFuzzing test case #455 (598 total, 0 uniq crashes found, perf_score=114, exec_us=358, hits=478, map=501)...[0m
[1;94m[*] [0mFuzzing test case #583 (598 total, 0 uniq crashes found, perf_score=229, exec_us=412, hits=36, map=512)...[0m
[1;94m[*] [0mFuzzing test case #237 (598 total, 0 uniq crashes found, perf_score=86, exec_us=378, hits=32, map=275)...[0m
[1;94m[*] [0mFuzzing test case #502 (598 total, 0 uniq crashes found, perf_score=229, exec_us=365, hits=207, map=494)...[0m
[1;94m[*] [0mFuzzing test case #57 (598 total, 0 uniq crashes found, perf_score=86, exec_us=415, hits=47, map=259)...[0m
[1;94m[*] [0mFuzzing test case #455 (598 total, 0 uniq crashes found, perf_score=114, exec_us=358, hits=497, map=501)...[0m
[1;94m[*] [0mFuzzing test case #319 (598 total, 0 uniq crashes found, perf_score=172, exec_us=362, hits=2966, map=282)...[0m
[1;94m[*] [0mFuzzing test case #546 (598 total, 0 uniq crashes found, perf_score=229, exec_us=380, hits=168, map=511)...[0m
[1;94m[*] [0mFuzzing test case #433 (598 total, 0 uniq crashes found, perf_score=229, exec_us=368, hits=138, map=540)...[0m
[1;94m[*] [0mFuzzing test case #319 (598 total, 0 uniq crashes found, perf_score=172, exec_us=362, hits=3061, map=282)...[0m
[1;94m[*] [0mFuzzing test case #59 (598 total, 0 uniq crashes found, perf_score=229, exec_us=360, hits=25, map=473)...[0m
[1;94m[*] [0mFuzzing test case #319 (598 total, 0 uniq crashes found, perf_score=172, exec_us=362, hits=3133, map=282)...[0m
[1;94m[*] [0mFuzzing test case #330 (598 total, 0 uniq crashes found, perf_score=114, exec_us=390, hits=40, map=311)...[0m
[1;94m[*] [0mFuzzing test case #319 (598 total, 0 uniq crashes found, perf_score=172, exec_us=362, hits=3217, map=282)...[0m
[1;94m[*] [0mFuzzing test case #364 (598 total, 0 uniq crashes found, perf_score=114, exec_us=376, hits=45, map=295)...[0m
[1;94m[*] [0mFuzzing test case #319 (598 total, 0 uniq crashes found, perf_score=172, exec_us=362, hits=3317, map=282)...[0m
[1;94m[*] [0mFuzzing test case #319 (598 total, 0 uniq crashes found, perf_score=172, exec_us=362, hits=3402, map=282)...[0m
[1;94m[*] [0mFuzzing test case #311 (598 total, 0 uniq crashes found, perf_score=229, exec_us=368, hits=122, map=439)...[0m
[1;94m[*] [0mFuzzing test case #500 (598 total, 0 uniq crashes found, perf_score=172, exec_us=444, hits=121, map=284)...[0m
[1;94m[*] [0mFuzzing test case #319 (598 total, 0 uniq crashes found, perf_score=172, exec_us=362, hits=3503, map=282)...[0m
[1;94m[*] [0mFuzzing test case #555 (598 total, 0 uniq crashes found, perf_score=229, exec_us=380, hits=37, map=345)...[0m
[1;94m[*] [0mFuzzing test case #433 (598 total, 0 uniq crashes found, perf_score=229, exec_us=368, hits=165, map=540)...[0m
[1;94m[*] [0mFuzzing test case #415 (598 total, 0 uniq crashes found, perf_score=229, exec_us=372, hits=1348, map=531)...[0m
[1;94m[*] [0mFuzzing test case #455 (598 total, 0 uniq crashes found, perf_score=114, exec_us=358, hits=509, map=501)...[0m
[1;94m[*] [0mFuzzing test case #339 (598 total, 0 uniq crashes found, perf_score=229, exec_us=398, hits=20, map=528)...[0m
[1;93m[!] [1;97mWARNING: [0minstability detected during calibration
[0m
[1;94m[*] [0mFuzzing test case #555 (599 total, 0 uniq crashes found, perf_score=229, exec_us=380, hits=74, map=345)...[0m
[1;94m[*] [0mFuzzing test case #500 (599 total, 0 uniq crashes found, perf_score=172, exec_us=444, hits=167, map=284)...[0m
[1;94m[*] [0mFuzzing test case #433 (599 total, 0 uniq crashes found, perf_score=229, exec_us=368, hits=188, map=540)...[0m
[1;94m[*] [0mFuzzing test case #384 (599 total, 0 uniq crashes found, perf_score=114, exec_us=370, hits=104, map=366)...[0m
[1;94m[*] [0mFuzzing test case #319 (599 total, 0 uniq crashes found, perf_score=172, exec_us=362, hits=3573, map=282)...[0m
[1;94m[*] [0mFuzzing test case #319 (599 total, 0 uniq crashes found, perf_score=172, exec_us=362, hits=3670, map=282)...[0m
[1;94m[*] [0mFuzzing test case #455 (599 total, 0 uniq crashes found, perf_score=114, exec_us=358, hits=520, map=501)...[0m
[1;94m[*] [0mFuzzing test case #319 (599 total, 0 uniq crashes found, perf_score=172, exec_us=362, hits=3740, map=282)...[0m
[1;94m[*] [0mFuzzing test case #455 (599 total, 0 uniq crashes found, perf_score=114, exec_us=358, hits=538, map=501)...[0m
[1;94m[*] [0mFuzzing test case #319 (599 total, 0 uniq crashes found, perf_score=172, exec_us=362, hits=3812, map=282)...[0m
[1;94m[*] [0mFuzzing test case #475 (599 total, 0 uniq crashes found, perf_score=229, exec_us=355, hits=74, map=521)...[0m
[1;94m[*] [0mFuzzing test case #305 (599 total, 0 uniq crashes found, perf_score=172, exec_us=393, hits=113, map=267)...[0m
[1;94m[*] [0mFuzzing test case #455 (599 total, 0 uniq crashes found, perf_score=114, exec_us=358, hits=555, map=501)...[0m
[1;94m[*] [0mFuzzing test case #433 (599 total, 0 uniq crashes found, perf_score=229, exec_us=368, hits=204, map=540)...[0m
[1;94m[*] [0mFuzzing test case #455 (599 total, 0 uniq crashes found, perf_score=114, exec_us=358, hits=576, map=501)...[0m
[1;94m[*] [0mFuzzing test case #55 (599 total, 0 uniq crashes found, perf_score=86, exec_us=422, hits=59, map=235)...[0m
[1;94m[*] [0mFuzzing test case #455 (599 total, 0 uniq crashes found, perf_score=114, exec_us=358, hits=597, map=501)...[0m
[1;94m[*] [0mFuzzing test case #455 (599 total, 0 uniq crashes found, perf_score=114, exec_us=358, hits=613, map=501)...[0m
[1;94m[*] [0mFuzzing test case #455 (599 total, 0 uniq crashes found, perf_score=114, exec_us=358, hits=627, map=501)...[0m
[1;94m[*] [0mFuzzing test case #192 (599 total, 0 uniq crashes found, perf_score=172, exec_us=389, hits=29, map=264)...[0m
[1;94m[*] [0mFuzzing test case #192 (599 total, 0 uniq crashes found, perf_score=172, exec_us=389, hits=128, map=264)...[0m
[1;94m[*] [0mFuzzing test case #90 (599 total, 0 uniq crashes found, perf_score=86, exec_us=399, hits=51, map=233)...[0m
[1;94m[*] [0mFuzzing test case #455 (599 total, 0 uniq crashes found, perf_score=114, exec_us=358, hits=638, map=501)...[0m
[1;94m[*] [0mFuzzing test case #502 (599 total, 0 uniq crashes found, perf_score=229, exec_us=365, hits=232, map=494)...[0m
[1;93m[!] [1;97mWARNING: [0minstability detected during calibration
[0m
[1;94m[*] [0mFuzzing test case #319 (600 total, 0 uniq crashes found, perf_score=172, exec_us=362, hits=3918, map=282)...[0m
[1;94m[*] [0mFuzzing test case #319 (600 total, 0 uniq crashes found, perf_score=172, exec_us=362, hits=4004, map=282)...[0m
[1;94m[*] [0mFuzzing test case #569 (600 total, 0 uniq crashes found, perf_score=229, exec_us=359, hits=3837, map=506)...[0m
[1;94m[*] [0mFuzzing test case #433 (600 total, 0 uniq crashes found, perf_score=229, exec_us=368, hits=239, map=540)...[0m
[1;94m[*] [0mFuzzing test case #319 (600 total, 0 uniq crashes found, perf_score=172, exec_us=362, hits=4098, map=282)...[0m
[1;94m[*] [0mFuzzing test case #319 (600 total, 0 uniq crashes found, perf_score=172, exec_us=362, hits=4192, map=282)...[0m
[1;94m[*] [0mFuzzing test case #455 (600 total, 0 uniq crashes found, perf_score=114, exec_us=358, hits=655, map=501)...[0m
[1;94m[*] [0mFuzzing test case #514 (600 total, 0 uniq crashes found, perf_score=459, exec_us=376, hits=17, map=510)...[0m
[1;94m[*] [0mFuzzing test case #319 (600 total, 0 uniq crashes found, perf_score=172, exec_us=362, hits=4282, map=282)...[0m
[1;94m[*] [0mFuzzing test case #319 (600 total, 0 uniq crashes found, perf_score=172, exec_us=362, hits=4378, map=282)...[0m
[1;94m[*] [0mFuzzing test case #408 (600 total, 0 uniq crashes found, perf_score=229, exec_us=386, hits=1171, map=537)...[0m
[1;94m[*] [0mFuzzing test case #336 (600 total, 0 uniq crashes found, perf_score=114, exec_us=354, hits=33, map=318)...[0m
[1;94m[*] [0mFuzzing test case #319 (600 total, 0 uniq crashes found, perf_score=172, exec_us=362, hits=4444, map=282)...[0m
[1;94m[*] [0mFuzzing test case #292 (600 total, 0 uniq crashes found, perf_score=86, exec_us=384, hits=152, map=287)...[0m
[1;94m[*] [0mFuzzing test case #455 (600 total, 0 uniq crashes found, perf_score=114, exec_us=358, hits=669, map=501)...[0m
[1;94m[*] [0mFuzzing test case #455 (600 total, 0 uniq crashes found, perf_score=114, exec_us=358, hits=688, map=501)...[0m
[1;94m[*] [0mFuzzing test case #319 (600 total, 0 uniq crashes found, perf_score=172, exec_us=362, hits=4526, map=282)...[0m
[1;94m[*] [0mFuzzing test case #551 (600 total, 0 uniq crashes found, perf_score=114, exec_us=344, hits=56, map=346)...[0m
[1;94m[*] [0mFuzzing test case #319 (600 total, 0 uniq crashes found, perf_score=172, exec_us=362, hits=4592, map=282)...[0m
[1;94m[*] [0mFuzzing test case #477 (600 total, 0 uniq crashes found, perf_score=229, exec_us=331, hits=57, map=518)...[0m
[1;94m[*] [0mFuzzing test case #319 (600 total, 0 uniq crashes found, perf_score=172, exec_us=362, hits=4701, map=282)...[0m
[1;94m[*] [0mFuzzing test case #319 (600 total, 0 uniq crashes found, perf_score=172, exec_us=362, hits=4793, map=282)...[0m
[1;94m[*] [0mFuzzing test case #455 (600 total, 0 uniq crashes found, perf_score=114, exec_us=358, hits=698, map=501)...[0m
[1;94m[*] [0mFuzzing test case #319 (600 total, 0 uniq crashes found, perf_score=172, exec_us=362, hits=4869, map=282)...[0m
[1;94m[*] [0mFuzzing test case #455 (600 total, 0 uniq crashes found, perf_score=114, exec_us=358, hits=707, map=501)...[0m
[1;94m[*] [0mFuzzing test case #319 (600 total, 0 uniq crashes found, perf_score=172, exec_us=362, hits=4943, map=282)...[0m
[1;94m[*] [0mFuzzing test case #319 (600 total, 0 uniq crashes found, perf_score=172, exec_us=362, hits=5007, map=282)...[0m
[1;94m[*] [0mFuzzing test case #319 (600 total, 0 uniq crashes found, perf_score=172, exec_us=362, hits=5103, map=282)...[0m
[1;94m[*] [0mFuzzing test case #164 (600 total, 0 uniq crashes found, perf_score=28, exec_us=343, hits=351, map=81)...[0m
[1;94m[*] [0mFuzzing test case #455 (600 total, 0 uniq crashes found, perf_score=114, exec_us=358, hits=728, map=501)...[0m
[1;94m[*] [0mFuzzing test case #455 (600 total, 0 uniq crashes found, perf_score=114, exec_us=358, hits=743, map=501)...[0m
[1;94m[*] [0mFuzzing test case #554 (600 total, 0 uniq crashes found, perf_score=229, exec_us=337, hits=80, map=292)...[0m
[1;94m[*] [0mFuzzing test case #319 (600 total, 0 uniq crashes found, perf_score=172, exec_us=362, hits=5169, map=282)...[0m
[1;94m[*] [0mFuzzing test case #319 (600 total, 0 uniq crashes found, perf_score=172, exec_us=362, hits=5265, map=282)...[0m
[1;94m[*] [0mFuzzing test case #120 (600 total, 0 uniq crashes found, perf_score=86, exec_us=379, hits=38, map=240)...[0m
[1;94m[*] [0mFuzzing test case #319 (600 total, 0 uniq crashes found, perf_score=172, exec_us=362, hits=5346, map=282)...[0m
[1;94m[*] [0mFuzzing test case #433 (600 total, 0 uniq crashes found, perf_score=229, exec_us=368, hits=266, map=540)...[0m
[1;94m[*] [0mFuzzing test case #500 (600 total, 0 uniq crashes found, perf_score=172, exec_us=444, hits=239, map=284)...[0m
[1;93m[!] [1;97mWARNING: [0minstability detected during calibration
[0m
[1;94m[*] [0mFuzzing test case #546 (601 total, 0 uniq crashes found, perf_score=229, exec_us=380, hits=201, map=511)...[0m
[1;94m[*] [0mFuzzing test case #319 (601 total, 0 uniq crashes found, perf_score=172, exec_us=362, hits=5398, map=282)...[0m
[1;94m[*] [0mFuzzing test case #475 (601 total, 0 uniq crashes found, perf_score=229, exec_us=355, hits=142, map=521)...[0m
[1;93m[!] [1;97mWARNING: [0minstability detected during calibration
[0m
[1;93m[!] [1;97mWARNING: [0minstability detected during calibration
[0m
[1;94m[*] [0mFuzzing test case #455 (603 total, 0 uniq crashes found, perf_score=114, exec_us=358, hits=755, map=501)...[0m
[1;94m[*] [0mFuzzing test case #455 (603 total, 0 uniq crashes found, perf_score=114, exec_us=358, hits=771, map=501)...[0m
[1;94m[*] [0mFuzzing test case #455 (603 total, 0 uniq crashes found, perf_score=114, exec_us=358, hits=790, map=501)...[0m
[1;94m[*] [0mFuzzing test case #292 (603 total, 0 uniq crashes found, perf_score=86, exec_us=384, hits=186, map=287)...[0m
[1;94m[*] [0mFuzzing test case #319 (603 total, 0 uniq crashes found, perf_score=172, exec_us=362, hits=5494, map=282)...[0m
[1;94m[*] [0mFuzzing test case #155 (603 total, 0 uniq crashes found, perf_score=114, exec_us=385, hits=51, map=466)...[0m
[1;93m[!] [1;97mWARNING: [0minstability detected during calibration
[0m
[1;93m[!] [1;97mWARNING: [0minstability detected during calibration
[0m
[1;93m[!] [1;97mWARNING: [0minstability detected during calibration
[0m
[1;93m[!] [1;97mWARNING: [0minstability detected during calibration
[0m
[1;93m[!] [1;97mWARNING: [0minstability detected during calibration
[0m
[1;93m[!] [1;97mWARNING: [0minstability detected during calibration
[0m
[1;93m[!] [1;97mWARNING: [0minstability detected during calibration
[0m
[1;93m[!] [1;97mWARNING: [0minstability detected during calibration
[0m
[1;93m[!] [1;97mWARNING: [0minstability detected during calibration
[0m
[1;93m[!] [1;97mWARNING: [0minstability detected during calibration
[0m
[1;93m[!] [1;97mWARNING: [0minstability detected during calibration
[0m
[1;94m[*] [0mFuzzing test case #319 (614 total, 0 uniq crashes found, perf_score=172, exec_us=362, hits=5608, map=282)...[0m
[1;94m[*] [0mFuzzing test case #455 (614 total, 0 uniq crashes found, perf_score=114, exec_us=358, hits=803, map=501)...[0m
[1;94m[*] [0mFuzzing test case #455 (614 total, 0 uniq crashes found, perf_score=114, exec_us=358, hits=824, map=501)...[0m
[1;94m[*] [0mFuzzing test case #455 (614 total, 0 uniq crashes found, perf_score=114, exec_us=358, hits=843, map=501)...[0m
[1;94m[*] [0mFuzzing test case #613 (614 total, 0 uniq crashes found, perf_score=100, exec_us=357, hits=2, map=467)...[0m
[1;94m[*] [0mFuzzing test case #608 (614 total, 0 uniq crashes found, perf_score=100, exec_us=379, hits=1, map=463)...[0m
[1;93m[!] [1;97mWARNING: [0minstability detected during calibration
[0m
[1;94m[*] [0mFuzzing test case #58 (615 total, 0 uniq crashes found, perf_score=345, exec_us=406, hits=13, map=527)...[0m
[1;94m[*] [0mFuzzing test case #408 (615 total, 0 uniq crashes found, perf_score=229, exec_us=386, hits=1189, map=537)...[0m
[1;94m[*] [0mFuzzing test case #477 (615 total, 0 uniq crashes found, perf_score=229, exec_us=331, hits=133, map=518)...[0m
[1;94m[*] [0mFuzzing test case #600 (615 total, 0 uniq crashes found, perf_score=200, exec_us=357, hits=1, map=292)...[0m
[1;94m[*] [0mFuzzing test case #455 (615 total, 0 uniq crashes found, perf_score=114, exec_us=358, hits=853, map=501)...[0m
[1;94m[*] [0mFuzzing test case #514 (615 total, 0 uniq crashes found, perf_score=229, exec_us=376, hits=63, map=510)...[0m
[1;93m[!] [1;97mWARNING: [0minstability detected during calibration
[0m
[1;94m[*] [0mFuzzing test case #555 (616 total, 0 uniq crashes found, perf_score=229, exec_us=380, hits=109, map=345)...[0m
[1;94m[*] [0mFuzzing test case #319 (616 total, 0 uniq crashes found, perf_score=172, exec_us=362, hits=5689, map=282)...[0m
[1;94m[*] [0mFuzzing test case #319 (616 total, 0 uniq crashes found, perf_score=172, exec_us=362, hits=5753, map=282)...[0m
[1;94m[*] [0mFuzzing test case #120 (616 total, 0 uniq crashes found, perf_score=86, exec_us=379, hits=81, map=240)...[0m
[1;94m[*] [0mFuzzing test case #319 (616 total, 0 uniq crashes found, perf_score=172, exec_us=362, hits=5848, map=282)...[0m
[1;94m[*] [0mFuzzing test case #319 (616 total, 0 uniq crashes found, perf_score=172, exec_us=362, hits=5908, map=282)...[0m
[1;94m[*] [0mFuzzing test case #319 (616 total, 0 uniq crashes found, perf_score=172, exec_us=362, hits=6000, map=282)...[0m
[1;94m[*] [0mFuzzing test case #319 (616 total, 0 uniq crashes found, perf_score=172, exec_us=362, hits=6081, map=282)...[0m
[1;94m[*] [0mFuzzing test case #455 (616 total, 0 uniq crashes found, perf_score=114, exec_us=358, hits=871, map=501)...[0m
[1;94m[*] [0mFuzzing test case #455 (616 total, 0 uniq crashes found, perf_score=114, exec_us=358, hits=887, map=501)...[0m
[1;94m[*] [0mFuzzing test case #455 (616 total, 0 uniq crashes found, perf_score=114, exec_us=358, hits=900, map=501)...[0m
[1;94m[*] [0mFuzzing test case #380 (616 total, 0 uniq crashes found, perf_score=114, exec_us=372, hits=88, map=311)...[0m
[1;94m[*] [0mFuzzing test case #319 (616 total, 0 uniq crashes found, perf_score=172, exec_us=362, hits=6141, map=282)...[0m
[1;94m[*] [0mFuzzing test case #319 (616 total, 0 uniq crashes found, perf_score=172, exec_us=362, hits=6249, map=282)...[0m
[1;94m[*] [0mFuzzing test case #316 (616 total, 0 uniq crashes found, perf_score=114, exec_us=354, hits=147, map=213)...[0m
[1;94m[*] [0mFuzzing test case #319 (616 total, 0 uniq crashes found, perf_score=172, exec_us=362, hits=6331, map=282)...[0m
[1;94m[*] [0mFuzzing test case #319 (616 total, 0 uniq crashes found, perf_score=172, exec_us=362, hits=6419, map=282)...[0m
[1;94m[*] [0mFuzzing test case #120 (616 total, 0 uniq crashes found, perf_score=86, exec_us=379, hits=130, map=240)...[0m
[1;94m[*] [0mFuzzing test case #192 (616 total, 0 uniq crashes found, perf_score=86, exec_us=389, hits=200, map=264)...[0m
[1;94m[*] [0mFuzzing test case #514 (616 total, 0 uniq crashes found, perf_score=229, exec_us=376, hits=102, map=510)...[0m
[1;93m[!] [1;97mWARNING: [0minstability detected during calibration
[0m
[1;94m[*] [0mFuzzing test case #58 (617 total, 0 uniq crashes found, perf_score=114, exec_us=406, hits=59, map=527)...[0m
[1;94m[*] [0mFuzzing test case #455 (617 total, 0 uniq crashes found, perf_score=114, exec_us=358, hits=914, map=501)...[0m
[1;94m[*] [0mFuzzing test case #455 (617 total, 0 uniq crashes found, perf_score=114, exec_us=358, hits=927, map=501)...[0m
[1;94m[*] [0mFuzzing test case #189 (617 total, 0 uniq crashes found, perf_score=86, exec_us=366, hits=41, map=288)...[0m
[1;94m[*] [0mFuzzing test case #319 (617 total, 0 uniq crashes found, perf_score=172, exec_us=362, hits=6495, map=282)...[0m
[1;94m[*] [0mFuzzing test case #319 (617 total, 0 uniq crashes found, perf_score=172, exec_us=362, hits=6587, map=282)...[0m
[1;94m[*] [0mFuzzing test case #455 (617 total, 0 uniq crashes found, perf_score=114, exec_us=358, hits=939, map=501)...[0m
[1;94m[*] [0mFuzzing test case #319 (617 total, 0 uniq crashes found, perf_score=172, exec_us=362, hits=6663, map=282)...[0m
[1;94m[*] [0mFuzzing test case #455 (617 total, 0 uniq crashes found, perf_score=114, exec_us=358, hits=963, map=501)...[0m
[1;94m[*] [0mFuzzing test case #455 (617 total, 0 uniq crashes found, perf_score=114, exec_us=358, hits=981, map=501)...[0m
[1;94m[*] [0mFuzzing test case #555 (617 total, 0 uniq crashes found, perf_score=229, exec_us=380, hits=137, map=345)...[0m
[1;94m[*] [0mFuzzing test case #147 (617 total, 0 uniq crashes found, perf_score=345, exec_us=401, hits=10, map=523)...[0m
[1;94m[*] [0mFuzzing test case #455 (617 total, 0 uniq crashes found, perf_score=114, exec_us=358, hits=1003, map=501)...[0m
[1;94m[*] [0mFuzzing test case #319 (617 total, 0 uniq crashes found, perf_score=172, exec_us=362, hits=6735, map=282)...[0m
[1;94m[*] [0mFuzzing test case #455 (617 total, 0 uniq crashes found, perf_score=114, exec_us=358, hits=1026, map=501)...[0m
[1;94m[*] [0mFuzzing test case #455 (617 total, 0 uniq crashes found, perf_score=114, exec_us=358, hits=1042, map=501)...[0m
[1;94m[*] [0mFuzzing test case #455 (617 total, 0 uniq crashes found, perf_score=114, exec_us=358, hits=1059, map=501)...[0m
[1;94m[*] [0mFuzzing test case #555 (617 total, 0 uniq crashes found, perf_score=229, exec_us=380, hits=178, map=345)...[0m
[1;94m[*] [0mFuzzing test case #455 (617 total, 0 uniq crashes found, perf_score=114, exec_us=358, hits=1071, map=501)...[0m
[1;94m[*] [0mFuzzing test case #455 (617 total, 0 uniq crashes found, perf_score=114, exec_us=358, hits=1087, map=501)...[0m
[1;94m[*] [0mFuzzing test case #455 (617 total, 0 uniq crashes found, perf_score=114, exec_us=358, hits=1102, map=501)...[0m
[1;94m[*] [0mFuzzing test case #415 (617 total, 0 uniq crashes found, perf_score=229, exec_us=372, hits=1371, map=531)...[0m
[1;94m[*] [0mFuzzing test case #455 (617 total, 0 uniq crashes found, perf_score=114, exec_us=358, hits=1120, map=501)...[0m
[1;94m[*] [0mFuzzing test case #319 (617 total, 0 uniq crashes found, perf_score=172, exec_us=362, hits=6802, map=282)...[0m
[1;94m[*] [0mFuzzing test case #319 (617 total, 0 uniq crashes found, perf_score=172, exec_us=362, hits=6883, map=282)...[0m
[1;94m[*] [0mFuzzing test case #455 (617 total, 0 uniq crashes found, perf_score=114, exec_us=358, hits=1131, map=501)...[0m
[1;94m[*] [0mFuzzing test case #555 (617 total, 0 uniq crashes found, perf_score=229, exec_us=380, hits=219, map=345)...[0m
[1;93m[!] [1;97mWARNING: [0minstability detected during calibration
[0m
[1;93m[!] [1;97mWARNING: [0minstability detected during calibration
[0m
[1;93m[!] [1;97mWARNING: [0minstability detected during calibration
[0m
[1;93m[!] [1;97mWARNING: [0minstability detected during calibration
[0m
[1;94m[*] [0mFuzzing test case #319 (621 total, 0 uniq crashes found, perf_score=172, exec_us=362, hits=6985, map=282)...[0m
[1;94m[*] [0mFuzzing test case #455 (621 total, 0 uniq crashes found, perf_score=114, exec_us=358, hits=1140, map=501)...[0m
[1;94m[*] [0mFuzzing test case #322 (621 total, 0 uniq crashes found, perf_score=114, exec_us=394, hits=61, map=298)...[0m
[1;94m[*] [0mFuzzing test case #455 (621 total, 0 uniq crashes found, perf_score=114, exec_us=358, hits=1150, map=501)...[0m
[1;94m[*] [0mFuzzing test case #455 (621 total, 0 uniq crashes found, perf_score=114, exec_us=358, hits=1170, map=501)...[0m
[1;94m[*] [0mFuzzing test case #189 (621 total, 0 uniq crashes found, perf_score=114, exec_us=366, hits=67, map=288)...[0m
[1;94m[*] [0mFuzzing test case #56 (621 total, 0 uniq crashes found, perf_score=114, exec_us=415, hits=41, map=312)...[0m
[1;94m[*] [0mFuzzing test case #433 (621 total, 0 uniq crashes found, perf_score=229, exec_us=368, hits=286, map=540)...[0m
[1;94m[*] [0mFuzzing test case #455 (621 total, 0 uniq crashes found, perf_score=114, exec_us=358, hits=1187, map=501)...[0m
[1;94m[*] [0mFuzzing test case #59 (621 total, 0 uniq crashes found, perf_score=114, exec_us=360, hits=69, map=473)...[0m
[1;94m[*] [0mFuzzing test case #319 (621 total, 0 uniq crashes found, perf_score=172, exec_us=362, hits=7058, map=282)...[0m
[1;94m[*] [0mFuzzing test case #359 (621 total, 0 uniq crashes found, perf_score=114, exec_us=464, hits=56, map=294)...[0m
[1;94m[*] [0mFuzzing test case #319 (621 total, 0 uniq crashes found, perf_score=172, exec_us=362, hits=7153, map=282)...[0m
[1;94m[*] [0mFuzzing test case #319 (621 total, 0 uniq crashes found, perf_score=172, exec_us=362, hits=7247, map=282)...[0m
[1;94m[*] [0mFuzzing test case #555 (621 total, 0 uniq crashes found, perf_score=229, exec_us=380, hits=752, map=345)...[0m
[1;94m[*] [0mFuzzing test case #455 (621 total, 0 uniq crashes found, perf_score=114, exec_us=358, hits=1208, map=501)...[0m
[1;94m[*] [0mFuzzing test case #319 (621 total, 0 uniq crashes found, perf_score=172, exec_us=362, hits=7338, map=282)...[0m
[1;94m[*] [0mFuzzing test case #319 (621 total, 0 uniq crashes found, perf_score=172, exec_us=362, hits=7417, map=282)...[0m
[1;94m[*] [0mFuzzing test case #319 (621 total, 0 uniq crashes found, perf_score=172, exec_us=362, hits=7496, map=282)...[0m
[1;94m[*] [0mFuzzing test case #319 (621 total, 0 uniq crashes found, perf_score=172, exec_us=362, hits=7593, map=282)...[0m
[1;94m[*] [0mFuzzing test case #120 (621 total, 0 uniq crashes found, perf_score=86, exec_us=379, hits=179, map=240)...[0m
[1;94m[*] [0mFuzzing test case #319 (621 total, 0 uniq crashes found, perf_score=172, exec_us=362, hits=7677, map=282)...[0m
[1;94m[*] [0mFuzzing test case #384 (621 total, 0 uniq crashes found, perf_score=114, exec_us=370, hits=114, map=366)...[0m
[1;94m[*] [0mFuzzing test case #319 (621 total, 0 uniq crashes found, perf_score=172, exec_us=362, hits=7728, map=282)...[0m
[1;94m[*] [0mFuzzing test case #455 (621 total, 0 uniq crashes found, perf_score=114, exec_us=358, hits=1215, map=501)...[0m
[1;94m[*] [0mFuzzing test case #379 (621 total, 0 uniq crashes found, perf_score=229, exec_us=386, hits=29, map=335)...[0m
[1;94m[*] [0mFuzzing test case #319 (621 total, 0 uniq crashes found, perf_score=172, exec_us=362, hits=7797, map=282)...[0m
[1;94m[*] [0mFuzzing test case #455 (621 total, 0 uniq crashes found, perf_score=114, exec_us=358, hits=1232, map=501)...[0m
[1;94m[*] [0mFuzzing test case #433 (621 total, 0 uniq crashes found, perf_score=229, exec_us=368, hits=308, map=540)...[0m
[1;94m[*] [0mFuzzing test case #460 (621 total, 0 uniq crashes found, perf_score=345, exec_us=388, hits=10, map=492)...[0m
[1;93m[!] [1;97mWARNING: [0minstability detected during calibration
[0m
[1;94m[*] [0mFuzzing test case #502 (622 total, 0 uniq crashes found, perf_score=229, exec_us=365, hits=245, map=494)...[0m
[1;94m[*] [0mFuzzing test case #455 (622 total, 0 uniq crashes found, perf_score=114, exec_us=358, hits=1242, map=501)...[0m
[1;94m[*] [0mFuzzing test case #408 (622 total, 0 uniq crashes found, perf_score=229, exec_us=386, hits=1207, map=537)...[0m
[1;94m[*] [0mFuzzing test case #319 (622 total, 0 uniq crashes found, perf_score=172, exec_us=362, hits=7894, map=282)...[0m
[1;94m[*] [0mFuzzing test case #384 (622 total, 0 uniq crashes found, perf_score=114, exec_us=370, hits=124, map=366)...[0m
[1;94m[*] [0mFuzzing test case #433 (622 total, 0 uniq crashes found, perf_score=229, exec_us=368, hits=328, map=540)...[0m
[1;94m[*] [0mFuzzing test case #319 (622 total, 0 uniq crashes found, perf_score=172, exec_us=362, hits=7979, map=282)...[0m
[1;94m[*] [0mFuzzing test case #455 (622 total, 0 uniq crashes found, perf_score=114, exec_us=358, hits=1261, map=501)...[0m
[1;94m[*] [0mFuzzing test case #455 (622 total, 0 uniq crashes found, perf_score=114, exec_us=358, hits=1275, map=501)...[0m
[1;94m[*] [0mFuzzing test case #555 (622 total, 0 uniq crashes found, perf_score=229, exec_us=380, hits=780, map=345)...[0m
[1;94m[*] [0mFuzzing test case #593 (622 total, 0 uniq crashes found, perf_score=172, exec_us=412, hits=91, map=280)...[0m
[1;94m[*] [0mFuzzing test case #433 (622 total, 0 uniq crashes found, perf_score=229, exec_us=368, hits=352, map=540)...[0m
[1;94m[*] [0mFuzzing test case #319 (622 total, 0 uniq crashes found, perf_score=172, exec_us=362, hits=8049, map=282)...[0m
[1;94m[*] [0mFuzzing test case #319 (622 total, 0 uniq crashes found, perf_score=172, exec_us=362, hits=8144, map=282)...[0m
[1;94m[*] [0mFuzzing test case #56 (622 total, 0 uniq crashes found, perf_score=114, exec_us=415, hits=90, map=312)...[0m
[1;94m[*] [0mFuzzing test case #433 (622 total, 0 uniq crashes found, perf_score=229, exec_us=368, hits=374, map=540)...[0m
[1;94m[*] [0mFuzzing test case #319 (622 total, 0 uniq crashes found, perf_score=172, exec_us=362, hits=8218, map=282)...[0m
[1;94m[*] [0mFuzzing test case #213 (622 total, 0 uniq crashes found, perf_score=57, exec_us=411, hits=39, map=214)...[0m
[1;94m[*] [0mFuzzing test case #319 (622 total, 0 uniq crashes found, perf_score=172, exec_us=362, hits=8293, map=282)...[0m
[1;94m[*] [0mFuzzing test case #455 (622 total, 0 uniq crashes found, perf_score=114, exec_us=358, hits=1283, map=501)...[0m
[1;94m[*] [0mFuzzing test case #319 (622 total, 0 uniq crashes found, perf_score=172, exec_us=362, hits=8394, map=282)...[0m
[1;94m[*] [0mFuzzing test case #319 (622 total, 0 uniq crashes found, perf_score=172, exec_us=362, hits=8476, map=282)...[0m
[1;94m[*] [0mFuzzing test case #455 (622 total, 0 uniq crashes found, perf_score=114, exec_us=358, hits=1302, map=501)...[0m
[1;94m[*] [0mFuzzing test case #319 (622 total, 0 uniq crashes found, perf_score=172, exec_us=362, hits=8543, map=282)...[0m
[1;94m[*] [0mFuzzing test case #455 (622 total, 0 uniq crashes found, perf_score=114, exec_us=358, hits=1315, map=501)...[0m
[1;94m[*] [0mFuzzing test case #319 (622 total, 0 uniq crashes found, perf_score=172, exec_us=362, hits=8642, map=282)...[0m
[1;94m[*] [0mFuzzing test case #319 (622 total, 0 uniq crashes found, perf_score=172, exec_us=362, hits=8705, map=282)...[0m
[1;94m[*] [0mFuzzing test case #147 (622 total, 0 uniq crashes found, perf_score=114, exec_us=401, hits=42, map=523)...[0m
[1;93m[!] [1;97mWARNING: [0minstability detected during calibration
[0m
[1;94m[*] [0mFuzzing test case #319 (623 total, 0 uniq crashes found, perf_score=172, exec_us=362, hits=8800, map=282)...[0m
[1;94m[*] [0mFuzzing test case #319 (623 total, 0 uniq crashes found, perf_score=172, exec_us=362, hits=8867, map=282)...[0m
[1;94m[*] [0mFuzzing test case #319 (623 total, 0 uniq crashes found, perf_score=172, exec_us=362, hits=8940, map=282)...[0m
[1;94m[*] [0mFuzzing test case #319 (623 total, 0 uniq crashes found, perf_score=172, exec_us=362, hits=9035, map=282)...[0m
[1;94m[*] [0mFuzzing test case #455 (623 total, 0 uniq crashes found, perf_score=114, exec_us=358, hits=1325, map=501)...[0m
[1;94m[*] [0mFuzzing test case #120 (623 total, 0 uniq crashes found, perf_score=86, exec_us=379, hits=225, map=240)...[0m
[1;94m[*] [0mFuzzing test case #311 (623 total, 0 uniq crashes found, perf_score=229, exec_us=368, hits=166, map=439)...[0m
[1;94m[*] [0mFuzzing test case #319 (623 total, 0 uniq crashes found, perf_score=172, exec_us=362, hits=9118, map=282)...[0m
[1;94m[*] [0mFuzzing test case #455 (623 total, 0 uniq crashes found, perf_score=114, exec_us=358, hits=1345, map=501)...[0m
[1;94m[*] [0mFuzzing test case #319 (623 total, 0 uniq crashes found, perf_score=172, exec_us=362, hits=9220, map=282)...[0m
[1;94m[*] [0mFuzzing test case #535 (623 total, 0 uniq crashes found, perf_score=229, exec_us=422, hits=85, map=297)...[0m
[1;94m[*] [0mFuzzing test case #319 (623 total, 0 uniq crashes found, perf_score=172, exec_us=362, hits=9317, map=282)...[0m
[1;94m[*] [0mFuzzing test case #412 (623 total, 0 uniq crashes found, perf_score=459, exec_us=379, hits=19, map=538)...[0m
[1;94m[*] [0mFuzzing test case #319 (623 total, 0 uniq crashes found, perf_score=172, exec_us=362, hits=9391, map=282)...[0m
[1;94m[*] [0mFuzzing test case #455 (623 total, 0 uniq crashes found, perf_score=114, exec_us=358, hits=1362, map=501)...[0m
[1;94m[*] [0mFuzzing test case #319 (623 total, 0 uniq crashes found, perf_score=172, exec_us=362, hits=9489, map=282)...[0m
[1;94m[*] [0mFuzzing test case #319 (623 total, 0 uniq crashes found, perf_score=172, exec_us=362, hits=9559, map=282)...[0m
[1;94m[*] [0mFuzzing test case #319 (623 total, 0 uniq crashes found, perf_score=172, exec_us=362, hits=9637, map=282)...[0m
[1;94m[*] [0mFuzzing test case #319 (623 total, 0 uniq crashes found, perf_score=172, exec_us=362, hits=9719, map=282)...[0m
[1;94m[*] [0mFuzzing test case #455 (623 total, 0 uniq crashes found, perf_score=114, exec_us=358, hits=1374, map=501)...[0m
[1;94m[*] [0mFuzzing test case #57 (623 total, 0 uniq crashes found, perf_score=86, exec_us=415, hits=103, map=259)...[0m
[1;94m[*] [0mFuzzing test case #276 (623 total, 0 uniq crashes found, perf_score=172, exec_us=344, hits=106, map=218)...[0m
[1;94m[*] [0mFuzzing test case #319 (623 total, 0 uniq crashes found, perf_score=172, exec_us=362, hits=9799, map=282)...[0m
[1;94m[*] [0mFuzzing test case #455 (623 total, 0 uniq crashes found, perf_score=114, exec_us=358, hits=1391, map=501)...[0m
[1;94m[*] [0mFuzzing test case #319 (623 total, 0 uniq crashes found, perf_score=172, exec_us=362, hits=9884, map=282)...[0m
[1;94m[*] [0mFuzzing test case #455 (623 total, 0 uniq crashes found, perf_score=114, exec_us=358, hits=1411, map=501)...[0m
[1;94m[*] [0mFuzzing test case #433 (623 total, 0 uniq crashes found, perf_score=229, exec_us=368, hits=398, map=540)...[0m
[1;94m[*] [0mFuzzing test case #319 (623 total, 0 uniq crashes found, perf_score=172, exec_us=362, hits=9970, map=282)...[0m
[1;94m[*] [0mFuzzing test case #55 (623 total, 0 uniq crashes found, perf_score=86, exec_us=422, hits=110, map=235)...[0m
[1;94m[*] [0mFuzzing test case #455 (623 total, 0 uniq crashes found, perf_score=114, exec_us=358, hits=1431, map=501)...[0m
[1;94m[*] [0mFuzzing test case #535 (623 total, 0 uniq crashes found, perf_score=229, exec_us=422, hits=175, map=297)...[0m
[1;94m[*] [0mFuzzing test case #455 (623 total, 0 uniq crashes found, perf_score=114, exec_us=358, hits=1445, map=501)...[0m
[1;94m[*] [0mFuzzing test case #241 (623 total, 0 uniq crashes found, perf_score=114, exec_us=404, hits=54, map=520)...[0m
[1;94m[*] [0mFuzzing test case #455 (623 total, 0 uniq crashes found, perf_score=114, exec_us=358, hits=1452, map=501)...[0m
[1;94m[*] [0mFuzzing test case #455 (623 total, 0 uniq crashes found, perf_score=114, exec_us=358, hits=1473, map=501)...[0m
[1;94m[*] [0mFuzzing test case #319 (623 total, 0 uniq crashes found, perf_score=172, exec_us=362, hits=10058, map=282)...[0m
[1;94m[*] [0mFuzzing test case #455 (623 total, 0 uniq crashes found, perf_score=114, exec_us=358, hits=1489, map=501)...[0m
[1;94m[*] [0mFuzzing test case #593 (623 total, 0 uniq crashes found, perf_score=172, exec_us=412, hits=172, map=280)...[0m
[1;94m[*] [0mFuzzing test case #37 (623 total, 0 uniq crashes found, perf_score=86, exec_us=344, hits=59, map=243)...[0m
[1;94m[*] [0mFuzzing test case #227 (623 total, 0 uniq crashes found, perf_score=100, exec_us=450, hits=1, map=502)...[0m
[1;94m[*] [0mFuzzing test case #319 (623 total, 0 uniq crashes found, perf_score=172, exec_us=362, hits=10144, map=282)...[0m
[1;94m[*] [0mFuzzing test case #455 (623 total, 0 uniq crashes found, perf_score=114, exec_us=358, hits=1502, map=501)...[0m
[1;94m[*] [0mFuzzing test case #439 (623 total, 0 uniq crashes found, perf_score=229, exec_us=386, hits=103, map=290)...[0m
[1;94m[*] [0mFuzzing test case #319 (623 total, 0 uniq crashes found, perf_score=172, exec_us=362, hits=10205, map=282)...[0m
[1;94m[*] [0mFuzzing test case #379 (623 total, 0 uniq crashes found, perf_score=114, exec_us=386, hits=82, map=335)...[0m
[1;94m[*] [0mFuzzing test case #455 (623 total, 0 uniq crashes found, perf_score=114, exec_us=358, hits=1517, map=501)...[0m
[1;94m[*] [0mFuzzing test case #201 (623 total, 0 uniq crashes found, perf_score=128, exec_us=584, hits=17, map=268)...[0m
[1;94m[*] [0mFuzzing test case #57 (623 total, 0 uniq crashes found, perf_score=86, exec_us=415, hits=148, map=259)...[0m
[1;94m[*] [0mFuzzing test case #319 (623 total, 0 uniq crashes found, perf_score=172, exec_us=362, hits=10289, map=282)...[0m
[1;94m[*] [0mFuzzing test case #59 (623 total, 0 uniq crashes found, perf_score=114, exec_us=360, hits=92, map=473)...[0m
[1;94m[*] [0mFuzzing test case #455 (623 total, 0 uniq crashes found, perf_score=114, exec_us=358, hits=1527, map=501)...[0m
[1;94m[*] [0mFuzzing test case #319 (623 total, 0 uniq crashes found, perf_score=172, exec_us=362, hits=10378, map=282)...[0m
[1;94m[*] [0mFuzzing test case #433 (623 total, 0 uniq crashes found, perf_score=229, exec_us=368, hits=420, map=540)...[0m
[1;94m[*] [0mFuzzing test case #319 (623 total, 0 uniq crashes found, perf_score=172, exec_us=362, hits=10487, map=282)...[0m
[1;94m[*] [0mFuzzing test case #319 (623 total, 0 uniq crashes found, perf_score=172, exec_us=362, hits=10538, map=282)...[0m
[1;94m[*] [0mFuzzing test case #455 (623 total, 0 uniq crashes found, perf_score=114, exec_us=358, hits=1539, map=501)...[0m
[1;94m[*] [0mFuzzing test case #475 (623 total, 0 uniq crashes found, perf_score=229, exec_us=355, hits=292, map=521)...[0m
[1;94m[*] [0mFuzzing test case #455 (623 total, 0 uniq crashes found, perf_score=114, exec_us=358, hits=1549, map=501)...[0m
[1;94m[*] [0mFuzzing test case #319 (623 total, 0 uniq crashes found, perf_score=172, exec_us=362, hits=10624, map=282)...[0m
[1;94m[*] [0mFuzzing test case #455 (623 total, 0 uniq crashes found, perf_score=114, exec_us=358, hits=1563, map=501)...[0m
[1;94m[*] [0mFuzzing test case #319 (623 total, 0 uniq crashes found, perf_score=172, exec_us=362, hits=10713, map=282)...[0m
[1;94m[*] [0mFuzzing test case #532 (623 total, 0 uniq crashes found, perf_score=229, exec_us=372, hits=34, map=488)...[0m
[1;93m[!] [1;97mWARNING: [0minstability detected during calibration
[0m
[1;94m[*] [0mFuzzing test case #319 (624 total, 0 uniq crashes found, perf_score=172, exec_us=362, hits=10793, map=282)...[0m
[1;94m[*] [0mFuzzing test case #455 (624 total, 0 uniq crashes found, perf_score=114, exec_us=358, hits=1587, map=501)...[0m
[1;94m[*] [0mFuzzing test case #319 (624 total, 0 uniq crashes found, perf_score=172, exec_us=362, hits=10878, map=282)...[0m
[1;94m[*] [0mFuzzing test case #319 (624 total, 0 uniq crashes found, perf_score=172, exec_us=362, hits=10956, map=282)...[0m
[1;94m[*] [0mFuzzing test case #319 (624 total, 0 uniq crashes found, perf_score=172, exec_us=362, hits=11041, map=282)...[0m
[1;94m[*] [0mFuzzing test case #455 (624 total, 0 uniq crashes found, perf_score=114, exec_us=358, hits=1602, map=501)...[0m
[1;94m[*] [0mFuzzing test case #319 (624 total, 0 uniq crashes found, perf_score=172, exec_us=362, hits=11111, map=282)...[0m
[1;94m[*] [0mFuzzing test case #319 (624 total, 0 uniq crashes found, perf_score=172, exec_us=362, hits=11198, map=282)...[0m
[1;94m[*] [0mFuzzing test case #408 (624 total, 0 uniq crashes found, perf_score=229, exec_us=386, hits=1224, map=537)...[0m
[1;94m[*] [0mFuzzing test case #569 (624 total, 0 uniq crashes found, perf_score=229, exec_us=359, hits=3916, map=506)...[0m
[1;94m[*] [0mFuzzing test case #311 (624 total, 0 uniq crashes found, perf_score=229, exec_us=368, hits=213, map=439)...[0m
[1;94m[*] [0mFuzzing test case #455 (624 total, 0 uniq crashes found, perf_score=114, exec_us=358, hits=1621, map=501)...[0m
[1;94m[*] [0mFuzzing test case #319 (624 total, 0 uniq crashes found, perf_score=172, exec_us=362, hits=11294, map=282)...[0m
[1;94m[*] [0mFuzzing test case #433 (624 total, 0 uniq crashes found, perf_score=229, exec_us=368, hits=437, map=540)...[0m
[1;94m[*] [0mFuzzing test case #316 (624 total, 0 uniq crashes found, perf_score=114, exec_us=354, hits=228, map=213)...[0m
[1;94m[*] [0mFuzzing test case #415 (624 total, 0 uniq crashes found, perf_score=229, exec_us=372, hits=1393, map=531)...[0m
[1;94m[*] [0mFuzzing test case #455 (624 total, 0 uniq crashes found, perf_score=114, exec_us=358, hits=1639, map=501)...[0m
[1;94m[*] [0mFuzzing test case #455 (624 total, 0 uniq crashes found, perf_score=114, exec_us=358, hits=1651, map=501)...[0m
[1;94m[*] [0mFuzzing test case #600 (624 total, 0 uniq crashes found, perf_score=229, exec_us=357, hits=105, map=292)...[0m
[1;94m[*] [0mFuzzing test case #319 (624 total, 0 uniq crashes found, perf_score=172, exec_us=362, hits=11415, map=282)...[0m
[1;94m[*] [0mFuzzing test case #455 (624 total, 0 uniq crashes found, perf_score=114, exec_us=358, hits=1669, map=501)...[0m
[1;94m[*] [0mFuzzing test case #455 (624 total, 0 uniq crashes found, perf_score=114, exec_us=358, hits=1682, map=501)...[0m
[1;94m[*] [0mFuzzing test case #319 (624 total, 0 uniq crashes found, perf_score=172, exec_us=362, hits=11505, map=282)...[0m
[1;94m[*] [0mFuzzing test case #455 (624 total, 0 uniq crashes found, perf_score=114, exec_us=358, hits=1692, map=501)...[0m
[1;94m[*] [0mFuzzing test case #555 (624 total, 0 uniq crashes found, perf_score=229, exec_us=380, hits=814, map=345)...[0m
[1;94m[*] [0mFuzzing test case #455 (624 total, 0 uniq crashes found, perf_score=114, exec_us=358, hits=1704, map=501)...[0m
[1;94m[*] [0mFuzzing test case #455 (624 total, 0 uniq crashes found, perf_score=114, exec_us=358, hits=1728, map=501)...[0m
[1;94m[*] [0mFuzzing test case #455 (624 total, 0 uniq crashes found, perf_score=114, exec_us=358, hits=1744, map=501)...[0m
[1;94m[*] [0mFuzzing test case #455 (624 total, 0 uniq crashes found, perf_score=114, exec_us=358, hits=1759, map=501)...[0m
[1;94m[*] [0mFuzzing test case #319 (624 total, 0 uniq crashes found, perf_score=172, exec_us=362, hits=11566, map=282)...[0m
[1;94m[*] [0mFuzzing test case #455 (624 total, 0 uniq crashes found, perf_score=114, exec_us=358, hits=1773, map=501)...[0m
[1;94m[*] [0mFuzzing test case #319 (624 total, 0 uniq crashes found, perf_score=172, exec_us=362, hits=11650, map=282)...[0m
[1;94m[*] [0mFuzzing test case #546 (624 total, 0 uniq crashes found, perf_score=229, exec_us=380, hits=224, map=511)...[0m
[1;94m[*] [0mFuzzing test case #319 (624 total, 0 uniq crashes found, perf_score=172, exec_us=362, hits=11746, map=282)...[0m
[1;94m[*] [0mFuzzing test case #242 (624 total, 0 uniq crashes found, perf_score=114, exec_us=445, hits=105, map=290)...[0m
[1;94m[*] [0mFuzzing test case #412 (624 total, 0 uniq crashes found, perf_score=229, exec_us=379, hits=66, map=538)...[0m
[1;94m[*] [0mFuzzing test case #319 (624 total, 0 uniq crashes found, perf_score=172, exec_us=362, hits=11847, map=282)...[0m
[1;94m[*] [0mFuzzing test case #491 (624 total, 0 uniq crashes found, perf_score=459, exec_us=384, hits=27, map=550)...[0m
[1;93m[!] [1;97mWARNING: [0minstability detected during calibration
[0m
[1;93m[!] [1;97mWARNING: [0minstability detected during calibration
[0m
[1;94m[*] [0mFuzzing test case #319 (626 total, 0 uniq crashes found, perf_score=172, exec_us=362, hits=11915, map=282)...[0m
[1;94m[*] [0mFuzzing test case #319 (626 total, 0 uniq crashes found, perf_score=172, exec_us=362, hits=12001, map=282)...[0m
[1;94m[*] [0mFuzzing test case #319 (626 total, 0 uniq crashes found, perf_score=172, exec_us=362, hits=12116, map=282)...[0m
[1;94m[*] [0mFuzzing test case #557 (626 total, 0 uniq crashes found, perf_score=114, exec_us=371, hits=43, map=319)...[0m
[1;94m[*] [0mFuzzing test case #319 (626 total, 0 uniq crashes found, perf_score=172, exec_us=362, hits=12217, map=282)...[0m
[1;94m[*] [0mFuzzing test case #316 (626 total, 0 uniq crashes found, perf_score=114, exec_us=354, hits=295, map=213)...[0m
[1;94m[*] [0mFuzzing test case #319 (626 total, 0 uniq crashes found, perf_score=172, exec_us=362, hits=12310, map=282)...[0m
[1;94m[*] [0mFuzzing test case #455 (626 total, 0 uniq crashes found, perf_score=114, exec_us=358, hits=1789, map=501)...[0m
[1;94m[*] [0mFuzzing test case #319 (626 total, 0 uniq crashes found, perf_score=172, exec_us=362, hits=12426, map=282)...[0m
[1;94m[*] [0mFuzzing test case #455 (626 total, 0 uniq crashes found, perf_score=114, exec_us=358, hits=1800, map=501)...[0m
[1;94m[*] [0mFuzzing test case #319 (626 total, 0 uniq crashes found, perf_score=172, exec_us=362, hits=12520, map=282)...[0m
[1;94m[*] [0mFuzzing test case #311 (626 total, 0 uniq crashes found, perf_score=229, exec_us=368, hits=243, map=439)...[0m
[1;94m[*] [0mFuzzing test case #433 (626 total, 0 uniq crashes found, perf_score=229, exec_us=368, hits=461, map=540)...[0m
[1;94m[*] [0mFuzzing test case #455 (626 total, 0 uniq crashes found, perf_score=114, exec_us=358, hits=1815, map=501)...[0m
[1;94m[*] [0mFuzzing test case #319 (626 total, 0 uniq crashes found, perf_score=172, exec_us=362, hits=12605, map=282)...[0m
[1;94m[*] [0mFuzzing test case #532 (626 total, 0 uniq crashes found, perf_score=229, exec_us=372, hits=59, map=488)...[0m
[1;93m[!] [1;97mWARNING: [0minstability detected during calibration
[0m
[1;94m[*] [0mFuzzing test case #319 (627 total, 0 uniq crashes found, perf_score=172, exec_us=362, hits=12700, map=282)...[0m
[1;94m[*] [0mFuzzing test case #554 (627 total, 0 uniq crashes found, perf_score=229, exec_us=337, hits=168, map=292)...[0m
[1;94m[*] [0mFuzzing test case #455 (627 total, 0 uniq crashes found, perf_score=114, exec_us=358, hits=1830, map=501)...[0m
[1;94m[*] [0mFuzzing test case #319 (627 total, 0 uniq crashes found, perf_score=172, exec_us=362, hits=12767, map=282)...[0m
[1;94m[*] [0mFuzzing test case #319 (627 total, 0 uniq crashes found, perf_score=172, exec_us=362, hits=12868, map=282)...[0m
[1;94m[*] [0mFuzzing test case #319 (627 total, 0 uniq crashes found, perf_score=172, exec_us=362, hits=12931, map=282)...[0m
[1;94m[*] [0mFuzzing test case #455 (627 total, 0 uniq crashes found, perf_score=114, exec_us=358, hits=1847, map=501)...[0m
[1;94m[*] [0mFuzzing test case #455 (627 total, 0 uniq crashes found, perf_score=114, exec_us=358, hits=1859, map=501)...[0m
[1;94m[*] [0mFuzzing test case #319 (627 total, 0 uniq crashes found, perf_score=172, exec_us=362, hits=13046, map=282)...[0m
[1;94m[*] [0mFuzzing test case #229 (627 total, 0 uniq crashes found, perf_score=100, exec_us=436, hits=1, map=530)...[0m
[1;94m[*] [0mFuzzing test case #154 (627 total, 0 uniq crashes found, perf_score=114, exec_us=552, hits=59, map=428)...[0m
[1;94m[*] [0mFuzzing test case #213 (627 total, 0 uniq crashes found, perf_score=57, exec_us=411, hits=70, map=214)...[0m
[1;94m[*] [0mFuzzing test case #415 (627 total, 0 uniq crashes found, perf_score=229, exec_us=372, hits=1407, map=531)...[0m
[1;94m[*] [0mFuzzing test case #319 (627 total, 0 uniq crashes found, perf_score=172, exec_us=362, hits=13133, map=282)...[0m
[1;94m[*] [0mFuzzing test case #231 (627 total, 0 uniq crashes found, perf_score=114, exec_us=409, hits=55, map=415)...[0m
[1;94m[*] [0mFuzzing test case #330 (627 total, 0 uniq crashes found, perf_score=114, exec_us=390, hits=85, map=311)...[0m
[1;94m[*] [0mFuzzing test case #502 (627 total, 0 uniq crashes found, perf_score=229, exec_us=365, hits=262, map=494)...[0m
[1;94m[*] [0mFuzzing test case #319 (627 total, 0 uniq crashes found, perf_score=172, exec_us=362, hits=13207, map=282)...[0m
[1;94m[*] [0mFuzzing test case #319 (627 total, 0 uniq crashes found, perf_score=172, exec_us=362, hits=13298, map=282)...[0m
[1;94m[*] [0mFuzzing test case #319 (627 total, 0 uniq crashes found, perf_score=172, exec_us=362, hits=13381, map=282)...[0m
[1;94m[*] [0mFuzzing test case #319 (627 total, 0 uniq crashes found, perf_score=172, exec_us=362, hits=13464, map=282)...[0m
[1;94m[*] [0mFuzzing test case #210 (627 total, 0 uniq crashes found, perf_score=86, exec_us=391, hits=80, map=234)...[0m
[1;94m[*] [0mFuzzing test case #455 (627 total, 0 uniq crashes found, perf_score=114, exec_us=358, hits=1888, map=501)...[0m
[1;94m[*] [0mFuzzing test case #319 (627 total, 0 uniq crashes found, perf_score=172, exec_us=362, hits=13533, map=282)...[0m
[1;94m[*] [0mFuzzing test case #319 (627 total, 0 uniq crashes found, perf_score=172, exec_us=362, hits=13610, map=282)...[0m
[1;94m[*] [0mFuzzing test case #319 (627 total, 0 uniq crashes found, perf_score=172, exec_us=362, hits=13688, map=282)...[0m
[1;94m[*] [0mFuzzing test case #58 (627 total, 0 uniq crashes found, perf_score=114, exec_us=406, hits=76, map=527)...[0m
[1;94m[*] [0mFuzzing test case #319 (627 total, 0 uniq crashes found, perf_score=172, exec_us=362, hits=13772, map=282)...[0m
[1;94m[*] [0mFuzzing test case #415 (627 total, 0 uniq crashes found, perf_score=229, exec_us=372, hits=1427, map=531)...[0m
[1;94m[*] [0mFuzzing test case #319 (627 total, 0 uniq crashes found, perf_score=172, exec_us=362, hits=13864, map=282)...[0m
[1;94m[*] [0mFuzzing test case #455 (627 total, 0 uniq crashes found, perf_score=114, exec_us=358, hits=1902, map=501)...[0m
[1;94m[*] [0mFuzzing test case #455 (627 total, 0 uniq crashes found, perf_score=114, exec_us=358, hits=1919, map=501)...[0m
[1;94m[*] [0mFuzzing test case #114 (627 total, 0 uniq crashes found, perf_score=345, exec_us=411, hits=7, map=518)...[0m
[1;93m[!] [1;97mWARNING: [0minstability detected during calibration
[0m
[1;93m[!] [1;97mWARNING: [0minstability detected during calibration
[0m
[1;94m[*] [0mFuzzing test case #159 (629 total, 0 uniq crashes found, perf_score=100, exec_us=356, hits=3, map=411)...[0m
[1;94m[*] [0mFuzzing test case #261 (629 total, 0 uniq crashes found, perf_score=100, exec_us=356, hits=3, map=471)...[0m
[1;93m[!] [1;97mWARNING: [0minstability detected during calibration
[0m
[1;94m[*] [0mFuzzing test case #319 (630 total, 0 uniq crashes found, perf_score=172, exec_us=362, hits=13926, map=282)...[0m
[1;94m[*] [0mFuzzing test case #455 (630 total, 0 uniq crashes found, perf_score=114, exec_us=358, hits=1935, map=501)...[0m
[1;94m[*] [0mFuzzing test case #502 (630 total, 0 uniq crashes found, perf_score=229, exec_us=365, hits=276, map=494)...[0m
[1;94m[*] [0mFuzzing test case #455 (630 total, 0 uniq crashes found, perf_score=114, exec_us=358, hits=1958, map=501)...[0m
[1;94m[*] [0mFuzzing test case #571 (630 total, 0 uniq crashes found, perf_score=200, exec_us=496, hits=10, map=518)...[0m
[1;94m[*] [0mFuzzing test case #262 (630 total, 0 uniq crashes found, perf_score=172, exec_us=399, hits=23, map=281)...[0m
[1;94m[*] [0mFuzzing test case #546 (630 total, 0 uniq crashes found, perf_score=229, exec_us=380, hits=251, map=511)...[0m
[1;94m[*] [0mFuzzing test case #561 (630 total, 0 uniq crashes found, perf_score=200, exec_us=446, hits=2, map=517)...[0m
[1;94m[*] [0mFuzzing test case #433 (630 total, 0 uniq crashes found, perf_score=229, exec_us=368, hits=479, map=540)...[0m
[1;94m[*] [0mFuzzing test case #627 (630 total, 0 uniq crashes found, perf_score=100, exec_us=438, hits=2, map=526)...[0m
[1;94m[*] [0mFuzzing test case #319 (630 total, 0 uniq crashes found, perf_score=172, exec_us=362, hits=14023, map=282)...[0m
[1;94m[*] [0mFuzzing test case #628 (630 total, 0 uniq crashes found, perf_score=75, exec_us=607, hits=1, map=519)...[0m
[1;94m[*] [0mFuzzing test case #455 (630 total, 0 uniq crashes found, perf_score=114, exec_us=358, hits=1985, map=501)...[0m
[1;94m[*] [0mFuzzing test case #433 (630 total, 0 uniq crashes found, perf_score=229, exec_us=368, hits=497, map=540)...[0m
[1;94m[*] [0mFuzzing test case #120 (630 total, 0 uniq crashes found, perf_score=86, exec_us=379, hits=272, map=240)...[0m
[1;94m[*] [0mFuzzing test case #319 (630 total, 0 uniq crashes found, perf_score=172, exec_us=362, hits=14103, map=282)...[0m
[1;94m[*] [0mFuzzing test case #349 (630 total, 0 uniq crashes found, perf_score=86, exec_us=360, hits=41, map=248)...[0m
[1;94m[*] [0mFuzzing test case #455 (630 total, 0 uniq crashes found, perf_score=114, exec_us=358, hits=2004, map=501)...[0m
[1;94m[*] [0mFuzzing test case #319 (630 total, 0 uniq crashes found, perf_score=172, exec_us=362, hits=14176, map=282)...[0m
[1;94m[*] [0mFuzzing test case #319 (630 total, 0 uniq crashes found, perf_score=172, exec_us=362, hits=14256, map=282)...[0m
[1;94m[*] [0mFuzzing test case #319 (630 total, 0 uniq crashes found, perf_score=172, exec_us=362, hits=14354, map=282)...[0m
[1;94m[*] [0mEntering queue cycle 2.[0m
[1;94m[*] [0mFuzzing test case #384 (630 total, 0 uniq crashes found, perf_score=114, exec_us=370, hits=131, map=366)...[0m
[1;94m[*] [0mFuzzing test case #319 (630 total, 0 uniq crashes found, perf_score=172, exec_us=362, hits=14450, map=282)...[0m
[1;94m[*] [0mFuzzing test case #455 (630 total, 0 uniq crashes found, perf_score=114, exec_us=358, hits=2020, map=501)...[0m
[1;94m[*] [0mFuzzing test case #276 (630 total, 0 uniq crashes found, perf_score=172, exec_us=344, hits=222, map=218)...[0m
[1;94m[*] [0mFuzzing test case #455 (630 total, 0 uniq crashes found, perf_score=114, exec_us=358, hits=2030, map=501)...[0m
[1;94m[*] [0mFuzzing test case #319 (630 total, 0 uniq crashes found, perf_score=172, exec_us=362, hits=14530, map=282)...[0m
[1;94m[*] [0mFuzzing test case #455 (630 total, 0 uniq crashes found, perf_score=114, exec_us=358, hits=2044, map=501)...[0m
[1;94m[*] [0mFuzzing test case #75 (630 total, 0 uniq crashes found, perf_score=114, exec_us=411, hits=46, map=376)...[0m
[1;94m[*] [0mFuzzing test case #415 (630 total, 0 uniq crashes found, perf_score=229, exec_us=372, hits=1454, map=531)...[0m
[1;94m[*] [0mFuzzing test case #319 (630 total, 0 uniq crashes found, perf_score=172, exec_us=362, hits=14617, map=282)...[0m
[1;94m[*] [0mFuzzing test case #455 (630 total, 0 uniq crashes found, perf_score=114, exec_us=358, hits=2054, map=501)...[0m
[1;94m[*] [0mFuzzing test case #319 (630 total, 0 uniq crashes found, perf_score=172, exec_us=362, hits=14687, map=282)...[0m
[1;94m[*] [0mFuzzing test case #37 (630 total, 0 uniq crashes found, perf_score=86, exec_us=344, hits=104, map=243)...[0m
[1;94m[*] [0mFuzzing test case #455 (630 total, 0 uniq crashes found, perf_score=114, exec_us=358, hits=2069, map=501)...[0m
[1;94m[*] [0mFuzzing test case #433 (630 total, 0 uniq crashes found, perf_score=229, exec_us=368, hits=518, map=540)...[0m
[1;94m[*] [0mFuzzing test case #433 (630 total, 0 uniq crashes found, perf_score=229, exec_us=368, hits=530, map=540)...[0m
[1;94m[*] [0mFuzzing test case #319 (630 total, 0 uniq crashes found, perf_score=172, exec_us=362, hits=14744, map=282)...[0m
[1;94m[*] [0mFuzzing test case #455 (630 total, 0 uniq crashes found, perf_score=114, exec_us=358, hits=2082, map=501)...[0m
[1;94m[*] [0mFuzzing test case #319 (630 total, 0 uniq crashes found, perf_score=172, exec_us=362, hits=14812, map=282)...[0m
[1;94m[*] [0mFuzzing test case #455 (630 total, 0 uniq crashes found, perf_score=114, exec_us=358, hits=2099, map=501)...[0m
[1;94m[*] [0mFuzzing test case #319 (630 total, 0 uniq crashes found, perf_score=172, exec_us=362, hits=14902, map=282)...[0m
[1;94m[*] [0mFuzzing test case #502 (630 total, 0 uniq crashes found, perf_score=229, exec_us=365, hits=297, map=494)...[0m
[1;94m[*] [0mFuzzing test case #455 (630 total, 0 uniq crashes found, perf_score=114, exec_us=358, hits=2122, map=501)...[0m
[1;94m[*] [0mFuzzing test case #502 (630 total, 0 uniq crashes found, perf_score=229, exec_us=365, hits=308, map=494)...[0m
[1;94m[*] [0mFuzzing test case #319 (630 total, 0 uniq crashes found, perf_score=172, exec_us=362, hits=14973, map=282)...[0m
[1;94m[*] [0mFuzzing test case #502 (630 total, 0 uniq crashes found, perf_score=229, exec_us=365, hits=316, map=494)...[0m
[1;94m[*] [0mFuzzing test case #455 (630 total, 0 uniq crashes found, perf_score=114, exec_us=358, hits=2138, map=501)...[0m
[1;94m[*] [0mFuzzing test case #455 (630 total, 0 uniq crashes found, perf_score=114, exec_us=358, hits=2154, map=501)...[0m
[1;94m[*] [0mFuzzing test case #455 (630 total, 0 uniq crashes found, perf_score=114, exec_us=358, hits=2166, map=501)...[0m
[1;94m[*] [0mFuzzing test case #455 (630 total, 0 uniq crashes found, perf_score=114, exec_us=358, hits=2183, map=501)...[0m
[1;94m[*] [0mFuzzing test case #455 (630 total, 0 uniq crashes found, perf_score=114, exec_us=358, hits=2196, map=501)...[0m
[1;94m[*] [0mFuzzing test case #319 (630 total, 0 uniq crashes found, perf_score=172, exec_us=362, hits=15026, map=282)...[0m
[1;94m[*] [0mFuzzing test case #455 (630 total, 0 uniq crashes found, perf_score=114, exec_us=358, hits=2221, map=501)...[0m
[1;94m[*] [0mFuzzing test case #319 (630 total, 0 uniq crashes found, perf_score=172, exec_us=362, hits=15100, map=282)...[0m
[1;94m[*] [0mFuzzing test case #319 (630 total, 0 uniq crashes found, perf_score=172, exec_us=362, hits=15171, map=282)...[0m
[1;94m[*] [0mFuzzing test case #40 (630 total, 0 uniq crashes found, perf_score=57, exec_us=367, hits=1013, map=214)...[0m
[1;94m[*] [0mFuzzing test case #455 (630 total, 0 uniq crashes found, perf_score=114, exec_us=358, hits=2241, map=501)...[0m
[1;94m[*] [0mFuzzing test case #104 (630 total, 0 uniq crashes found, perf_score=114, exec_us=370, hits=38, map=488)...[0m
[1;94m[*] [0mFuzzing test case #102 (630 total, 0 uniq crashes found, perf_score=114, exec_us=452, hits=47, map=423)...[0m
[1;94m[*] [0mFuzzing test case #455 (630 total, 0 uniq crashes found, perf_score=114, exec_us=358, hits=2257, map=501)...[0m
[1;94m[*] [0mFuzzing test case #455 (630 total, 0 uniq crashes found, perf_score=114, exec_us=358, hits=2272, map=501)...[0m
[1;94m[*] [0mFuzzing test case #210 (630 total, 0 uniq crashes found, perf_score=86, exec_us=391, hits=133, map=234)...[0m
[1;94m[*] [0mFuzzing test case #583 (630 total, 0 uniq crashes found, perf_score=229, exec_us=412, hits=81, map=512)...[0m
[1;94m[*] [0mFuzzing test case #319 (630 total, 0 uniq crashes found, perf_score=172, exec_us=362, hits=15260, map=282)...[0m
[1;94m[*] [0mFuzzing test case #433 (630 total, 0 uniq crashes found, perf_score=229, exec_us=368, hits=548, map=540)...[0m
[1;94m[*] [0mFuzzing test case #502 (630 total, 0 uniq crashes found, perf_score=229, exec_us=365, hits=338, map=494)...[0m
[1;94m[*] [0mFuzzing test case #319 (630 total, 0 uniq crashes found, perf_score=172, exec_us=362, hits=15335, map=282)...[0m
[1;94m[*] [0mFuzzing test case #319 (630 total, 0 uniq crashes found, perf_score=172, exec_us=362, hits=15427, map=282)...[0m
[1;94m[*] [0mFuzzing test case #433 (630 total, 0 uniq crashes found, perf_score=229, exec_us=368, hits=565, map=540)...[0m
[1;94m[*] [0mFuzzing test case #319 (630 total, 0 uniq crashes found, perf_score=172, exec_us=362, hits=15494, map=282)...[0m
[1;94m[*] [0mFuzzing test case #455 (630 total, 0 uniq crashes found, perf_score=114, exec_us=358, hits=2294, map=501)...[0m
[1;94m[*] [0mFuzzing test case #319 (630 total, 0 uniq crashes found, perf_score=172, exec_us=362, hits=15576, map=282)...[0m
[1;94m[*] [0mFuzzing test case #455 (630 total, 0 uniq crashes found, perf_score=114, exec_us=358, hits=2304, map=501)...[0m
[1;94m[*] [0mFuzzing test case #502 (630 total, 0 uniq crashes found, perf_score=229, exec_us=365, hits=359, map=494)...[0m
[1;94m[*] [0mFuzzing test case #455 (630 total, 0 uniq crashes found, perf_score=114, exec_us=358, hits=2316, map=501)...[0m
[1;94m[*] [0mFuzzing test case #319 (630 total, 0 uniq crashes found, perf_score=172, exec_us=362, hits=15654, map=282)...[0m
[1;94m[*] [0mFuzzing test case #319 (630 total, 0 uniq crashes found, perf_score=172, exec_us=362, hits=15745, map=282)...[0m
[1;94m[*] [0mFuzzing test case #319 (630 total, 0 uniq crashes found, perf_score=172, exec_us=362, hits=15813, map=282)...[0m
[1;94m[*] [0mFuzzing test case #319 (630 total, 0 uniq crashes found, perf_score=172, exec_us=362, hits=15893, map=282)...[0m
[1;94m[*] [0mFuzzing test case #319 (630 total, 0 uniq crashes found, perf_score=172, exec_us=362, hits=15989, map=282)...[0m
[1;94m[*] [0mFuzzing test case #455 (630 total, 0 uniq crashes found, perf_score=114, exec_us=358, hits=2332, map=501)...[0m
[1;94m[*] [0mFuzzing test case #319 (630 total, 0 uniq crashes found, perf_score=172, exec_us=362, hits=16083, map=282)...[0m
[1;94m[*] [0mFuzzing test case #351 (630 total, 0 uniq crashes found, perf_score=229, exec_us=348, hits=17, map=392)...[0m
[1;94m[*] [0mFuzzing test case #514 (630 total, 0 uniq crashes found, perf_score=229, exec_us=376, hits=121, map=510)...[0m
[1;94m[*] [0mFuzzing test case #330 (630 total, 0 uniq crashes found, perf_score=114, exec_us=390, hits=130, map=311)...[0m
[1;94m[*] [0mFuzzing test case #120 (630 total, 0 uniq crashes found, perf_score=86, exec_us=379, hits=320, map=240)...[0m
[1;94m[*] [0mFuzzing test case #557 (630 total, 0 uniq crashes found, perf_score=114, exec_us=371, hits=78, map=319)...[0m
[1;94m[*] [0mFuzzing test case #319 (630 total, 0 uniq crashes found, perf_score=172, exec_us=362, hits=16150, map=282)...[0m
[1;94m[*] [0mFuzzing test case #319 (630 total, 0 uniq crashes found, perf_score=172, exec_us=362, hits=16240, map=282)...[0m
[1;94m[*] [0mFuzzing test case #319 (630 total, 0 uniq crashes found, perf_score=172, exec_us=362, hits=16322, map=282)...[0m
[1;94m[*] [0mFuzzing test case #365 (630 total, 0 uniq crashes found, perf_score=114, exec_us=420, hits=47, map=526)...[0m
[1;94m[*] [0mFuzzing test case #455 (630 total, 0 uniq crashes found, perf_score=114, exec_us=358, hits=2347, map=501)...[0m
[1;94m[*] [0mFuzzing test case #433 (630 total, 0 uniq crashes found, perf_score=229, exec_us=368, hits=588, map=540)...[0m
[1;94m[*] [0mFuzzing test case #319 (630 total, 0 uniq crashes found, perf_score=172, exec_us=362, hits=16411, map=282)...[0m
[1;94m[*] [0mFuzzing test case #613 (630 total, 0 uniq crashes found, perf_score=229, exec_us=357, hits=23, map=467)...[0m
[1;94m[*] [0mFuzzing test case #455 (630 total, 0 uniq crashes found, perf_score=114, exec_us=358, hits=2363, map=501)...[0m
[1;94m[*] [0mFuzzing test case #546 (630 total, 0 uniq crashes found, perf_score=229, exec_us=380, hits=280, map=511)...[0m
[1;93m[!] [1;97mWARNING: [0minstability detected during calibration
[0m
[1;94m[*] [0mFuzzing test case #433 (631 total, 0 uniq crashes found, perf_score=229, exec_us=368, hits=613, map=540)...[0m
[1;94m[*] [0mFuzzing test case #319 (631 total, 0 uniq crashes found, perf_score=172, exec_us=362, hits=16512, map=282)...[0m
[1;94m[*] [0mFuzzing test case #319 (631 total, 0 uniq crashes found, perf_score=172, exec_us=362, hits=16615, map=282)...[0m
[1;94m[*] [0mFuzzing test case #500 (631 total, 0 uniq crashes found, perf_score=172, exec_us=444, hits=273, map=284)...[0m
[1;94m[*] [0mFuzzing test case #499 (631 total, 0 uniq crashes found, perf_score=172, exec_us=373, hits=84, map=283)...[0m
[1;94m[*] [0mFuzzing test case #319 (631 total, 0 uniq crashes found, perf_score=172, exec_us=362, hits=16739, map=282)...[0m
[1;94m[*] [0mFuzzing test case #319 (631 total, 0 uniq crashes found, perf_score=172, exec_us=362, hits=16823, map=282)...[0m
[1;94m[*] [0mFuzzing test case #319 (631 total, 0 uniq crashes found, perf_score=172, exec_us=362, hits=16917, map=282)...[0m
[1;94m[*] [0mFuzzing test case #319 (631 total, 0 uniq crashes found, perf_score=172, exec_us=362, hits=16985, map=282)...[0m
[1;94m[*] [0mFuzzing test case #455 (631 total, 0 uniq crashes found, perf_score=114, exec_us=358, hits=2373, map=501)...[0m
[1;94m[*] [0mFuzzing test case #319 (631 total, 0 uniq crashes found, perf_score=172, exec_us=362, hits=17061, map=282)...[0m
[1;94m[*] [0mFuzzing test case #319 (631 total, 0 uniq crashes found, perf_score=172, exec_us=362, hits=17136, map=282)...[0m
[1;94m[*] [0mFuzzing test case #319 (631 total, 0 uniq crashes found, perf_score=172, exec_us=362, hits=17224, map=282)...[0m
[1;94m[*] [0mFuzzing test case #433 (631 total, 0 uniq crashes found, perf_score=229, exec_us=368, hits=642, map=540)...[0m
[1;94m[*] [0mFuzzing test case #502 (631 total, 0 uniq crashes found, perf_score=229, exec_us=365, hits=372, map=494)...[0m
[1;94m[*] [0mFuzzing test case #319 (631 total, 0 uniq crashes found, perf_score=172, exec_us=362, hits=17278, map=282)...[0m
[1;94m[*] [0mFuzzing test case #348 (631 total, 0 uniq crashes found, perf_score=114, exec_us=355, hits=54, map=322)...[0m
[1;94m[*] [0mFuzzing test case #455 (631 total, 0 uniq crashes found, perf_score=114, exec_us=358, hits=2387, map=501)...[0m
[1;94m[*] [0mFuzzing test case #319 (631 total, 0 uniq crashes found, perf_score=172, exec_us=362, hits=17340, map=282)...[0m
[1;94m[*] [0mFuzzing test case #455 (631 total, 0 uniq crashes found, perf_score=114, exec_us=358, hits=2399, map=501)...[0m
[1;94m[*] [0mFuzzing test case #433 (631 total, 0 uniq crashes found, perf_score=229, exec_us=368, hits=661, map=540)...[0m
[1;94m[*] [0mFuzzing test case #237 (631 total, 0 uniq crashes found, perf_score=86, exec_us=378, hits=73, map=275)...[0m
[1;94m[*] [0mFuzzing test case #455 (631 total, 0 uniq crashes found, perf_score=114, exec_us=358, hits=2415, map=501)...[0m
[1;94m[*] [0mFuzzing test case #113 (631 total, 0 uniq crashes found, perf_score=229, exec_us=442, hits=29, map=435)...[0m
[1;94m[*] [0mFuzzing test case #455 (631 total, 0 uniq crashes found, perf_score=114, exec_us=358, hits=2430, map=501)...[0m
[1;94m[*] [0mFuzzing test case #319 (631 total, 0 uniq crashes found, perf_score=172, exec_us=362, hits=17411, map=282)...[0m
[1;94m[*] [0mFuzzing test case #433 (631 total, 0 uniq crashes found, perf_score=229, exec_us=368, hits=680, map=540)...[0m
[1;94m[*] [0mFuzzing test case #319 (631 total, 0 uniq crashes found, perf_score=172, exec_us=362, hits=17465, map=282)...[0m
[1;94m[*] [0mFuzzing test case #319 (631 total, 0 uniq crashes found, perf_score=172, exec_us=362, hits=17556, map=282)...[0m
[1;94m[*] [0mFuzzing test case #455 (631 total, 0 uniq crashes found, perf_score=114, exec_us=358, hits=2448, map=501)...[0m
[1;94m[*] [0mFuzzing test case #319 (631 total, 0 uniq crashes found, perf_score=172, exec_us=362, hits=17632, map=282)...[0m
[1;94m[*] [0mFuzzing test case #192 (631 total, 0 uniq crashes found, perf_score=86, exec_us=389, hits=254, map=264)...[0m
[1;94m[*] [0mFuzzing test case #59 (631 total, 0 uniq crashes found, perf_score=114, exec_us=360, hits=108, map=473)...[0m
[1;94m[*] [0mFuzzing test case #455 (631 total, 0 uniq crashes found, perf_score=114, exec_us=358, hits=2462, map=501)...[0m
[1;94m[*] [0mFuzzing test case #319 (631 total, 0 uniq crashes found, perf_score=172, exec_us=362, hits=17705, map=282)...[0m
[1;94m[*] [0mFuzzing test case #613 (631 total, 0 uniq crashes found, perf_score=114, exec_us=357, hits=58, map=467)...[0m
[1;94m[*] [0mFuzzing test case #147 (631 total, 0 uniq crashes found, perf_score=114, exec_us=401, hits=55, map=523)...[0m
[1;94m[*] [0mFuzzing test case #319 (631 total, 0 uniq crashes found, perf_score=172, exec_us=362, hits=17803, map=282)...[0m
[1;94m[*] [0mFuzzing test case #455 (631 total, 0 uniq crashes found, perf_score=114, exec_us=358, hits=2477, map=501)...[0m
[1;94m[*] [0mFuzzing test case #455 (631 total, 0 uniq crashes found, perf_score=114, exec_us=358, hits=2488, map=501)...[0m
[1;94m[*] [0mFuzzing test case #592 (631 total, 0 uniq crashes found, perf_score=229, exec_us=435, hits=58, map=330)...[0m
[1;94m[*] [0mFuzzing test case #455 (631 total, 0 uniq crashes found, perf_score=114, exec_us=358, hits=2507, map=501)...[0m
[1;94m[*] [0mFuzzing test case #496 (631 total, 0 uniq crashes found, perf_score=80, exec_us=576, hits=417, map=526)...[0m
[1;94m[*] [0mFuzzing test case #319 (631 total, 0 uniq crashes found, perf_score=172, exec_us=362, hits=17863, map=282)...[0m
[1;94m[*] [0mFuzzing test case #319 (631 total, 0 uniq crashes found, perf_score=172, exec_us=362, hits=17924, map=282)...[0m
[1;94m[*] [0mFuzzing test case #318 (631 total, 0 uniq crashes found, perf_score=172, exec_us=420, hits=51, map=276)...[0m
[1;94m[*] [0mFuzzing test case #433 (631 total, 0 uniq crashes found, perf_score=229, exec_us=368, hits=705, map=540)...[0m
[1;94m[*] [0mFuzzing test case #433 (631 total, 0 uniq crashes found, perf_score=229, exec_us=368, hits=731, map=540)...[0m
[1;94m[*] [0mFuzzing test case #319 (631 total, 0 uniq crashes found, perf_score=172, exec_us=362, hits=17987, map=282)...[0m
[1;94m[*] [0mFuzzing test case #319 (631 total, 0 uniq crashes found, perf_score=172, exec_us=362, hits=18054, map=282)...[0m
[1;94m[*] [0mFuzzing test case #59 (631 total, 0 uniq crashes found, perf_score=114, exec_us=360, hits=117, map=473)...[0m
[1;94m[*] [0mFuzzing test case #167 (631 total, 0 uniq crashes found, perf_score=114, exec_us=364, hits=75, map=425)...[0m
[1;94m[*] [0mFuzzing test case #104 (632 total, 0 uniq crashes found, perf_score=114, exec_us=370, hits=60, map=488)...[0m
[1;94m[*] [0mFuzzing test case #433 (632 total, 0 uniq crashes found, perf_score=229, exec_us=368, hits=749, map=540)...[0m
[1;94m[*] [0mFuzzing test case #137 (632 total, 0 uniq crashes found, perf_score=86, exec_us=410, hits=42, map=272)...[0m
[1;94m[*] [0mFuzzing test case #102 (632 total, 0 uniq crashes found, perf_score=114, exec_us=452, hits=88, map=423)...[0m
[1;94m[*] [0mFuzzing test case #319 (632 total, 0 uniq crashes found, perf_score=172, exec_us=362, hits=18134, map=282)...[0m
[1;94m[*] [0mFuzzing test case #433 (632 total, 0 uniq crashes found, perf_score=229, exec_us=368, hits=769, map=540)...[0m
[1;94m[*] [0mFuzzing test case #319 (632 total, 0 uniq crashes found, perf_score=172, exec_us=362, hits=18221, map=282)...[0m
[1;94m[*] [0mFuzzing test case #319 (632 total, 0 uniq crashes found, perf_score=172, exec_us=362, hits=18304, map=282)...[0m
[1;94m[*] [0mFuzzing test case #208 (632 total, 0 uniq crashes found, perf_score=75, exec_us=439, hits=3, map=282)...[0m
[1;94m[*] [0mFuzzing test case #65 (632 total, 0 uniq crashes found, perf_score=86, exec_us=365, hits=128, map=232)...[0m
[1;94m[*] [0mFuzzing test case #415 (632 total, 0 uniq crashes found, perf_score=229, exec_us=372, hits=1477, map=531)...[0m
[1;94m[*] [0mFuzzing test case #455 (632 total, 0 uniq crashes found, perf_score=114, exec_us=358, hits=2521, map=501)...[0m
[1;94m[*] [0mFuzzing test case #319 (632 total, 0 uniq crashes found, perf_score=172, exec_us=362, hits=18383, map=282)...[0m
[1;94m[*] [0mFuzzing test case #37 (632 total, 0 uniq crashes found, perf_score=86, exec_us=344, hits=146, map=243)...[0m
[1;94m[*] [0mFuzzing test case #500 (632 total, 0 uniq crashes found, perf_score=172, exec_us=444, hits=345, map=284)...[0m
[1;94m[*] [0mFuzzing test case #164 (632 total, 0 uniq crashes found, perf_score=28, exec_us=343, hits=649, map=81)...[0m
[1;94m[*] [0mFuzzing test case #433 (632 total, 0 uniq crashes found, perf_score=229, exec_us=368, hits=788, map=540)...[0m
[1;94m[*] [0mFuzzing test case #339 (632 total, 0 uniq crashes found, perf_score=114, exec_us=398, hits=109, map=528)...[0m
[1;94m[*] [0mFuzzing test case #412 (632 total, 0 uniq crashes found, perf_score=229, exec_us=379, hits=93, map=538)...[0m
[1;94m[*] [0mFuzzing test case #319 (632 total, 0 uniq crashes found, perf_score=172, exec_us=362, hits=18470, map=282)...[0m
[1;93m[!] [1;97mWARNING: [0minstability detected during calibration
[0m
[1;94m[*] [0mFuzzing test case #632 (633 total, 0 uniq crashes found, perf_score=300, exec_us=423, hits=1, map=265)...[0m
[1;93m[!] [1;97mWARNING: [0minstability detected during calibration
[0m
[1;93m[!] [1;97mWARNING: [0minstability detected during calibration
[0m
[1;94m[*] [0mFuzzing test case #633 (635 total, 0 uniq crashes found, perf_score=300, exec_us=353, hits=6, map=258)...[0m
[1;93m[!] [1;97mWARNING: [0minstability detected during calibration
[0m
[1;93m[!] [1;97mWARNING: [0minstability detected during calibration
[0m
[1;94m[*] [0mFuzzing test case #633 (637 total, 0 uniq crashes found, perf_score=172, exec_us=353, hits=492, map=258)...[0m
[1;94m[*] [0mFuzzing test case #634 (637 total, 0 uniq crashes found, perf_score=150, exec_us=430, hits=1, map=272)...[0m
[1;93m[!] [1;97mWARNING: [0minstability detected during calibration
[0m
[1;94m[*] [0mFuzzing test case #631 (638 total, 0 uniq crashes found, perf_score=25, exec_us=341, hits=280, map=2)...[0m
[1;94m[*] [0mFuzzing test case #532 (638 total, 0 uniq crashes found, perf_score=229, exec_us=372, hits=82, map=488)...[0m
[1;94m[*] [0mFuzzing test case #183 (638 total, 0 uniq crashes found, perf_score=345, exec_us=392, hits=8, map=501)...[0m
[1;94m[*] [0mFuzzing test case #455 (638 total, 0 uniq crashes found, perf_score=114, exec_us=358, hits=2539, map=501)...[0m
[1;94m[*] [0mFuzzing test case #633 (638 total, 0 uniq crashes found, perf_score=172, exec_us=353, hits=572, map=258)...[0m
[1;94m[*] [0mFuzzing test case #633 (638 total, 0 uniq crashes found, perf_score=172, exec_us=353, hits=638, map=258)...[0m
[1;94m[*] [0mFuzzing test case #455 (638 total, 0 uniq crashes found, perf_score=114, exec_us=358, hits=2551, map=501)...[0m
[1;94m[*] [0mFuzzing test case #455 (638 total, 0 uniq crashes found, perf_score=114, exec_us=358, hits=2567, map=501)...[0m
[1;94m[*] [0mFuzzing test case #633 (638 total, 0 uniq crashes found, perf_score=172, exec_us=353, hits=690, map=258)...[0m
[1;93m[!] [1;97mWARNING: [0minstability detected during calibration
[0m
[1;94m[*] [0mFuzzing test case #638 (639 total, 0 uniq crashes found, perf_score=450, exec_us=437, hits=1, map=266)...[0m
[1;93m[!] [1;97mWARNING: [0minstability detected during calibration
[0m
[1;94m[*] [0mFuzzing test case #638 (640 total, 0 uniq crashes found, perf_score=258, exec_us=437, hits=144, map=266)...[0m
[1;94m[*] [0mFuzzing test case #408 (640 total, 0 uniq crashes found, perf_score=229, exec_us=386, hits=1242, map=537)...[0m
[1;94m[*] [0mFuzzing test case #455 (640 total, 0 uniq crashes found, perf_score=114, exec_us=358, hits=2581, map=501)...[0m
[1;94m[*] [0mFuzzing test case #455 (640 total, 0 uniq crashes found, perf_score=114, exec_us=358, hits=2602, map=501)...[0m
[1;94m[*] [0mFuzzing test case #555 (640 total, 0 uniq crashes found, perf_score=229, exec_us=380, hits=853, map=345)...[0m
[1;94m[*] [0mFuzzing test case #638 (640 total, 0 uniq crashes found, perf_score=258, exec_us=437, hits=189, map=266)...[0m
[1;94m[*] [0mFuzzing test case #638 (640 total, 0 uniq crashes found, perf_score=258, exec_us=437, hits=231, map=266)...[0m
[1;94m[*] [0mFuzzing test case #41 (640 total, 0 uniq crashes found, perf_score=114, exec_us=369, hits=74, map=478)...[0m
[1;94m[*] [0mFuzzing test case #455 (640 total, 0 uniq crashes found, perf_score=114, exec_us=358, hits=2610, map=501)...[0m
[1;94m[*] [0mFuzzing test case #120 (640 total, 0 uniq crashes found, perf_score=86, exec_us=379, hits=358, map=240)...[0m
[1;94m[*] [0mFuzzing test case #638 (640 total, 0 uniq crashes found, perf_score=258, exec_us=437, hits=264, map=266)...[0m
[1;94m[*] [0mFuzzing test case #455 (640 total, 0 uniq crashes found, perf_score=114, exec_us=358, hits=2622, map=501)...[0m
[1;94m[*] [0mFuzzing test case #455 (640 total, 0 uniq crashes found, perf_score=114, exec_us=358, hits=2634, map=501)...[0m
[1;94m[*] [0mFuzzing test case #455 (640 total, 0 uniq crashes found, perf_score=114, exec_us=358, hits=2649, map=501)...[0m
[1;94m[*] [0mFuzzing test case #455 (640 total, 0 uniq crashes found, perf_score=114, exec_us=358, hits=2665, map=501)...[0m
[1;94m[*] [0mFuzzing test case #433 (640 total, 0 uniq crashes found, perf_score=229, exec_us=368, hits=815, map=540)...[0m
[1;94m[*] [0mFuzzing test case #638 (640 total, 0 uniq crashes found, perf_score=258, exec_us=437, hits=307, map=266)...[0m
[1;94m[*] [0mFuzzing test case #113 (640 total, 0 uniq crashes found, perf_score=114, exec_us=442, hits=109, map=435)...[0m
[1;94m[*] [0mFuzzing test case #638 (640 total, 0 uniq crashes found, perf_score=258, exec_us=437, hits=344, map=266)...[0m
[1;93m[!] [1;97mWARNING: [0minstability detected during calibration
[0m
[1;94m[*] [0mFuzzing test case #455 (641 total, 0 uniq crashes found, perf_score=114, exec_us=358, hits=2679, map=501)...[0m
[1;94m[*] [0mFuzzing test case #638 (641 total, 0 uniq crashes found, perf_score=258, exec_us=437, hits=374, map=266)...[0m
[1;94m[*] [0mFuzzing test case #455 (641 total, 0 uniq crashes found, perf_score=114, exec_us=358, hits=2695, map=501)...[0m
[1;94m[*] [0mFuzzing test case #120 (641 total, 0 uniq crashes found, perf_score=86, exec_us=379, hits=396, map=240)...[0m
[1;94m[*] [0mFuzzing test case #522 (641 total, 0 uniq crashes found, perf_score=200, exec_us=509, hits=1, map=499)...[0m
[1;94m[*] [0mFuzzing test case #412 (641 total, 0 uniq crashes found, perf_score=229, exec_us=379, hits=125, map=538)...[0m
[1;94m[*] [0mFuzzing test case #638 (641 total, 0 uniq crashes found, perf_score=258, exec_us=437, hits=431, map=266)...[0m
[1;94m[*] [0mFuzzing test case #638 (641 total, 0 uniq crashes found, perf_score=258, exec_us=437, hits=476, map=266)...[0m
[1;94m[*] [0mFuzzing test case #455 (641 total, 0 uniq crashes found, perf_score=114, exec_us=358, hits=2705, map=501)...[0m
[1;94m[*] [0mFuzzing test case #433 (641 total, 0 uniq crashes found, perf_score=229, exec_us=368, hits=845, map=540)...[0m
[1;94m[*] [0mFuzzing test case #455 (641 total, 0 uniq crashes found, perf_score=114, exec_us=358, hits=2721, map=501)...[0m
[1;94m[*] [0mFuzzing test case #638 (641 total, 0 uniq crashes found, perf_score=258, exec_us=437, hits=537, map=266)...[0m
[1;94m[*] [0mFuzzing test case #455 (641 total, 0 uniq crashes found, perf_score=114, exec_us=358, hits=2741, map=501)...[0m
[1;94m[*] [0mFuzzing test case #455 (641 total, 0 uniq crashes found, perf_score=114, exec_us=358, hits=2753, map=501)...[0m
[1;94m[*] [0mFuzzing test case #384 (641 total, 0 uniq crashes found, perf_score=114, exec_us=370, hits=143, map=366)...[0m
[1;94m[*] [0mFuzzing test case #246 (641 total, 0 uniq crashes found, perf_score=86, exec_us=491, hits=111, map=218)...[0m
[1;94m[*] [0mFuzzing test case #455 (641 total, 0 uniq crashes found, perf_score=114, exec_us=358, hits=2770, map=501)...[0m
[1;94m[*] [0mFuzzing test case #455 (641 total, 0 uniq crashes found, perf_score=114, exec_us=358, hits=2784, map=501)...[0m
[1;94m[*] [0mFuzzing test case #583 (641 total, 0 uniq crashes found, perf_score=229, exec_us=412, hits=123, map=512)...[0m
[1;94m[*] [0mFuzzing test case #261 (641 total, 0 uniq crashes found, perf_score=114, exec_us=356, hits=34, map=471)...[0m
[1;94m[*] [0mFuzzing test case #638 (641 total, 0 uniq crashes found, perf_score=258, exec_us=437, hits=580, map=266)...[0m
[1;94m[*] [0mFuzzing test case #455 (641 total, 0 uniq crashes found, perf_score=114, exec_us=358, hits=2797, map=501)...[0m
[1;94m[*] [0mFuzzing test case #455 (641 total, 0 uniq crashes found, perf_score=114, exec_us=358, hits=2810, map=501)...[0m
[1;94m[*] [0mFuzzing test case #261 (641 total, 0 uniq crashes found, perf_score=114, exec_us=356, hits=67, map=471)...[0m
[1;94m[*] [0mFuzzing test case #384 (641 total, 0 uniq crashes found, perf_score=114, exec_us=370, hits=151, map=366)...[0m
[1;94m[*] [0mFuzzing test case #59 (641 total, 0 uniq crashes found, perf_score=114, exec_us=360, hits=130, map=473)...[0m
[1;94m[*] [0mFuzzing test case #104 (641 total, 0 uniq crashes found, perf_score=114, exec_us=370, hits=89, map=488)...[0m
[1;94m[*] [0mFuzzing test case #455 (641 total, 0 uniq crashes found, perf_score=114, exec_us=358, hits=2828, map=501)...[0m
[1;94m[*] [0mFuzzing test case #628 (641 total, 0 uniq crashes found, perf_score=258, exec_us=607, hits=12, map=519)...[0m
[1;94m[*] [0mFuzzing test case #262 (641 total, 0 uniq crashes found, perf_score=86, exec_us=399, hits=101, map=281)...[0m
[1;94m[*] [0mFuzzing test case #638 (641 total, 0 uniq crashes found, perf_score=258, exec_us=437, hits=616, map=266)...[0m
[1;94m[*] [0mFuzzing test case #292 (641 total, 0 uniq crashes found, perf_score=86, exec_us=384, hits=231, map=287)...[0m
[1;94m[*] [0mFuzzing test case #500 (641 total, 0 uniq crashes found, perf_score=172, exec_us=444, hits=399, map=284)...[0m
[1;94m[*] [0mFuzzing test case #455 (641 total, 0 uniq crashes found, perf_score=114, exec_us=358, hits=2844, map=501)...[0m
[1;94m[*] [0mFuzzing test case #638 (641 total, 0 uniq crashes found, perf_score=258, exec_us=437, hits=648, map=266)...[0m
[1;94m[*] [0mFuzzing test case #433 (641 total, 0 uniq crashes found, perf_score=229, exec_us=368, hits=861, map=540)...[0m
[1;94m[*] [0mFuzzing test case #55 (641 total, 0 uniq crashes found, perf_score=86, exec_us=422, hits=158, map=235)...[0m
[1;94m[*] [0mFuzzing test case #60 (641 total, 0 uniq crashes found, perf_score=86, exec_us=428, hits=59, map=240)...[0m
[1;94m[*] [0mFuzzing test case #408 (641 total, 0 uniq crashes found, perf_score=229, exec_us=386, hits=1253, map=537)...[0m
[1;93m[!] [1;97mWARNING: [0minstability detected during calibration
[0m
[1;94m[*] [0mFuzzing test case #638 (642 total, 0 uniq crashes found, perf_score=258, exec_us=437, hits=681, map=266)...[0m
[1;94m[*] [0mFuzzing test case #641 (642 total, 0 uniq crashes found, perf_score=400, exec_us=461, hits=1, map=545)...[0m
[1;93m[!] [1;97mWARNING: [0minstability detected during calibration
[0m
[1;94m[*] [0mFuzzing test case #455 (643 total, 0 uniq crashes found, perf_score=114, exec_us=358, hits=2858, map=501)...[0m
[1;94m[*] [0mFuzzing test case #455 (643 total, 0 uniq crashes found, perf_score=114, exec_us=358, hits=2875, map=501)...[0m
[1;94m[*] [0mFuzzing test case #159 (643 total, 0 uniq crashes found, perf_score=114, exec_us=356, hits=44, map=411)...[0m
[1;94m[*] [0mFuzzing test case #349 (643 total, 0 uniq crashes found, perf_score=86, exec_us=360, hits=89, map=248)...[0m
[1;94m[*] [0mFuzzing test case #311 (643 total, 0 uniq crashes found, perf_score=229, exec_us=368, hits=284, map=439)...[0m
[1;94m[*] [0mFuzzing test case #638 (643 total, 0 uniq crashes found, perf_score=258, exec_us=437, hits=725, map=266)...[0m
[1;94m[*] [0mFuzzing test case #455 (643 total, 0 uniq crashes found, perf_score=114, exec_us=358, hits=2890, map=501)...[0m
[1;94m[*] [0mFuzzing test case #638 (643 total, 0 uniq crashes found, perf_score=258, exec_us=437, hits=768, map=266)...[0m
[1;94m[*] [0mFuzzing test case #262 (643 total, 0 uniq crashes found, perf_score=86, exec_us=399, hits=139, map=281)...[0m
[1;94m[*] [0mFuzzing test case #557 (643 total, 0 uniq crashes found, perf_score=114, exec_us=371, hits=115, map=319)...[0m
[1;94m[*] [0mFuzzing test case #638 (643 total, 0 uniq crashes found, perf_score=258, exec_us=437, hits=808, map=266)...[0m
[1;94m[*] [0mFuzzing test case #10 (643 total, 0 uniq crashes found, perf_score=100, exec_us=400, hits=11, map=474)...[0m
[1;94m[*] [0mFuzzing test case #642 (643 total, 0 uniq crashes found, perf_score=200, exec_us=438, hits=1, map=519)...[0m
[1;94m[*] [0mFuzzing test case #433 (643 total, 0 uniq crashes found, perf_score=229, exec_us=368, hits=881, map=540)...[0m
[1;94m[*] [0mFuzzing test case #500 (643 total, 0 uniq crashes found, perf_score=172, exec_us=444, hits=463, map=284)...[0m
[1;94m[*] [0mFuzzing test case #554 (643 total, 0 uniq crashes found, perf_score=229, exec_us=337, hits=291, map=292)...[0m
[1;94m[*] [0mFuzzing test case #638 (643 total, 0 uniq crashes found, perf_score=258, exec_us=437, hits=862, map=266)...[0m
[1;94m[*] [0mFuzzing test case #348 (643 total, 0 uniq crashes found, perf_score=114, exec_us=355, hits=100, map=322)...[0m
[1;94m[*] [0mFuzzing test case #638 (643 total, 0 uniq crashes found, perf_score=258, exec_us=437, hits=888, map=266)...[0m
[1;94m[*] [0mFuzzing test case #638 (643 total, 0 uniq crashes found, perf_score=258, exec_us=437, hits=919, map=266)...[0m
[1;94m[*] [0mFuzzing test case #455 (643 total, 0 uniq crashes found, perf_score=114, exec_us=358, hits=2909, map=501)...[0m
[1;94m[*] [0mFuzzing test case #455 (643 total, 0 uniq crashes found, perf_score=114, exec_us=358, hits=2926, map=501)...[0m
[1;94m[*] [0mFuzzing test case #433 (643 total, 0 uniq crashes found, perf_score=229, exec_us=368, hits=905, map=540)...[0m
[1;94m[*] [0mFuzzing test case #475 (643 total, 0 uniq crashes found, perf_score=229, exec_us=355, hits=364, map=521)...[0m
[1;93m[!] [1;97mWARNING: [0minstability detected during calibration
[0m
[1;94m[*] [0mFuzzing test case #384 (644 total, 0 uniq crashes found, perf_score=114, exec_us=370, hits=161, map=366)...[0m
[1;94m[*] [0mFuzzing test case #532 (644 total, 0 uniq crashes found, perf_score=229, exec_us=372, hits=118, map=488)...[0m
[1;94m[*] [0mFuzzing test case #455 (644 total, 0 uniq crashes found, perf_score=114, exec_us=358, hits=2939, map=501)...[0m
[1;94m[*] [0mFuzzing test case #500 (644 total, 0 uniq crashes found, perf_score=172, exec_us=444, hits=501, map=284)...[0m
[1;94m[*] [0mFuzzing test case #638 (644 total, 0 uniq crashes found, perf_score=258, exec_us=437, hits=965, map=266)...[0m
[1;94m[*] [0mFuzzing test case #118 (644 total, 0 uniq crashes found, perf_score=86, exec_us=366, hits=111, map=242)...[0m
[1;94m[*] [0mFuzzing test case #455 (644 total, 0 uniq crashes found, perf_score=114, exec_us=358, hits=2954, map=501)...[0m
[1;94m[*] [0mFuzzing test case #455 (644 total, 0 uniq crashes found, perf_score=114, exec_us=358, hits=2961, map=501)...[0m
[1;94m[*] [0mFuzzing test case #181 (644 total, 0 uniq crashes found, perf_score=100, exec_us=409, hits=1, map=488)...[0m
[1;94m[*] [0mFuzzing test case #455 (644 total, 0 uniq crashes found, perf_score=114, exec_us=358, hits=2977, map=501)...[0m
[1;94m[*] [0mFuzzing test case #638 (644 total, 0 uniq crashes found, perf_score=258, exec_us=437, hits=1008, map=266)...[0m
[1;94m[*] [0mFuzzing test case #104 (644 total, 0 uniq crashes found, perf_score=114, exec_us=370, hits=126, map=488)...[0m
[1;94m[*] [0mFuzzing test case #455 (644 total, 0 uniq crashes found, perf_score=114, exec_us=358, hits=2994, map=501)...[0m
[1;94m[*] [0mFuzzing test case #375 (644 total, 0 uniq crashes found, perf_score=114, exec_us=388, hits=70, map=554)...[0m
[1;94m[*] [0mFuzzing test case #433 (644 total, 0 uniq crashes found, perf_score=229, exec_us=368, hits=931, map=540)...[0m
[1;94m[*] [0mFuzzing test case #276 (644 total, 0 uniq crashes found, perf_score=172, exec_us=344, hits=341, map=218)...[0m
[1;94m[*] [0mFuzzing test case #120 (644 total, 0 uniq crashes found, perf_score=86, exec_us=379, hits=440, map=240)...[0m
[1;94m[*] [0mFuzzing test case #59 (644 total, 0 uniq crashes found, perf_score=114, exec_us=360, hits=144, map=473)...[0m
[1;94m[*] [0mFuzzing test case #623 (644 total, 0 uniq crashes found, perf_score=200, exec_us=398, hits=1, map=504)...[0m
[1;93m[!] [1;97mWARNING: [0minstability detected during calibration
[0m
[1;94m[*] [0mFuzzing test case #638 (645 total, 0 uniq crashes found, perf_score=258, exec_us=437, hits=1045, map=266)...[0m
[1;94m[*] [0mFuzzing test case #276 (645 total, 0 uniq crashes found, perf_score=172, exec_us=344, hits=462, map=218)...[0m
[1;94m[*] [0mFuzzing test case #638 (645 total, 0 uniq crashes found, perf_score=258, exec_us=437, hits=1081, map=266)...[0m
[1;94m[*] [0mFuzzing test case #638 (645 total, 0 uniq crashes found, perf_score=258, exec_us=437, hits=1127, map=266)...[0m
[1;94m[*] [0mFuzzing test case #433 (645 total, 0 uniq crashes found, perf_score=229, exec_us=368, hits=948, map=540)...[0m
[1;94m[*] [0mFuzzing test case #455 (645 total, 0 uniq crashes found, perf_score=114, exec_us=358, hits=3008, map=501)...[0m
[1;94m[*] [0mFuzzing test case #642 (645 total, 0 uniq crashes found, perf_score=690, exec_us=438, hits=9, map=519)...[0m
[1;94m[*] [0mFuzzing test case #384 (645 total, 0 uniq crashes found, perf_score=114, exec_us=370, hits=172, map=366)...[0m
[1;94m[*] [0mFuzzing test case #638 (645 total, 0 uniq crashes found, perf_score=258, exec_us=437, hits=1174, map=266)...[0m
[1;94m[*] [0mFuzzing test case #455 (645 total, 0 uniq crashes found, perf_score=114, exec_us=358, hits=3019, map=501)...[0m
[1;94m[*] [0mFuzzing test case #455 (645 total, 0 uniq crashes found, perf_score=114, exec_us=358, hits=3033, map=501)...[0m
[1;94m[*] [0mFuzzing test case #455 (645 total, 0 uniq crashes found, perf_score=114, exec_us=358, hits=3049, map=501)...[0m
[1;94m[*] [0mFuzzing test case #638 (645 total, 0 uniq crashes found, perf_score=258, exec_us=437, hits=1205, map=266)...[0m
[1;94m[*] [0mFuzzing test case #319 (645 total, 0 uniq crashes found, perf_score=60, exec_us=362, hits=18633, map=282)...[0m
[1;94m[*] [0mFuzzing test case #102 (645 total, 0 uniq crashes found, perf_score=114, exec_us=452, hits=124, map=423)...[0m
[1;94m[*] [0mFuzzing test case #455 (645 total, 0 uniq crashes found, perf_score=114, exec_us=358, hits=3062, map=501)...[0m
[1;94m[*] [0mFuzzing test case #455 (645 total, 0 uniq crashes found, perf_score=114, exec_us=358, hits=3076, map=501)...[0m
[1;94m[*] [0mFuzzing test case #638 (645 total, 0 uniq crashes found, perf_score=258, exec_us=437, hits=1254, map=266)...[0m
[1;94m[*] [0mFuzzing test case #477 (645 total, 0 uniq crashes found, perf_score=229, exec_us=331, hits=231, map=518)...[0m
[1;93m[!] [1;97mWARNING: [0minstability detected during calibration
[0m
[1;93m[!] [1;97mWARNING: [0minstability detected during calibration
[0m
[1;94m[*] [0mFuzzing test case #455 (647 total, 0 uniq crashes found, perf_score=114, exec_us=358, hits=3087, map=501)...[0m
[1;94m[*] [0mFuzzing test case #433 (647 total, 0 uniq crashes found, perf_score=229, exec_us=368, hits=979, map=540)...[0m
[1;94m[*] [0mFuzzing test case #320 (647 total, 0 uniq crashes found, perf_score=114, exec_us=359, hits=44, map=320)...[0m
[1;94m[*] [0mFuzzing test case #638 (647 total, 0 uniq crashes found, perf_score=258, exec_us=437, hits=1299, map=266)...[0m
[1;93m[!] [1;97mWARNING: [0minstability detected during calibration
[0m
[1;94m[*] [0mFuzzing test case #455 (648 total, 0 uniq crashes found, perf_score=114, exec_us=358, hits=3105, map=501)...[0m
[1;94m[*] [0mFuzzing test case #433 (648 total, 0 uniq crashes found, perf_score=229, exec_us=368, hits=1006, map=540)...[0m
[1;94m[*] [0mFuzzing test case #147 (648 total, 0 uniq crashes found, perf_score=114, exec_us=401, hits=61, map=523)...[0m
[1;94m[*] [0mFuzzing test case #455 (648 total, 0 uniq crashes found, perf_score=114, exec_us=358, hits=3117, map=501)...[0m
[1;94m[*] [0mFuzzing test case #433 (648 total, 0 uniq crashes found, perf_score=229, exec_us=368, hits=1034, map=540)...[0m
[1;94m[*] [0mFuzzing test case #261 (648 total, 0 uniq crashes found, perf_score=114, exec_us=356, hits=98, map=471)...[0m
[1;94m[*] [0mFuzzing test case #638 (648 total, 0 uniq crashes found, perf_score=258, exec_us=437, hits=1347, map=266)...[0m
[1;94m[*] [0mFuzzing test case #433 (648 total, 0 uniq crashes found, perf_score=229, exec_us=368, hits=1068, map=540)...[0m
[1;94m[*] [0mFuzzing test case #455 (648 total, 0 uniq crashes found, perf_score=114, exec_us=358, hits=3128, map=501)...[0m
[1;94m[*] [0mFuzzing test case #37 (648 total, 0 uniq crashes found, perf_score=86, exec_us=344, hits=194, map=243)...[0m
[1;94m[*] [0mFuzzing test case #433 (648 total, 0 uniq crashes found, perf_score=229, exec_us=368, hits=1100, map=540)...[0m
[1;94m[*] [0mFuzzing test case #460 (648 total, 0 uniq crashes found, perf_score=114, exec_us=388, hits=65, map=492)...[0m
[1;94m[*] [0mFuzzing test case #455 (648 total, 0 uniq crashes found, perf_score=114, exec_us=358, hits=3144, map=501)...[0m
[1;94m[*] [0mFuzzing test case #455 (648 total, 0 uniq crashes found, perf_score=114, exec_us=358, hits=3163, map=501)...[0m
[1;94m[*] [0mFuzzing test case #638 (648 total, 0 uniq crashes found, perf_score=258, exec_us=437, hits=1376, map=266)...[0m
[1;94m[*] [0mFuzzing test case #500 (648 total, 0 uniq crashes found, perf_score=172, exec_us=444, hits=545, map=284)...[0m
[1;94m[*] [0mFuzzing test case #455 (648 total, 0 uniq crashes found, perf_score=114, exec_us=358, hits=3177, map=501)...[0m
[1;94m[*] [0mFuzzing test case #455 (648 total, 0 uniq crashes found, perf_score=114, exec_us=358, hits=3192, map=501)...[0m
[1;94m[*] [0mFuzzing test case #455 (648 total, 0 uniq crashes found, perf_score=114, exec_us=358, hits=3207, map=501)...[0m
[1;94m[*] [0mFuzzing test case #455 (648 total, 0 uniq crashes found, perf_score=114, exec_us=358, hits=3220, map=501)...[0m
[1;94m[*] [0mFuzzing test case #638 (648 total, 0 uniq crashes found, perf_score=258, exec_us=437, hits=1418, map=266)...[0m
[1;94m[*] [0mFuzzing test case #638 (648 total, 0 uniq crashes found, perf_score=258, exec_us=437, hits=1465, map=266)...[0m
[1;94m[*] [0mFuzzing test case #546 (648 total, 0 uniq crashes found, perf_score=229, exec_us=380, hits=319, map=511)...[0m
[1;94m[*] [0mFuzzing test case #118 (648 total, 0 uniq crashes found, perf_score=86, exec_us=366, hits=188, map=242)...[0m
[1;94m[*] [0mFuzzing test case #242 (648 total, 0 uniq crashes found, perf_score=114, exec_us=445, hits=159, map=290)...[0m
[1;94m[*] [0mFuzzing test case #455 (648 total, 0 uniq crashes found, perf_score=114, exec_us=358, hits=3236, map=501)...[0m
[1;94m[*] [0mFuzzing test case #455 (648 total, 0 uniq crashes found, perf_score=114, exec_us=358, hits=3254, map=501)...[0m
[1;94m[*] [0mFuzzing test case #311 (648 total, 0 uniq crashes found, perf_score=229, exec_us=368, hits=326, map=439)...[0m
[1;94m[*] [0mFuzzing test case #638 (648 total, 0 uniq crashes found, perf_score=258, exec_us=437, hits=1512, map=266)...[0m
[1;94m[*] [0mFuzzing test case #115 (648 total, 0 uniq crashes found, perf_score=75, exec_us=392, hits=1, map=285)...[0m
[1;94m[*] [0mFuzzing test case #455 (648 total, 0 uniq crashes found, perf_score=114, exec_us=358, hits=3270, map=501)...[0m
[1;94m[*] [0mFuzzing test case #532 (648 total, 0 uniq crashes found, perf_score=229, exec_us=372, hits=152, map=488)...[0m
[1;94m[*] [0mFuzzing test case #455 (648 total, 0 uniq crashes found, perf_score=114, exec_us=358, hits=3279, map=501)...[0m
[1;94m[*] [0mFuzzing test case #455 (648 total, 0 uniq crashes found, perf_score=114, exec_us=358, hits=3295, map=501)...[0m
[1;94m[*] [0mFuzzing test case #242 (648 total, 0 uniq crashes found, perf_score=114, exec_us=445, hits=225, map=290)...[0m
[1;94m[*] [0mFuzzing test case #373 (648 total, 0 uniq crashes found, perf_score=86, exec_us=460, hits=46, map=257)...[0m
[1;94m[*] [0mFuzzing test case #455 (648 total, 0 uniq crashes found, perf_score=114, exec_us=358, hits=3307, map=501)...[0m
[1;94m[*] [0mFuzzing test case #433 (648 total, 0 uniq crashes found, perf_score=229, exec_us=368, hits=1122, map=540)...[0m
[1;94m[*] [0mFuzzing test case #167 (648 total, 0 uniq crashes found, perf_score=114, exec_us=364, hits=103, map=425)...[0m
[1;94m[*] [0mFuzzing test case #311 (648 total, 0 uniq crashes found, perf_score=229, exec_us=368, hits=346, map=439)...[0m
[1;94m[*] [0mFuzzing test case #282 (648 total, 0 uniq crashes found, perf_score=100, exec_us=507, hits=1, map=497)...[0m
[1;94m[*] [0mFuzzing test case #638 (648 total, 0 uniq crashes found, perf_score=258, exec_us=437, hits=1550, map=266)...[0m
[1;94m[*] [0mFuzzing test case #1 (648 total, 0 uniq crashes found, perf_score=459, exec_us=371, hits=0, map=496)...[0m
[1;94m[*] [0mFuzzing test case #455 (648 total, 0 uniq crashes found, perf_score=114, exec_us=358, hits=3321, map=501)...[0m
[1;94m[*] [0mFuzzing test case #500 (648 total, 0 uniq crashes found, perf_score=172, exec_us=444, hits=609, map=284)...[0m
[1;94m[*] [0mFuzzing test case #433 (648 total, 0 uniq crashes found, perf_score=229, exec_us=368, hits=1138, map=540)...[0m
[1;94m[*] [0mFuzzing test case #291 (648 total, 0 uniq crashes found, perf_score=40, exec_us=379, hits=788, map=511)...[0m
[1;94m[*] [0mFuzzing test case #455 (648 total, 0 uniq crashes found, perf_score=114, exec_us=358, hits=3332, map=501)...[0m
[1;94m[*] [0mFuzzing test case #455 (648 total, 0 uniq crashes found, perf_score=114, exec_us=358, hits=3348, map=501)...[0m
[1;94m[*] [0mFuzzing test case #415 (648 total, 0 uniq crashes found, perf_score=229, exec_us=372, hits=1503, map=531)...[0m
[1;94m[*] [0mFuzzing test case #638 (648 total, 0 uniq crashes found, perf_score=258, exec_us=437, hits=1591, map=266)...[0m
[1;94m[*] [0mFuzzing test case #375 (648 total, 0 uniq crashes found, perf_score=114, exec_us=388, hits=84, map=554)...[0m
[1;94m[*] [0mFuzzing test case #120 (648 total, 0 uniq crashes found, perf_score=86, exec_us=379, hits=482, map=240)...[0m
[1;94m[*] [0mFuzzing test case #94 (648 total, 0 uniq crashes found, perf_score=86, exec_us=367, hits=36, map=279)...[0m
[1;94m[*] [0mFuzzing test case #638 (648 total, 0 uniq crashes found, perf_score=258, exec_us=437, hits=1623, map=266)...[0m
[1;94m[*] [0mFuzzing test case #455 (648 total, 0 uniq crashes found, perf_score=114, exec_us=358, hits=3366, map=501)...[0m
[1;94m[*] [0mFuzzing test case #455 (648 total, 0 uniq crashes found, perf_score=114, exec_us=358, hits=3388, map=501)...[0m
[1;94m[*] [0mFuzzing test case #638 (648 total, 0 uniq crashes found, perf_score=258, exec_us=437, hits=1668, map=266)...[0m
[1;94m[*] [0mFuzzing test case #638 (648 total, 0 uniq crashes found, perf_score=258, exec_us=437, hits=1706, map=266)...[0m
[1;94m[*] [0mFuzzing test case #455 (648 total, 0 uniq crashes found, perf_score=114, exec_us=358, hits=3407, map=501)...[0m
[1;94m[*] [0mFuzzing test case #455 (648 total, 0 uniq crashes found, perf_score=114, exec_us=358, hits=3424, map=501)...[0m
[1;94m[*] [0mFuzzing test case #638 (648 total, 0 uniq crashes found, perf_score=258, exec_us=437, hits=1764, map=266)...[0m
[1;94m[*] [0mFuzzing test case #56 (648 total, 0 uniq crashes found, perf_score=114, exec_us=415, hits=134, map=312)...[0m
[1;94m[*] [0mFuzzing test case #433 (648 total, 0 uniq crashes found, perf_score=229, exec_us=368, hits=1165, map=540)...[0m
[1;94m[*] [0mFuzzing test case #455 (648 total, 0 uniq crashes found, perf_score=114, exec_us=358, hits=3436, map=501)...[0m
[1;94m[*] [0mFuzzing test case #396 (648 total, 0 uniq crashes found, perf_score=200, exec_us=510, hits=1, map=515)...[0m
[1;94m[*] [0mFuzzing test case #351 (648 total, 0 uniq crashes found, perf_score=114, exec_us=348, hits=65, map=392)...[0m
[1;94m[*] [0mFuzzing test case #455 (648 total, 0 uniq crashes found, perf_score=114, exec_us=358, hits=3446, map=501)...[0m
[1;94m[*] [0mFuzzing test case #75 (648 total, 0 uniq crashes found, perf_score=114, exec_us=411, hits=90, map=376)...[0m
[1;94m[*] [0mFuzzing test case #120 (648 total, 0 uniq crashes found, perf_score=86, exec_us=379, hits=528, map=240)...[0m
[1;94m[*] [0mFuzzing test case #320 (648 total, 0 uniq crashes found, perf_score=114, exec_us=359, hits=84, map=320)...[0m
[1;94m[*] [0mFuzzing test case #383 (648 total, 0 uniq crashes found, perf_score=100, exec_us=408, hits=1, map=341)...[0m
[1;94m[*] [0mFuzzing test case #455 (648 total, 0 uniq crashes found, perf_score=114, exec_us=358, hits=3466, map=501)...[0m
[1;94m[*] [0mFuzzing test case #638 (648 total, 0 uniq crashes found, perf_score=258, exec_us=437, hits=1817, map=266)...[0m
[1;94m[*] [0mFuzzing test case #261 (648 total, 0 uniq crashes found, perf_score=114, exec_us=356, hits=137, map=471)...[0m
[1;94m[*] [0mFuzzing test case #455 (648 total, 0 uniq crashes found, perf_score=114, exec_us=358, hits=3479, map=501)...[0m
[1;94m[*] [0mFuzzing test case #455 (648 total, 0 uniq crashes found, perf_score=114, exec_us=358, hits=3497, map=501)...[0m
[1;94m[*] [0mFuzzing test case #638 (648 total, 0 uniq crashes found, perf_score=258, exec_us=437, hits=1849, map=266)...[0m
[1;94m[*] [0mFuzzing test case #455 (648 total, 0 uniq crashes found, perf_score=114, exec_us=358, hits=3514, map=501)...[0m
[1;94m[*] [0mFuzzing test case #271 (648 total, 0 uniq crashes found, perf_score=200, exec_us=435, hits=1, map=468)...[0m
[1;94m[*] [0mFuzzing test case #433 (648 total, 0 uniq crashes found, perf_score=229, exec_us=368, hits=1186, map=540)...[0m
[1;94m[*] [0mFuzzing test case #455 (648 total, 0 uniq crashes found, perf_score=114, exec_us=358, hits=3526, map=501)...[0m
[1;94m[*] [0mFuzzing test case #500 (648 total, 0 uniq crashes found, perf_score=172, exec_us=444, hits=657, map=284)...[0m
[1;94m[*] [0mFuzzing test case #455 (648 total, 0 uniq crashes found, perf_score=114, exec_us=358, hits=3539, map=501)...[0m
[1;94m[*] [0mFuzzing test case #613 (648 total, 0 uniq crashes found, perf_score=114, exec_us=357, hits=86, map=467)...[0m
[1;94m[*] [0mFuzzing test case #38 (648 total, 0 uniq crashes found, perf_score=114, exec_us=387, hits=42, map=291)...[0m
[1;94m[*] [0mFuzzing test case #455 (648 total, 0 uniq crashes found, perf_score=114, exec_us=358, hits=3556, map=501)...[0m
[1;94m[*] [0mFuzzing test case #455 (648 total, 0 uniq crashes found, perf_score=114, exec_us=358, hits=3569, map=501)...[0m
[1;94m[*] [0mFuzzing test case #455 (648 total, 0 uniq crashes found, perf_score=114, exec_us=358, hits=3578, map=501)...[0m
[1;94m[*] [0mFuzzing test case #477 (648 total, 0 uniq crashes found, perf_score=229, exec_us=331, hits=284, map=518)...[0m
[1;94m[*] [0mFuzzing test case #638 (648 total, 0 uniq crashes found, perf_score=258, exec_us=437, hits=1886, map=266)...[0m
[1;93m[!] [1;97mWARNING: [0minstability detected during calibration
[0m
[1;94m[*] [0mFuzzing test case #638 (649 total, 0 uniq crashes found, perf_score=258, exec_us=437, hits=1930, map=266)...[0m
[1;94m[*] [0mFuzzing test case #455 (649 total, 0 uniq crashes found, perf_score=114, exec_us=358, hits=3593, map=501)...[0m
[1;94m[*] [0mFuzzing test case #455 (649 total, 0 uniq crashes found, perf_score=114, exec_us=358, hits=3601, map=501)...[0m
[1;94m[*] [0mFuzzing test case #555 (649 total, 0 uniq crashes found, perf_score=229, exec_us=380, hits=888, map=345)...[0m
[1;93m[!] [1;97mWARNING: [0minstability detected during calibration
[0m
[1;94m[*] [0mFuzzing test case #455 (650 total, 0 uniq crashes found, perf_score=114, exec_us=358, hits=3619, map=501)...[0m
[1;94m[*] [0mFuzzing test case #455 (650 total, 0 uniq crashes found, perf_score=114, exec_us=358, hits=3630, map=501)...[0m
[1;94m[*] [0mFuzzing test case #455 (650 total, 0 uniq crashes found, perf_score=114, exec_us=358, hits=3652, map=501)...[0m
[1;94m[*] [0mFuzzing test case #638 (650 total, 0 uniq crashes found, perf_score=258, exec_us=437, hits=1971, map=266)...[0m
[1;94m[*] [0mFuzzing test case #455 (650 total, 0 uniq crashes found, perf_score=114, exec_us=358, hits=3672, map=501)...[0m
[1;94m[*] [0mFuzzing test case #638 (650 total, 0 uniq crashes found, perf_score=258, exec_us=437, hits=2016, map=266)...[0m
[1;94m[*] [0mFuzzing test case #343 (650 total, 0 uniq crashes found, perf_score=100, exec_us=402, hits=1, map=354)...[0m
[1;94m[*] [0mFuzzing test case #649 (650 total, 0 uniq crashes found, perf_score=200, exec_us=487, hits=1, map=337)...[0m
[1;94m[*] [0mFuzzing test case #638 (650 total, 0 uniq crashes found, perf_score=258, exec_us=437, hits=2053, map=266)...[0m
[1;94m[*] [0mFuzzing test case #638 (650 total, 0 uniq crashes found, perf_score=258, exec_us=437, hits=2112, map=266)...[0m
[1;94m[*] [0mFuzzing test case #455 (650 total, 0 uniq crashes found, perf_score=114, exec_us=358, hits=3689, map=501)...[0m
[1;94m[*] [0mFuzzing test case #638 (650 total, 0 uniq crashes found, perf_score=258, exec_us=437, hits=2149, map=266)...[0m
[1;94m[*] [0mFuzzing test case #384 (650 total, 0 uniq crashes found, perf_score=114, exec_us=370, hits=179, map=366)...[0m
[1;94m[*] [0mFuzzing test case #455 (650 total, 0 uniq crashes found, perf_score=114, exec_us=358, hits=3701, map=501)...[0m
[1;94m[*] [0mFuzzing test case #455 (650 total, 0 uniq crashes found, perf_score=114, exec_us=358, hits=3715, map=501)...[0m
[1;94m[*] [0mFuzzing test case #104 (650 total, 0 uniq crashes found, perf_score=114, exec_us=370, hits=158, map=488)...[0m
[1;94m[*] [0mFuzzing test case #638 (650 total, 0 uniq crashes found, perf_score=258, exec_us=437, hits=2187, map=266)...[0m
[1;94m[*] [0mFuzzing test case #455 (650 total, 0 uniq crashes found, perf_score=114, exec_us=358, hits=3727, map=501)...[0m
[1;94m[*] [0mFuzzing test case #638 (650 total, 0 uniq crashes found, perf_score=258, exec_us=437, hits=2230, map=266)...[0m
[1;94m[*] [0mFuzzing test case #364 (650 total, 0 uniq crashes found, perf_score=114, exec_us=376, hits=82, map=295)...[0m
[1;94m[*] [0mFuzzing test case #455 (650 total, 0 uniq crashes found, perf_score=114, exec_us=358, hits=3740, map=501)...[0m
[1;94m[*] [0mFuzzing test case #120 (650 total, 0 uniq crashes found, perf_score=86, exec_us=379, hits=572, map=240)...[0m
[1;94m[*] [0mFuzzing test case #500 (650 total, 0 uniq crashes found, perf_score=172, exec_us=444, hits=706, map=284)...[0m
[1;94m[*] [0mFuzzing test case #455 (650 total, 0 uniq crashes found, perf_score=114, exec_us=358, hits=3749, map=501)...[0m
[1;94m[*] [0mFuzzing test case #455 (650 total, 0 uniq crashes found, perf_score=114, exec_us=358, hits=3761, map=501)...[0m
[1;94m[*] [0mFuzzing test case #532 (650 total, 0 uniq crashes found, perf_score=229, exec_us=372, hits=173, map=488)...[0m
[1;94m[*] [0mFuzzing test case #433 (650 total, 0 uniq crashes found, perf_score=229, exec_us=368, hits=1214, map=540)...[0m
[1;94m[*] [0mFuzzing test case #502 (650 total, 0 uniq crashes found, perf_score=229, exec_us=365, hits=386, map=494)...[0m
[1;94m[*] [0mFuzzing test case #455 (650 total, 0 uniq crashes found, perf_score=114, exec_us=358, hits=3777, map=501)...[0m
[1;94m[*] [0mFuzzing test case #455 (650 total, 0 uniq crashes found, perf_score=114, exec_us=358, hits=3793, map=501)...[0m
[1;94m[*] [0mFuzzing test case #113 (650 total, 0 uniq crashes found, perf_score=114, exec_us=442, hits=146, map=435)...[0m
[1;94m[*] [0mFuzzing test case #147 (650 total, 0 uniq crashes found, perf_score=114, exec_us=401, hits=69, map=523)...[0m
[1;94m[*] [0mFuzzing test case #502 (650 total, 0 uniq crashes found, perf_score=229, exec_us=365, hits=398, map=494)...[0m
[1;94m[*] [0mFuzzing test case #433 (650 total, 0 uniq crashes found, perf_score=229, exec_us=368, hits=1233, map=540)...[0m
[1;94m[*] [0mFuzzing test case #638 (650 total, 0 uniq crashes found, perf_score=258, exec_us=437, hits=2279, map=266)...[0m
[1;94m[*] [0mFuzzing test case #455 (650 total, 0 uniq crashes found, perf_score=114, exec_us=358, hits=3817, map=501)...[0m
[1;94m[*] [0mFuzzing test case #455 (650 total, 0 uniq crashes found, perf_score=114, exec_us=358, hits=3831, map=501)...[0m
[1;94m[*] [0mFuzzing test case #638 (650 total, 0 uniq crashes found, perf_score=258, exec_us=437, hits=2321, map=266)...[0m
[1;94m[*] [0mFuzzing test case #638 (650 total, 0 uniq crashes found, perf_score=258, exec_us=437, hits=2352, map=266)...[0m
[1;94m[*] [0mFuzzing test case #502 (650 total, 0 uniq crashes found, perf_score=229, exec_us=365, hits=419, map=494)...[0m
[1;94m[*] [0mFuzzing test case #532 (650 total, 0 uniq crashes found, perf_score=229, exec_us=372, hits=198, map=488)...[0m
[1;93m[!] [1;97mWARNING: [0minstability detected during calibration
[0m
[1;94m[*] [0mFuzzing test case #455 (651 total, 0 uniq crashes found, perf_score=114, exec_us=358, hits=3849, map=501)...[0m
[1;94m[*] [0mFuzzing test case #475 (651 total, 0 uniq crashes found, perf_score=229, exec_us=355, hits=496, map=521)...[0m
[1;94m[*] [0mFuzzing test case #638 (651 total, 0 uniq crashes found, perf_score=258, exec_us=437, hits=2380, map=266)...[0m
[1;93m[!] [1;97mWARNING: [0minstability detected during calibration
[0m
[1;94m[*] [0mFuzzing test case #618 (652 total, 0 uniq crashes found, perf_score=200, exec_us=362, hits=1, map=343)...[0m
[1;93m[!] [1;97mWARNING: [0minstability detected during calibration
[0m
[1;94m[*] [0mFuzzing test case #652 (653 total, 0 uniq crashes found, perf_score=400, exec_us=398, hits=1, map=307)...[0m
[1;94m[*] [0mFuzzing test case #455 (653 total, 0 uniq crashes found, perf_score=114, exec_us=358, hits=3859, map=501)...[0m
[1;94m[*] [0mFuzzing test case #651 (653 total, 0 uniq crashes found, perf_score=300, exec_us=403, hits=1, map=481)...[0m
[1;93m[!] [1;97mWARNING: [0minstability detected during calibration
[0m
[1;94m[*] [0mFuzzing test case #433 (654 total, 0 uniq crashes found, perf_score=229, exec_us=368, hits=1247, map=540)...[0m
[1;94m[*] [0mFuzzing test case #653 (654 total, 0 uniq crashes found, perf_score=600, exec_us=396, hits=1, map=317)...[0m
[1;93m[!] [1;97mWARNING: [0minstability detected during calibration
[0m
[1;93m[!] [1;97mWARNING: [0minstability detected during calibration
[0m
[1;93m[!] [1;97mWARNING: [0minstability detected during calibration
[0m
[1;93m[!] [1;97mWARNING: [0minstability detected during calibration
[0m
[1;93m[!] [1;97mWARNING: [0minstability detected during calibration
[0m
[1;94m[*] [0mFuzzing test case #655 (659 total, 0 uniq crashes found, perf_score=600, exec_us=424, hits=1, map=320)...[0m
[1;94m[*] [0mFuzzing test case #658 (659 total, 0 uniq crashes found, perf_score=300, exec_us=342, hits=1, map=315)...[0m
[1;94m[*] [0mFuzzing test case #455 (659 total, 0 uniq crashes found, perf_score=114, exec_us=358, hits=3872, map=501)...[0m
[1;94m[*] [0mFuzzing test case #655 (659 total, 0 uniq crashes found, perf_score=345, exec_us=424, hits=267, map=320)...[0m
[1;94m[*] [0mFuzzing test case #415 (659 total, 0 uniq crashes found, perf_score=229, exec_us=372, hits=1522, map=531)...[0m
[1;94m[*] [0mFuzzing test case #654 (659 total, 0 uniq crashes found, perf_score=300, exec_us=375, hits=1, map=313)...[0m
[1;94m[*] [0mFuzzing test case #455 (659 total, 0 uniq crashes found, perf_score=114, exec_us=358, hits=3881, map=501)...[0m
[1;94m[*] [0mFuzzing test case #455 (659 total, 0 uniq crashes found, perf_score=114, exec_us=358, hits=3900, map=501)...[0m
[1;94m[*] [0mFuzzing test case #638 (659 total, 0 uniq crashes found, perf_score=258, exec_us=437, hits=2424, map=266)...[0m
[1;94m[*] [0mFuzzing test case #455 (659 total, 0 uniq crashes found, perf_score=114, exec_us=358, hits=3922, map=501)...[0m
[1;94m[*] [0mFuzzing test case #656 (659 total, 0 uniq crashes found, perf_score=300, exec_us=413, hits=1, map=299)...[0m
[1;94m[*] [0mFuzzing test case #132 (659 total, 0 uniq crashes found, perf_score=100, exec_us=455, hits=1, map=499)...[0m
[1;94m[*] [0mFuzzing test case #638 (659 total, 0 uniq crashes found, perf_score=258, exec_us=437, hits=2451, map=266)...[0m
[1;94m[*] [0mFuzzing test case #638 (659 total, 0 uniq crashes found, perf_score=258, exec_us=437, hits=2473, map=266)...[0m
[1;94m[*] [0mFuzzing test case #455 (659 total, 0 uniq crashes found, perf_score=114, exec_us=358, hits=3932, map=501)...[0m
[1;94m[*] [0mFuzzing test case #638 (659 total, 0 uniq crashes found, perf_score=258, exec_us=437, hits=2509, map=266)...[0m
[1;94m[*] [0mFuzzing test case #455 (659 total, 0 uniq crashes found, perf_score=114, exec_us=358, hits=3946, map=501)...[0m
[1;94m[*] [0mFuzzing test case #107 (659 total, 0 uniq crashes found, perf_score=100, exec_us=455, hits=1, map=520)...[0m
[1;93m[!] [1;97mWARNING: [0minstability detected during calibration
[0m
[1;93m[!] [1;97mWARNING: [0minstability detected during calibration
[0m
[1;94m[*] [0mFuzzing test case #660 (661 total, 0 uniq crashes found, perf_score=200, exec_us=408, hits=1, map=491)...[0m
[1;93m[!] [1;97mWARNING: [0minstability detected during calibration
[0m
[1;94m[*] [0mFuzzing test case #661 (662 total, 0 uniq crashes found, perf_score=400, exec_us=417, hits=1, map=502)...[0m
[1;94m[*] [0mFuzzing test case #455 (662 total, 0 uniq crashes found, perf_score=114, exec_us=358, hits=3966, map=501)...[0m
[1;94m[*] [0mFuzzing test case #41 (662 total, 0 uniq crashes found, perf_score=114, exec_us=369, hits=88, map=478)...[0m
[1;94m[*] [0mFuzzing test case #489 (662 total, 0 uniq crashes found, perf_score=200, exec_us=373, hits=4, map=499)...[0m
[1;94m[*] [0mFuzzing test case #455 (662 total, 0 uniq crashes found, perf_score=114, exec_us=358, hits=3975, map=501)...[0m
[1;94m[*] [0mFuzzing test case #273 (662 total, 0 uniq crashes found, perf_score=172, exec_us=347, hits=155, map=266)...[0m
[1;94m[*] [0mFuzzing test case #638 (662 total, 0 uniq crashes found, perf_score=258, exec_us=437, hits=2547, map=266)...[0m
[1;94m[*] [0mFuzzing test case #377 (662 total, 0 uniq crashes found, perf_score=100, exec_us=348, hits=1, map=320)...[0m
[1;94m[*] [0mFuzzing test case #379 (662 total, 0 uniq crashes found, perf_score=114, exec_us=386, hits=108, map=335)...[0m
[1;94m[*] [0mFuzzing test case #113 (662 total, 0 uniq crashes found, perf_score=114, exec_us=442, hits=183, map=435)...[0m
[1;94m[*] [0mFuzzing test case #384 (662 total, 0 uniq crashes found, perf_score=114, exec_us=370, hits=188, map=366)...[0m
[1;94m[*] [0mFuzzing test case #380 (662 total, 0 uniq crashes found, perf_score=114, exec_us=372, hits=132, map=311)...[0m
[1;93m[!] [1;97mWARNING: [0minstability detected during calibration
[0m
[1;94m[*] [0mFuzzing test case #638 (663 total, 0 uniq crashes found, perf_score=258, exec_us=437, hits=2592, map=266)...[0m
[1;94m[*] [0mFuzzing test case #662 (663 total, 0 uniq crashes found, perf_score=200, exec_us=379, hits=1, map=294)...[0m
[1;94m[*] [0mFuzzing test case #656 (663 total, 0 uniq crashes found, perf_score=345, exec_us=413, hits=105, map=299)...[0m
[1;94m[*] [0mFuzzing test case #104 (663 total, 0 uniq crashes found, perf_score=114, exec_us=370, hits=181, map=488)...[0m
[1;94m[*] [0mFuzzing test case #210 (663 total, 0 uniq crashes found, perf_score=86, exec_us=391, hits=194, map=234)...[0m
[1;94m[*] [0mFuzzing test case #433 (663 total, 0 uniq crashes found, perf_score=229, exec_us=368, hits=1271, map=540)...[0m
[1;94m[*] [0mFuzzing test case #433 (663 total, 0 uniq crashes found, perf_score=229, exec_us=368, hits=1298, map=540)...[0m
[1;94m[*] [0mFuzzing test case #638 (663 total, 0 uniq crashes found, perf_score=258, exec_us=437, hits=2638, map=266)...[0m
[1;94m[*] [0mFuzzing test case #455 (663 total, 0 uniq crashes found, perf_score=114, exec_us=358, hits=3998, map=501)...[0m
[1;94m[*] [0mFuzzing test case #455 (663 total, 0 uniq crashes found, perf_score=114, exec_us=358, hits=4009, map=501)...[0m
[1;94m[*] [0mFuzzing test case #546 (663 total, 0 uniq crashes found, perf_score=229, exec_us=380, hits=338, map=511)...[0m
[1;94m[*] [0mFuzzing test case #618 (663 total, 0 uniq crashes found, perf_score=229, exec_us=362, hits=52, map=343)...[0m
[1;94m[*] [0mFuzzing test case #652 (663 total, 0 uniq crashes found, perf_score=229, exec_us=398, hits=84, map=307)...[0m
[1;94m[*] [0mFuzzing test case #638 (663 total, 0 uniq crashes found, perf_score=258, exec_us=437, hits=2664, map=266)...[0m
[1;94m[*] [0mFuzzing test case #455 (663 total, 0 uniq crashes found, perf_score=114, exec_us=358, hits=4022, map=501)...[0m
[1;94m[*] [0mFuzzing test case #638 (663 total, 0 uniq crashes found, perf_score=258, exec_us=437, hits=2700, map=266)...[0m
[1;94m[*] [0mFuzzing test case #613 (663 total, 0 uniq crashes found, perf_score=114, exec_us=357, hits=101, map=467)...[0m
[1;94m[*] [0mFuzzing test case #433 (663 total, 0 uniq crashes found, perf_score=229, exec_us=368, hits=1327, map=540)...[0m
[1;94m[*] [0mFuzzing test case #546 (663 total, 0 uniq crashes found, perf_score=229, exec_us=380, hits=356, map=511)...[0m
[1;94m[*] [0mFuzzing test case #652 (663 total, 0 uniq crashes found, perf_score=229, exec_us=398, hits=113, map=307)...[0m
[1;94m[*] [0mFuzzing test case #167 (663 total, 0 uniq crashes found, perf_score=114, exec_us=364, hits=136, map=425)...[0m
[1;94m[*] [0mFuzzing test case #557 (663 total, 0 uniq crashes found, perf_score=114, exec_us=371, hits=157, map=319)...[0m
[1;94m[*] [0mFuzzing test case #276 (663 total, 0 uniq crashes found, perf_score=172, exec_us=344, hits=578, map=218)...[0m
[1;94m[*] [0mFuzzing test case #618 (663 total, 0 uniq crashes found, perf_score=229, exec_us=362, hits=96, map=343)...[0m
[1;94m[*] [0mFuzzing test case #638 (663 total, 0 uniq crashes found, perf_score=258, exec_us=437, hits=2736, map=266)...[0m
[1;94m[*] [0mFuzzing test case #638 (663 total, 0 uniq crashes found, perf_score=258, exec_us=437, hits=2780, map=266)...[0m
[1;94m[*] [0mFuzzing test case #502 (663 total, 0 uniq crashes found, perf_score=229, exec_us=365, hits=434, map=494)...[0m
[1;94m[*] [0mFuzzing test case #638 (663 total, 0 uniq crashes found, perf_score=258, exec_us=437, hits=2816, map=266)...[0m
[1;94m[*] [0mFuzzing test case #638 (663 total, 0 uniq crashes found, perf_score=258, exec_us=437, hits=2843, map=266)...[0m
[1;94m[*] [0mFuzzing test case #378 (663 total, 0 uniq crashes found, perf_score=345, exec_us=344, hits=14, map=485)...[0m
[1;94m[*] [0mFuzzing test case #408 (663 total, 0 uniq crashes found, perf_score=229, exec_us=386, hits=1273, map=537)...[0m
[1;94m[*] [0mFuzzing test case #638 (663 total, 0 uniq crashes found, perf_score=258, exec_us=437, hits=2876, map=266)...[0m
[1;94m[*] [0mFuzzing test case #120 (663 total, 0 uniq crashes found, perf_score=86, exec_us=379, hits=626, map=240)...[0m
[1;94m[*] [0mFuzzing test case #532 (663 total, 0 uniq crashes found, perf_score=229, exec_us=372, hits=249, map=488)...[0m
[1;93m[!] [1;97mWARNING: [0minstability detected during calibration
[0m
[1;94m[*] [0mFuzzing test case #502 (664 total, 0 uniq crashes found, perf_score=229, exec_us=365, hits=448, map=494)...[0m
[1;94m[*] [0mFuzzing test case #663 (664 total, 0 uniq crashes found, perf_score=400, exec_us=359, hits=1, map=480)...[0m
[1;94m[*] [0mFuzzing test case #455 (664 total, 0 uniq crashes found, perf_score=114, exec_us=358, hits=4034, map=501)...[0m
[1;94m[*] [0mFuzzing test case #455 (664 total, 0 uniq crashes found, perf_score=114, exec_us=358, hits=4047, map=501)...[0m
[1;94m[*] [0mFuzzing test case #642 (664 total, 0 uniq crashes found, perf_score=229, exec_us=438, hits=78, map=519)...[0m
[1;94m[*] [0mFuzzing test case #555 (664 total, 0 uniq crashes found, perf_score=229, exec_us=380, hits=929, map=345)...[0m
[1;94m[*] [0mFuzzing test case #455 (664 total, 0 uniq crashes found, perf_score=114, exec_us=358, hits=4054, map=501)...[0m
[1;94m[*] [0mFuzzing test case #455 (664 total, 0 uniq crashes found, perf_score=114, exec_us=358, hits=4076, map=501)...[0m
[1;94m[*] [0mFuzzing test case #656 (664 total, 0 uniq crashes found, perf_score=345, exec_us=413, hits=227, map=299)...[0m
[1;94m[*] [0mFuzzing test case #500 (664 total, 0 uniq crashes found, perf_score=172, exec_us=444, hits=765, map=284)...[0m
[1;94m[*] [0mFuzzing test case #652 (664 total, 0 uniq crashes found, perf_score=229, exec_us=398, hits=144, map=307)...[0m
[1;94m[*] [0mFuzzing test case #433 (664 total, 0 uniq crashes found, perf_score=229, exec_us=368, hits=1339, map=540)...[0m
[1;94m[*] [0mFuzzing test case #455 (664 total, 0 uniq crashes found, perf_score=114, exec_us=358, hits=4090, map=501)...[0m
[1;94m[*] [0mFuzzing test case #377 (664 total, 0 uniq crashes found, perf_score=114, exec_us=348, hits=34, map=320)...[0m
[1;94m[*] [0mFuzzing test case #455 (664 total, 0 uniq crashes found, perf_score=114, exec_us=358, hits=4106, map=501)...[0m
[1;94m[*] [0mFuzzing test case #455 (664 total, 0 uniq crashes found, perf_score=114, exec_us=358, hits=4118, map=501)...[0m
[1;94m[*] [0mFuzzing test case #618 (664 total, 0 uniq crashes found, perf_score=229, exec_us=362, hits=142, map=343)...[0m
[1;94m[*] [0mFuzzing test case #318 (664 total, 0 uniq crashes found, perf_score=172, exec_us=420, hits=110, map=276)...[0m
[1;94m[*] [0mFuzzing test case #455 (664 total, 0 uniq crashes found, perf_score=114, exec_us=358, hits=4131, map=501)...[0m
[1;94m[*] [0mFuzzing test case #455 (664 total, 0 uniq crashes found, perf_score=114, exec_us=358, hits=4145, map=501)...[0m
[1;94m[*] [0mFuzzing test case #532 (664 total, 0 uniq crashes found, perf_score=229, exec_us=372, hits=274, map=488)...[0m
[1;94m[*] [0mFuzzing test case #520 (664 total, 0 uniq crashes found, perf_score=200, exec_us=385, hits=1, map=308)...[0m
[1;94m[*] [0mFuzzing test case #88 (664 total, 0 uniq crashes found, perf_score=86, exec_us=395, hits=50, map=219)...[0m
[1;94m[*] [0mFuzzing test case #638 (664 total, 0 uniq crashes found, perf_score=258, exec_us=437, hits=2903, map=266)...[0m
[1;94m[*] [0mFuzzing test case #638 (664 total, 0 uniq crashes found, perf_score=258, exec_us=437, hits=2947, map=266)...[0m
[1;94m[*] [0mFuzzing test case #455 (664 total, 0 uniq crashes found, perf_score=114, exec_us=358, hits=4160, map=501)...[0m
[1;94m[*] [0mFuzzing test case #638 (664 total, 0 uniq crashes found, perf_score=258, exec_us=437, hits=2985, map=266)...[0m
[1;94m[*] [0mFuzzing test case #433 (664 total, 0 uniq crashes found, perf_score=229, exec_us=368, hits=1358, map=540)...[0m
[1;94m[*] [0mFuzzing test case #319 (664 total, 0 uniq crashes found, perf_score=60, exec_us=362, hits=18652, map=282)...[0m
[1;94m[*] [0mFuzzing test case #433 (664 total, 0 uniq crashes found, perf_score=229, exec_us=368, hits=1383, map=540)...[0m
[1;94m[*] [0mFuzzing test case #638 (664 total, 0 uniq crashes found, perf_score=258, exec_us=437, hits=3024, map=266)...[0m
[1;94m[*] [0mFuzzing test case #455 (664 total, 0 uniq crashes found, perf_score=114, exec_us=358, hits=4180, map=501)...[0m
[1;94m[*] [0mFuzzing test case #638 (664 total, 0 uniq crashes found, perf_score=258, exec_us=437, hits=3061, map=266)...[0m
[1;94m[*] [0mFuzzing test case #638 (664 total, 0 uniq crashes found, perf_score=258, exec_us=437, hits=3100, map=266)...[0m
[1;94m[*] [0mFuzzing test case #455 (664 total, 0 uniq crashes found, perf_score=114, exec_us=358, hits=4191, map=501)...[0m
[1;94m[*] [0mFuzzing test case #375 (664 total, 0 uniq crashes found, perf_score=114, exec_us=388, hits=100, map=554)...[0m
[1;94m[*] [0mFuzzing test case #638 (664 total, 0 uniq crashes found, perf_score=258, exec_us=437, hits=3151, map=266)...[0m
[1;94m[*] [0mFuzzing test case #118 (664 total, 0 uniq crashes found, perf_score=86, exec_us=366, hits=240, map=242)...[0m
[1;94m[*] [0mFuzzing test case #638 (664 total, 0 uniq crashes found, perf_score=258, exec_us=437, hits=3184, map=266)...[0m
[1;94m[*] [0mFuzzing test case #336 (664 total, 0 uniq crashes found, perf_score=114, exec_us=354, hits=65, map=318)...[0m
[1;94m[*] [0mFuzzing test case #638 (664 total, 0 uniq crashes found, perf_score=258, exec_us=437, hits=3219, map=266)...[0m
[1;94m[*] [0mFuzzing test case #638 (664 total, 0 uniq crashes found, perf_score=258, exec_us=437, hits=3261, map=266)...[0m
[1;94m[*] [0mFuzzing test case #455 (664 total, 0 uniq crashes found, perf_score=114, exec_us=358, hits=4201, map=501)...[0m
[1;94m[*] [0mFuzzing test case #364 (664 total, 0 uniq crashes found, perf_score=114, exec_us=376, hits=115, map=295)...[0m
[1;94m[*] [0mFuzzing test case #455 (664 total, 0 uniq crashes found, perf_score=114, exec_us=358, hits=4221, map=501)...[0m
[1;94m[*] [0mFuzzing test case #638 (664 total, 0 uniq crashes found, perf_score=258, exec_us=437, hits=3298, map=266)...[0m
[1;94m[*] [0mFuzzing test case #433 (664 total, 0 uniq crashes found, perf_score=229, exec_us=368, hits=1404, map=540)...[0m
[1;94m[*] [0mFuzzing test case #638 (664 total, 0 uniq crashes found, perf_score=258, exec_us=437, hits=3339, map=266)...[0m
[1;94m[*] [0mFuzzing test case #455 (664 total, 0 uniq crashes found, perf_score=114, exec_us=358, hits=4232, map=501)...[0m
[1;94m[*] [0mFuzzing test case #546 (664 total, 0 uniq crashes found, perf_score=229, exec_us=380, hits=375, map=511)...[0m
[1;94m[*] [0mFuzzing test case #433 (664 total, 0 uniq crashes found, perf_score=229, exec_us=368, hits=1419, map=540)...[0m
[1;94m[*] [0mFuzzing test case #642 (664 total, 0 uniq crashes found, perf_score=229, exec_us=438, hits=100, map=519)...[0m
[1;94m[*] [0mFuzzing test case #455 (664 total, 0 uniq crashes found, perf_score=114, exec_us=358, hits=4250, map=501)...[0m
[1;94m[*] [0mFuzzing test case #455 (664 total, 0 uniq crashes found, perf_score=114, exec_us=358, hits=4263, map=501)...[0m
[1;94m[*] [0mFuzzing test case #455 (664 total, 0 uniq crashes found, perf_score=114, exec_us=358, hits=4276, map=501)...[0m
[1;94m[*] [0mFuzzing test case #638 (664 total, 0 uniq crashes found, perf_score=258, exec_us=437, hits=3375, map=266)...[0m
[1;94m[*] [0mFuzzing test case #455 (664 total, 0 uniq crashes found, perf_score=114, exec_us=358, hits=4293, map=501)...[0m
[1;94m[*] [0mFuzzing test case #455 (664 total, 0 uniq crashes found, perf_score=114, exec_us=358, hits=4307, map=501)...[0m
[1;94m[*] [0mFuzzing test case #652 (664 total, 0 uniq crashes found, perf_score=229, exec_us=398, hits=185, map=307)...[0m
[1;94m[*] [0mFuzzing test case #638 (664 total, 0 uniq crashes found, perf_score=258, exec_us=437, hits=3410, map=266)...[0m
[1;94m[*] [0mFuzzing test case #638 (664 total, 0 uniq crashes found, perf_score=258, exec_us=437, hits=3447, map=266)...[0m
[1;94m[*] [0mFuzzing test case #638 (664 total, 0 uniq crashes found, perf_score=258, exec_us=437, hits=3487, map=266)...[0m
[1;94m[*] [0mFuzzing test case #273 (664 total, 0 uniq crashes found, perf_score=172, exec_us=347, hits=236, map=266)...[0m
[1;94m[*] [0mFuzzing test case #455 (664 total, 0 uniq crashes found, perf_score=114, exec_us=358, hits=4315, map=501)...[0m
[1;94m[*] [0mFuzzing test case #638 (664 total, 0 uniq crashes found, perf_score=258, exec_us=437, hits=3526, map=266)...[0m
[1;94m[*] [0mFuzzing test case #638 (664 total, 0 uniq crashes found, perf_score=258, exec_us=437, hits=3555, map=266)...[0m
[1;94m[*] [0mFuzzing test case #261 (664 total, 0 uniq crashes found, perf_score=114, exec_us=356, hits=176, map=471)...[0m
[1;94m[*] [0mFuzzing test case #351 (664 total, 0 uniq crashes found, perf_score=114, exec_us=348, hits=81, map=392)...[0m
[1;94m[*] [0mFuzzing test case #638 (664 total, 0 uniq crashes found, perf_score=258, exec_us=437, hits=3598, map=266)...[0m
[1;94m[*] [0mFuzzing test case #455 (664 total, 0 uniq crashes found, perf_score=114, exec_us=358, hits=4328, map=501)...[0m
[1;94m[*] [0mFuzzing test case #638 (664 total, 0 uniq crashes found, perf_score=258, exec_us=437, hits=3633, map=266)...[0m
[1;94m[*] [0mFuzzing test case #618 (664 total, 0 uniq crashes found, perf_score=229, exec_us=362, hits=180, map=343)...[0m
[1;94m[*] [0mFuzzing test case #652 (664 total, 0 uniq crashes found, perf_score=229, exec_us=398, hits=210, map=307)...[0m
[1;94m[*] [0mFuzzing test case #455 (664 total, 0 uniq crashes found, perf_score=114, exec_us=358, hits=4345, map=501)...[0m
[1;94m[*] [0mFuzzing test case #638 (664 total, 0 uniq crashes found, perf_score=258, exec_us=437, hits=3672, map=266)...[0m
[1;94m[*] [0mFuzzing test case #477 (664 total, 0 uniq crashes found, perf_score=229, exec_us=331, hits=353, map=518)...[0m
[1;94m[*] [0mFuzzing test case #638 (664 total, 0 uniq crashes found, perf_score=258, exec_us=437, hits=3712, map=266)...[0m
[1;94m[*] [0mFuzzing test case #351 (664 total, 0 uniq crashes found, perf_score=114, exec_us=348, hits=102, map=392)...[0m
[1;94m[*] [0mFuzzing test case #500 (664 total, 0 uniq crashes found, perf_score=172, exec_us=444, hits=810, map=284)...[0m
[1;94m[*] [0mFuzzing test case #455 (664 total, 0 uniq crashes found, perf_score=114, exec_us=358, hits=4353, map=501)...[0m
[1;94m[*] [0mFuzzing test case #147 (664 total, 0 uniq crashes found, perf_score=114, exec_us=401, hits=78, map=523)...[0m
[1;94m[*] [0mFuzzing test case #261 (664 total, 0 uniq crashes found, perf_score=114, exec_us=356, hits=215, map=471)...[0m
[1;94m[*] [0mFuzzing test case #455 (664 total, 0 uniq crashes found, perf_score=114, exec_us=358, hits=4362, map=501)...[0m
[1;94m[*] [0mFuzzing test case #433 (664 total, 0 uniq crashes found, perf_score=229, exec_us=368, hits=1440, map=540)...[0m
[1;94m[*] [0mFuzzing test case #638 (664 total, 0 uniq crashes found, perf_score=258, exec_us=437, hits=3749, map=266)...[0m
[1;94m[*] [0mFuzzing test case #455 (664 total, 0 uniq crashes found, perf_score=114, exec_us=358, hits=4376, map=501)...[0m
[1;94m[*] [0mFuzzing test case #311 (664 total, 0 uniq crashes found, perf_score=229, exec_us=368, hits=388, map=439)...[0m
[1;94m[*] [0mFuzzing test case #455 (664 total, 0 uniq crashes found, perf_score=114, exec_us=358, hits=4386, map=501)...[0m
[1;94m[*] [0mFuzzing test case #455 (664 total, 0 uniq crashes found, perf_score=114, exec_us=358, hits=4396, map=501)...[0m
[1;94m[*] [0mFuzzing test case #455 (664 total, 0 uniq crashes found, perf_score=114, exec_us=358, hits=4410, map=501)...[0m
[1;94m[*] [0mFuzzing test case #502 (664 total, 0 uniq crashes found, perf_score=229, exec_us=365, hits=462, map=494)...[0m
[1;94m[*] [0mFuzzing test case #618 (664 total, 0 uniq crashes found, perf_score=229, exec_us=362, hits=242, map=343)...[0m
[1;94m[*] [0mFuzzing test case #638 (664 total, 0 uniq crashes found, perf_score=258, exec_us=437, hits=3783, map=266)...[0m
[1;94m[*] [0mFuzzing test case #384 (664 total, 0 uniq crashes found, perf_score=114, exec_us=370, hits=201, map=366)...[0m
[1;94m[*] [0mFuzzing test case #375 (664 total, 0 uniq crashes found, perf_score=114, exec_us=388, hits=116, map=554)...[0m
[1;94m[*] [0mFuzzing test case #408 (664 total, 0 uniq crashes found, perf_score=229, exec_us=386, hits=1290, map=537)...[0m
[1;94m[*] [0mFuzzing test case #638 (664 total, 0 uniq crashes found, perf_score=258, exec_us=437, hits=3826, map=266)...[0m
[1;94m[*] [0mFuzzing test case #455 (664 total, 0 uniq crashes found, perf_score=114, exec_us=358, hits=4423, map=501)...[0m
[1;94m[*] [0mFuzzing test case #653 (664 total, 0 uniq crashes found, perf_score=345, exec_us=396, hits=3395, map=317)...[0m
[1;94m[*] [0mFuzzing test case #384 (664 total, 0 uniq crashes found, perf_score=114, exec_us=370, hits=208, map=366)...[0m
[1;94m[*] [0mFuzzing test case #638 (664 total, 0 uniq crashes found, perf_score=258, exec_us=437, hits=3881, map=266)...[0m
[1;94m[*] [0mFuzzing test case #652 (664 total, 0 uniq crashes found, perf_score=229, exec_us=398, hits=260, map=307)...[0m
[1;94m[*] [0mFuzzing test case #638 (664 total, 0 uniq crashes found, perf_score=258, exec_us=437, hits=3909, map=266)...[0m
[1;94m[*] [0mFuzzing test case #455 (664 total, 0 uniq crashes found, perf_score=114, exec_us=358, hits=4435, map=501)...[0m
[1;94m[*] [0mFuzzing test case #653 (664 total, 0 uniq crashes found, perf_score=345, exec_us=396, hits=3532, map=317)...[0m
[1;94m[*] [0mFuzzing test case #638 (664 total, 0 uniq crashes found, perf_score=258, exec_us=437, hits=3935, map=266)...[0m
[1;94m[*] [0mFuzzing test case #175 (664 total, 0 uniq crashes found, perf_score=86, exec_us=529, hits=160, map=245)...[0m
[1;94m[*] [0mFuzzing test case #292 (664 total, 0 uniq crashes found, perf_score=114, exec_us=384, hits=268, map=287)...[0m
[1;94m[*] [0mFuzzing test case #532 (664 total, 0 uniq crashes found, perf_score=229, exec_us=372, hits=294, map=488)...[0m
[1;94m[*] [0mFuzzing test case #638 (664 total, 0 uniq crashes found, perf_score=258, exec_us=437, hits=3971, map=266)...[0m
[1;94m[*] [0mFuzzing test case #455 (664 total, 0 uniq crashes found, perf_score=114, exec_us=358, hits=4446, map=501)...[0m
[1;94m[*] [0mFuzzing test case #380 (664 total, 0 uniq crashes found, perf_score=114, exec_us=372, hits=202, map=311)...[0m
[1;94m[*] [0mFuzzing test case #455 (664 total, 0 uniq crashes found, perf_score=114, exec_us=358, hits=4462, map=501)...[0m
[1;94m[*] [0mFuzzing test case #499 (664 total, 0 uniq crashes found, perf_score=172, exec_us=373, hits=191, map=283)...[0m
[1;94m[*] [0mFuzzing test case #638 (664 total, 0 uniq crashes found, perf_score=258, exec_us=437, hits=4006, map=266)...[0m
[1;94m[*] [0mFuzzing test case #638 (664 total, 0 uniq crashes found, perf_score=258, exec_us=437, hits=4040, map=266)...[0m
[1;94m[*] [0mFuzzing test case #433 (664 total, 0 uniq crashes found, perf_score=229, exec_us=368, hits=1461, map=540)...[0m
[1;94m[*] [0mFuzzing test case #455 (664 total, 0 uniq crashes found, perf_score=114, exec_us=358, hits=4473, map=501)...[0m
[1;94m[*] [0mFuzzing test case #349 (664 total, 0 uniq crashes found, perf_score=86, exec_us=360, hits=133, map=248)...[0m
[1;94m[*] [0mFuzzing test case #433 (664 total, 0 uniq crashes found, perf_score=229, exec_us=368, hits=1474, map=540)...[0m
[1;94m[*] [0mFuzzing test case #433 (664 total, 0 uniq crashes found, perf_score=229, exec_us=368, hits=1497, map=540)...[0m
[1;94m[*] [0mFuzzing test case #618 (664 total, 0 uniq crashes found, perf_score=229, exec_us=362, hits=283, map=343)...[0m
[1;94m[*] [0mFuzzing test case #638 (664 total, 0 uniq crashes found, perf_score=258, exec_us=437, hits=4069, map=266)...[0m
[1;94m[*] [0mFuzzing test case #569 (664 total, 0 uniq crashes found, perf_score=229, exec_us=359, hits=3974, map=506)...[0m
[1;94m[*] [0mFuzzing test case #502 (664 total, 0 uniq crashes found, perf_score=229, exec_us=365, hits=476, map=494)...[0m
[1;94m[*] [0mFuzzing test case #652 (664 total, 0 uniq crashes found, perf_score=229, exec_us=398, hits=285, map=307)...[0m
[1;94m[*] [0mFuzzing test case #638 (664 total, 0 uniq crashes found, perf_score=258, exec_us=437, hits=4104, map=266)...[0m
[1;94m[*] [0mFuzzing test case #433 (664 total, 0 uniq crashes found, perf_score=229, exec_us=368, hits=1526, map=540)...[0m
[1;94m[*] [0mFuzzing test case #455 (664 total, 0 uniq crashes found, perf_score=114, exec_us=358, hits=4487, map=501)...[0m
[1;94m[*] [0mFuzzing test case #433 (664 total, 0 uniq crashes found, perf_score=229, exec_us=368, hits=1547, map=540)...[0m
[1;94m[*] [0mFuzzing test case #316 (664 total, 0 uniq crashes found, perf_score=114, exec_us=354, hits=372, map=213)...[0m
[1;94m[*] [0mFuzzing test case #100 (664 total, 0 uniq crashes found, perf_score=75, exec_us=360, hits=6, map=233)...[0m
[1;94m[*] [0mFuzzing test case #455 (664 total, 0 uniq crashes found, perf_score=114, exec_us=358, hits=4500, map=501)...[0m
[1;94m[*] [0mFuzzing test case #638 (664 total, 0 uniq crashes found, perf_score=258, exec_us=437, hits=4139, map=266)...[0m
[1;94m[*] [0mFuzzing test case #164 (664 total, 0 uniq crashes found, perf_score=28, exec_us=343, hits=1039, map=81)...[0m
[1;94m[*] [0mFuzzing test case #336 (664 total, 0 uniq crashes found, perf_score=114, exec_us=354, hits=95, map=318)...[0m
[1;94m[*] [0mFuzzing test case #455 (664 total, 0 uniq crashes found, perf_score=114, exec_us=358, hits=4509, map=501)...[0m
[1;94m[*] [0mFuzzing test case #638 (664 total, 0 uniq crashes found, perf_score=258, exec_us=437, hits=4181, map=266)...[0m
[1;94m[*] [0mFuzzing test case #546 (664 total, 0 uniq crashes found, perf_score=229, exec_us=380, hits=401, map=511)...[0m
[1;94m[*] [0mFuzzing test case #159 (664 total, 0 uniq crashes found, perf_score=114, exec_us=356, hits=87, map=411)...[0m
[1;94m[*] [0mFuzzing test case #455 (664 total, 0 uniq crashes found, perf_score=114, exec_us=358, hits=4527, map=501)...[0m
[1;94m[*] [0mFuzzing test case #455 (664 total, 0 uniq crashes found, perf_score=114, exec_us=358, hits=4544, map=501)...[0m
[1;94m[*] [0mFuzzing test case #638 (664 total, 0 uniq crashes found, perf_score=258, exec_us=437, hits=4218, map=266)...[0m
[1;94m[*] [0mFuzzing test case #638 (664 total, 0 uniq crashes found, perf_score=258, exec_us=437, hits=4256, map=266)...[0m
[1;94m[*] [0mFuzzing test case #638 (664 total, 0 uniq crashes found, perf_score=258, exec_us=437, hits=4296, map=266)...[0m
[1;94m[*] [0mFuzzing test case #638 (664 total, 0 uniq crashes found, perf_score=258, exec_us=437, hits=4320, map=266)...[0m
[1;94m[*] [0mFuzzing test case #500 (664 total, 0 uniq crashes found, perf_score=172, exec_us=444, hits=866, map=284)...[0m
[1;94m[*] [0mFuzzing test case #364 (664 total, 0 uniq crashes found, perf_score=114, exec_us=376, hits=149, map=295)...[0m
[1;94m[*] [0mFuzzing test case #455 (664 total, 0 uniq crashes found, perf_score=114, exec_us=358, hits=4563, map=501)...[0m
[1;94m[*] [0mFuzzing test case #455 (664 total, 0 uniq crashes found, perf_score=114, exec_us=358, hits=4578, map=501)...[0m
[1;94m[*] [0mFuzzing test case #638 (664 total, 0 uniq crashes found, perf_score=258, exec_us=437, hits=4357, map=266)...[0m
[1;94m[*] [0mFuzzing test case #583 (664 total, 0 uniq crashes found, perf_score=229, exec_us=412, hits=173, map=512)...[0m
[1;94m[*] [0mFuzzing test case #638 (664 total, 0 uniq crashes found, perf_score=258, exec_us=437, hits=4397, map=266)...[0m
[1;94m[*] [0mFuzzing test case #455 (664 total, 0 uniq crashes found, perf_score=114, exec_us=358, hits=4589, map=501)...[0m
[1;94m[*] [0mFuzzing test case #455 (664 total, 0 uniq crashes found, perf_score=114, exec_us=358, hits=4597, map=501)...[0m
[1;94m[*] [0mFuzzing test case #455 (664 total, 0 uniq crashes found, perf_score=114, exec_us=358, hits=4620, map=501)...[0m
[1;94m[*] [0mFuzzing test case #652 (664 total, 0 uniq crashes found, perf_score=229, exec_us=398, hits=321, map=307)...[0m
[1;94m[*] [0mFuzzing test case #638 (664 total, 0 uniq crashes found, perf_score=258, exec_us=437, hits=4428, map=266)...[0m
[1;94m[*] [0mFuzzing test case #384 (664 total, 0 uniq crashes found, perf_score=114, exec_us=370, hits=217, map=366)...[0m
[1;94m[*] [0mFuzzing test case #351 (664 total, 0 uniq crashes found, perf_score=114, exec_us=348, hits=126, map=392)...[0m
[1;94m[*] [0mFuzzing test case #638 (664 total, 0 uniq crashes found, perf_score=258, exec_us=437, hits=4464, map=266)...[0m
[1;93m[!] [1;97mWARNING: [0minstability detected during calibration
[0m
[1;94m[*] [0mFuzzing test case #113 (665 total, 0 uniq crashes found, perf_score=114, exec_us=442, hits=218, map=435)...[0m
[1;94m[*] [0mFuzzing test case #638 (665 total, 0 uniq crashes found, perf_score=258, exec_us=437, hits=4498, map=266)...[0m
[1;94m[*] [0mFuzzing test case #433 (665 total, 0 uniq crashes found, perf_score=229, exec_us=368, hits=1568, map=540)...[0m
[1;94m[*] [0mFuzzing test case #653 (665 total, 0 uniq crashes found, perf_score=345, exec_us=396, hits=3655, map=317)...[0m
[1;94m[*] [0mFuzzing test case #455 (665 total, 0 uniq crashes found, perf_score=114, exec_us=358, hits=4635, map=501)...[0m
[1;94m[*] [0mFuzzing test case #455 (665 total, 0 uniq crashes found, perf_score=114, exec_us=358, hits=4649, map=501)...[0m
[1;94m[*] [0mFuzzing test case #656 (665 total, 0 uniq crashes found, perf_score=345, exec_us=413, hits=349, map=299)...[0m
[1;94m[*] [0mEntering queue cycle 3.[0m
[1;94m[*] [0mFuzzing test case #348 (665 total, 0 uniq crashes found, perf_score=114, exec_us=355, hits=146, map=322)...[0m
[1;94m[*] [0mFuzzing test case #433 (665 total, 0 uniq crashes found, perf_score=229, exec_us=368, hits=1582, map=540)...[0m
[1;93m[!] [1;97mWARNING: [0minstability detected during calibration
[0m
[1;94m[*] [0mFuzzing test case #455 (666 total, 0 uniq crashes found, perf_score=114, exec_us=358, hits=4666, map=501)...[0m
[1;94m[*] [0mFuzzing test case #455 (666 total, 0 uniq crashes found, perf_score=114, exec_us=358, hits=4677, map=501)...[0m
[1;94m[*] [0mFuzzing test case #59 (666 total, 0 uniq crashes found, perf_score=114, exec_us=360, hits=161, map=473)...[0m
[1;94m[*] [0mFuzzing test case #652 (666 total, 0 uniq crashes found, perf_score=229, exec_us=398, hits=355, map=307)...[0m
[1;94m[*] [0mFuzzing test case #37 (666 total, 0 uniq crashes found, perf_score=86, exec_us=344, hits=241, map=243)...[0m
[1;94m[*] [0mFuzzing test case #652 (666 total, 0 uniq crashes found, perf_score=229, exec_us=398, hits=403, map=307)...[0m
[1;94m[*] [0mFuzzing test case #455 (666 total, 0 uniq crashes found, perf_score=114, exec_us=358, hits=4692, map=501)...[0m
[1;94m[*] [0mFuzzing test case #455 (666 total, 0 uniq crashes found, perf_score=114, exec_us=358, hits=4707, map=501)...[0m
[1;94m[*] [0mFuzzing test case #455 (666 total, 0 uniq crashes found, perf_score=114, exec_us=358, hits=4727, map=501)...[0m
[1;94m[*] [0mFuzzing test case #638 (666 total, 0 uniq crashes found, perf_score=258, exec_us=437, hits=4534, map=266)...[0m
[1;94m[*] [0mFuzzing test case #455 (666 total, 0 uniq crashes found, perf_score=114, exec_us=358, hits=4743, map=501)...[0m
[1;94m[*] [0mFuzzing test case #455 (666 total, 0 uniq crashes found, perf_score=114, exec_us=358, hits=4758, map=501)...[0m
[1;94m[*] [0mFuzzing test case #652 (666 total, 0 uniq crashes found, perf_score=229, exec_us=398, hits=455, map=307)...[0m
[1;94m[*] [0mFuzzing test case #455 (666 total, 0 uniq crashes found, perf_score=114, exec_us=358, hits=4773, map=501)...[0m
[1;94m[*] [0mFuzzing test case #656 (666 total, 0 uniq crashes found, perf_score=345, exec_us=413, hits=502, map=299)...[0m
[1;94m[*] [0mFuzzing test case #455 (666 total, 0 uniq crashes found, perf_score=114, exec_us=358, hits=4783, map=501)...[0m
[1;94m[*] [0mFuzzing test case #433 (666 total, 0 uniq crashes found, perf_score=229, exec_us=368, hits=1602, map=540)...[0m
[1;94m[*] [0mFuzzing test case #455 (666 total, 0 uniq crashes found, perf_score=114, exec_us=358, hits=4795, map=501)...[0m
[1;94m[*] [0mFuzzing test case #455 (666 total, 0 uniq crashes found, perf_score=114, exec_us=358, hits=4805, map=501)...[0m
[1;94m[*] [0mFuzzing test case #502 (666 total, 0 uniq crashes found, perf_score=229, exec_us=365, hits=494, map=494)...[0m
[1;94m[*] [0mFuzzing test case #638 (666 total, 0 uniq crashes found, perf_score=258, exec_us=437, hits=4580, map=266)...[0m
[1;94m[*] [0mFuzzing test case #455 (666 total, 0 uniq crashes found, perf_score=114, exec_us=358, hits=4820, map=501)...[0m
[1;94m[*] [0mFuzzing test case #455 (666 total, 0 uniq crashes found, perf_score=114, exec_us=358, hits=4830, map=501)...[0m
[1;94m[*] [0mFuzzing test case #638 (666 total, 0 uniq crashes found, perf_score=258, exec_us=437, hits=4603, map=266)...[0m
[1;94m[*] [0mFuzzing test case #59 (666 total, 0 uniq crashes found, perf_score=114, exec_us=360, hits=181, map=473)...[0m
[1;94m[*] [0mFuzzing test case #638 (666 total, 0 uniq crashes found, perf_score=258, exec_us=437, hits=4630, map=266)...[0m
[1;94m[*] [0mFuzzing test case #638 (666 total, 0 uniq crashes found, perf_score=258, exec_us=437, hits=4673, map=266)...[0m
[1;94m[*] [0mFuzzing test case #638 (666 total, 0 uniq crashes found, perf_score=258, exec_us=437, hits=4714, map=266)...[0m
[1;94m[*] [0mFuzzing test case #408 (666 total, 0 uniq crashes found, perf_score=229, exec_us=386, hits=1302, map=537)...[0m
[1;93m[!] [1;97mWARNING: [0minstability detected during calibration
[0m
[1;94m[*] [0mFuzzing test case #384 (667 total, 0 uniq crashes found, perf_score=114, exec_us=370, hits=220, map=366)...[0m
[1;94m[*] [0mFuzzing test case #475 (667 total, 0 uniq crashes found, perf_score=229, exec_us=355, hits=575, map=521)...[0m
[1;94m[*] [0mFuzzing test case #638 (667 total, 0 uniq crashes found, perf_score=258, exec_us=437, hits=4767, map=266)...[0m
[1;94m[*] [0mFuzzing test case #433 (667 total, 0 uniq crashes found, perf_score=229, exec_us=368, hits=1622, map=540)...[0m
[1;94m[*] [0mFuzzing test case #653 (667 total, 0 uniq crashes found, perf_score=345, exec_us=396, hits=3801, map=317)...[0m
[1;94m[*] [0mFuzzing test case #638 (667 total, 0 uniq crashes found, perf_score=258, exec_us=437, hits=4811, map=266)...[0m
[1;94m[*] [0mFuzzing test case #408 (667 total, 0 uniq crashes found, perf_score=229, exec_us=386, hits=1339, map=537)...[0m
[1;94m[*] [0mFuzzing test case #638 (667 total, 0 uniq crashes found, perf_score=258, exec_us=437, hits=4852, map=266)...[0m
[1;94m[*] [0mFuzzing test case #638 (667 total, 0 uniq crashes found, perf_score=258, exec_us=437, hits=4884, map=266)...[0m
[1;93m[!] [1;97mWARNING: [0minstability detected during calibration
[0m
[1;93m[!] [1;97mWARNING: [0minstability detected during calibration
[0m
[1;94m[*] [0mFuzzing test case #377 (669 total, 0 uniq crashes found, perf_score=114, exec_us=348, hits=77, map=320)...[0m
[1;94m[*] [0mFuzzing test case #455 (669 total, 0 uniq crashes found, perf_score=114, exec_us=358, hits=4844, map=501)...[0m
[1;94m[*] [0mFuzzing test case #59 (669 total, 0 uniq crashes found, perf_score=114, exec_us=360, hits=196, map=473)...[0m
[1;94m[*] [0mFuzzing test case #187 (669 total, 0 uniq crashes found, perf_score=100, exec_us=441, hits=2, map=502)...[0m
[1;94m[*] [0mFuzzing test case #408 (669 total, 0 uniq crashes found, perf_score=229, exec_us=386, hits=1357, map=537)...[0m
[1;94m[*] [0mFuzzing test case #137 (669 total, 0 uniq crashes found, perf_score=86, exec_us=410, hits=103, map=272)...[0m
[1;94m[*] [0mFuzzing test case #652 (669 total, 0 uniq crashes found, perf_score=229, exec_us=398, hits=500, map=307)...[0m
[1;94m[*] [0mFuzzing test case #320 (669 total, 0 uniq crashes found, perf_score=114, exec_us=359, hits=134, map=320)...[0m
[1;94m[*] [0mFuzzing test case #320 (669 total, 0 uniq crashes found, perf_score=114, exec_us=359, hits=182, map=320)...[0m
[1;94m[*] [0mFuzzing test case #638 (669 total, 0 uniq crashes found, perf_score=258, exec_us=437, hits=4928, map=266)...[0m
[1;93m[!] [1;97mWARNING: [0minstability detected during calibration
[0m
[1;94m[*] [0mFuzzing test case #638 (670 total, 0 uniq crashes found, perf_score=258, exec_us=437, hits=4976, map=266)...[0m
[1;94m[*] [0mFuzzing test case #638 (670 total, 0 uniq crashes found, perf_score=258, exec_us=437, hits=5023, map=266)...[0m
[1;94m[*] [0mFuzzing test case #455 (670 total, 0 uniq crashes found, perf_score=114, exec_us=358, hits=4861, map=501)...[0m
[1;94m[*] [0mFuzzing test case #532 (670 total, 0 uniq crashes found, perf_score=229, exec_us=372, hits=321, map=488)...[0m
[1;94m[*] [0mFuzzing test case #638 (670 total, 0 uniq crashes found, perf_score=258, exec_us=437, hits=5053, map=266)...[0m
[1;94m[*] [0mFuzzing test case #638 (670 total, 0 uniq crashes found, perf_score=258, exec_us=437, hits=5093, map=266)...[0m
[1;94m[*] [0mFuzzing test case #433 (670 total, 0 uniq crashes found, perf_score=229, exec_us=368, hits=1652, map=540)...[0m
[1;94m[*] [0mFuzzing test case #384 (670 total, 0 uniq crashes found, perf_score=114, exec_us=370, hits=227, map=366)...[0m
[1;94m[*] [0mFuzzing test case #618 (670 total, 0 uniq crashes found, perf_score=229, exec_us=362, hits=323, map=343)...[0m
[1;94m[*] [0mFuzzing test case #455 (670 total, 0 uniq crashes found, perf_score=114, exec_us=358, hits=4878, map=501)...[0m
[1;94m[*] [0mFuzzing test case #56 (670 total, 0 uniq crashes found, perf_score=114, exec_us=415, hits=200, map=312)...[0m
[1;94m[*] [0mFuzzing test case #652 (670 total, 0 uniq crashes found, perf_score=229, exec_us=398, hits=546, map=307)...[0m
[1;94m[*] [0mFuzzing test case #638 (670 total, 0 uniq crashes found, perf_score=258, exec_us=437, hits=5142, map=266)...[0m
[1;94m[*] [0mFuzzing test case #455 (670 total, 0 uniq crashes found, perf_score=114, exec_us=358, hits=4895, map=501)...[0m
[1;94m[*] [0mFuzzing test case #455 (670 total, 0 uniq crashes found, perf_score=114, exec_us=358, hits=4911, map=501)...[0m
[1;94m[*] [0mFuzzing test case #415 (670 total, 0 uniq crashes found, perf_score=229, exec_us=372, hits=1552, map=531)...[0m
[1;94m[*] [0mFuzzing test case #40 (670 total, 0 uniq crashes found, perf_score=86, exec_us=367, hits=1502, map=214)...[0m
[1;94m[*] [0mFuzzing test case #662 (670 total, 0 uniq crashes found, perf_score=114, exec_us=379, hits=111, map=294)...[0m
[1;94m[*] [0mFuzzing test case #638 (670 total, 0 uniq crashes found, perf_score=258, exec_us=437, hits=5191, map=266)...[0m
[1;94m[*] [0mFuzzing test case #618 (670 total, 0 uniq crashes found, perf_score=229, exec_us=362, hits=367, map=343)...[0m
[1;94m[*] [0mFuzzing test case #618 (670 total, 0 uniq crashes found, perf_score=229, exec_us=362, hits=412, map=343)...[0m
[1;94m[*] [0mFuzzing test case #455 (670 total, 0 uniq crashes found, perf_score=114, exec_us=358, hits=4927, map=501)...[0m
[1;94m[*] [0mFuzzing test case #638 (670 total, 0 uniq crashes found, perf_score=258, exec_us=437, hits=5226, map=266)...[0m
[1;94m[*] [0mFuzzing test case #455 (670 total, 0 uniq crashes found, perf_score=114, exec_us=358, hits=4940, map=501)...[0m
[1;94m[*] [0mFuzzing test case #455 (670 total, 0 uniq crashes found, perf_score=114, exec_us=358, hits=4949, map=501)...[0m
[1;94m[*] [0mFuzzing test case #415 (670 total, 0 uniq crashes found, perf_score=229, exec_us=372, hits=1571, map=531)...[0m
[1;94m[*] [0mFuzzing test case #455 (670 total, 0 uniq crashes found, perf_score=114, exec_us=358, hits=4960, map=501)...[0m
[1;94m[*] [0mFuzzing test case #384 (670 total, 0 uniq crashes found, perf_score=114, exec_us=370, hits=238, map=366)...[0m
[1;94m[*] [0mFuzzing test case #455 (670 total, 0 uniq crashes found, perf_score=114, exec_us=358, hits=4972, map=501)...[0m
[1;93m[!] [1;97mWARNING: [0minstability detected during calibration
[0m
[1;94m[*] [0mFuzzing test case #638 (671 total, 0 uniq crashes found, perf_score=258, exec_us=437, hits=5262, map=266)...[0m
[1;93m[!] [1;97mWARNING: [0minstability detected during calibration
[0m
[1;94m[*] [0mFuzzing test case #347 (672 total, 0 uniq crashes found, perf_score=86, exec_us=356, hits=48, map=276)...[0m
[1;94m[*] [0mFuzzing test case #159 (672 total, 0 uniq crashes found, perf_score=114, exec_us=356, hits=125, map=411)...[0m
[1;94m[*] [0mFuzzing test case #455 (672 total, 0 uniq crashes found, perf_score=114, exec_us=358, hits=4985, map=501)...[0m
[1;94m[*] [0mFuzzing test case #638 (672 total, 0 uniq crashes found, perf_score=258, exec_us=437, hits=5296, map=266)...[0m
[1;94m[*] [0mFuzzing test case #60 (672 total, 0 uniq crashes found, perf_score=86, exec_us=428, hits=123, map=240)...[0m
[1;94m[*] [0mFuzzing test case #638 (672 total, 0 uniq crashes found, perf_score=258, exec_us=437, hits=5337, map=266)...[0m
[1;94m[*] [0mFuzzing test case #88 (672 total, 0 uniq crashes found, perf_score=86, exec_us=395, hits=112, map=219)...[0m
[1;94m[*] [0mFuzzing test case #638 (672 total, 0 uniq crashes found, perf_score=258, exec_us=437, hits=5399, map=266)...[0m
[1;94m[*] [0mFuzzing test case #455 (672 total, 0 uniq crashes found, perf_score=114, exec_us=358, hits=5001, map=501)...[0m
[1;94m[*] [0mFuzzing test case #455 (672 total, 0 uniq crashes found, perf_score=114, exec_us=358, hits=5014, map=501)...[0m
[1;94m[*] [0mFuzzing test case #455 (672 total, 0 uniq crashes found, perf_score=114, exec_us=358, hits=5026, map=501)...[0m
[1;94m[*] [0mFuzzing test case #638 (672 total, 0 uniq crashes found, perf_score=258, exec_us=437, hits=5436, map=266)...[0m
[1;94m[*] [0mFuzzing test case #652 (672 total, 0 uniq crashes found, perf_score=229, exec_us=398, hits=587, map=307)...[0m
[1;94m[*] [0mFuzzing test case #557 (672 total, 0 uniq crashes found, perf_score=114, exec_us=371, hits=195, map=319)...[0m
[1;94m[*] [0mFuzzing test case #455 (672 total, 0 uniq crashes found, perf_score=114, exec_us=358, hits=5041, map=501)...[0m
[1;94m[*] [0mFuzzing test case #638 (672 total, 0 uniq crashes found, perf_score=258, exec_us=437, hits=5462, map=266)...[0m
[1;94m[*] [0mFuzzing test case #638 (672 total, 0 uniq crashes found, perf_score=258, exec_us=437, hits=5499, map=266)...[0m
[1;94m[*] [0mFuzzing test case #455 (672 total, 0 uniq crashes found, perf_score=114, exec_us=358, hits=5053, map=501)...[0m
[1;94m[*] [0mFuzzing test case #433 (672 total, 0 uniq crashes found, perf_score=229, exec_us=368, hits=1674, map=540)...[0m
[1;94m[*] [0mFuzzing test case #638 (672 total, 0 uniq crashes found, perf_score=258, exec_us=437, hits=5542, map=266)...[0m
[1;94m[*] [0mFuzzing test case #455 (672 total, 0 uniq crashes found, perf_score=114, exec_us=358, hits=5063, map=501)...[0m
[1;94m[*] [0mFuzzing test case #455 (672 total, 0 uniq crashes found, perf_score=114, exec_us=358, hits=5077, map=501)...[0m
[1;94m[*] [0mFuzzing test case #415 (672 total, 0 uniq crashes found, perf_score=229, exec_us=372, hits=1591, map=531)...[0m
[1;94m[*] [0mFuzzing test case #638 (672 total, 0 uniq crashes found, perf_score=258, exec_us=437, hits=5582, map=266)...[0m
[1;94m[*] [0mFuzzing test case #455 (672 total, 0 uniq crashes found, perf_score=114, exec_us=358, hits=5090, map=501)...[0m
[1;94m[*] [0mFuzzing test case #455 (672 total, 0 uniq crashes found, perf_score=114, exec_us=358, hits=5102, map=501)...[0m
[1;94m[*] [0mFuzzing test case #638 (672 total, 0 uniq crashes found, perf_score=258, exec_us=437, hits=5616, map=266)...[0m
[1;94m[*] [0mFuzzing test case #532 (672 total, 0 uniq crashes found, perf_score=229, exec_us=372, hits=342, map=488)...[0m
[1;94m[*] [0mFuzzing test case #569 (672 total, 0 uniq crashes found, perf_score=229, exec_us=359, hits=4020, map=506)...[0m
[1;94m[*] [0mFuzzing test case #638 (672 total, 0 uniq crashes found, perf_score=258, exec_us=437, hits=5644, map=266)...[0m
[1;94m[*] [0mFuzzing test case #455 (672 total, 0 uniq crashes found, perf_score=114, exec_us=358, hits=5112, map=501)...[0m
[1;94m[*] [0mFuzzing test case #618 (672 total, 0 uniq crashes found, perf_score=229, exec_us=362, hits=457, map=343)...[0m
[1;94m[*] [0mFuzzing test case #415 (672 total, 0 uniq crashes found, perf_score=229, exec_us=372, hits=1612, map=531)...[0m
[1;94m[*] [0mFuzzing test case #475 (672 total, 0 uniq crashes found, perf_score=229, exec_us=355, hits=641, map=521)...[0m
[1;94m[*] [0mFuzzing test case #638 (672 total, 0 uniq crashes found, perf_score=258, exec_us=437, hits=5673, map=266)...[0m
[1;94m[*] [0mFuzzing test case #652 (672 total, 0 uniq crashes found, perf_score=229, exec_us=398, hits=626, map=307)...[0m
[1;94m[*] [0mFuzzing test case #638 (672 total, 0 uniq crashes found, perf_score=258, exec_us=437, hits=5701, map=266)...[0m
[1;94m[*] [0mFuzzing test case #455 (672 total, 0 uniq crashes found, perf_score=114, exec_us=358, hits=5124, map=501)...[0m
[1;94m[*] [0mFuzzing test case #638 (672 total, 0 uniq crashes found, perf_score=258, exec_us=437, hits=5734, map=266)...[0m
[1;94m[*] [0mFuzzing test case #652 (672 total, 0 uniq crashes found, perf_score=229, exec_us=398, hits=667, map=307)...[0m
[1;94m[*] [0mFuzzing test case #613 (672 total, 0 uniq crashes found, perf_score=114, exec_us=357, hits=120, map=467)...[0m
[1;94m[*] [0mFuzzing test case #502 (672 total, 0 uniq crashes found, perf_score=229, exec_us=365, hits=499, map=494)...[0m
[1;94m[*] [0mFuzzing test case #57 (672 total, 0 uniq crashes found, perf_score=86, exec_us=415, hits=192, map=259)...[0m
[1;94m[*] [0mFuzzing test case #638 (672 total, 0 uniq crashes found, perf_score=258, exec_us=437, hits=5769, map=266)...[0m
[1;94m[*] [0mFuzzing test case #652 (672 total, 0 uniq crashes found, perf_score=229, exec_us=398, hits=711, map=307)...[0m
[1;94m[*] [0mFuzzing test case #500 (672 total, 0 uniq crashes found, perf_score=172, exec_us=444, hits=927, map=284)...[0m
[1;94m[*] [0mFuzzing test case #59 (672 total, 0 uniq crashes found, perf_score=114, exec_us=360, hits=225, map=473)...[0m
[1;94m[*] [0mFuzzing test case #455 (672 total, 0 uniq crashes found, perf_score=114, exec_us=358, hits=5137, map=501)...[0m
[1;94m[*] [0mFuzzing test case #336 (672 total, 0 uniq crashes found, perf_score=114, exec_us=354, hits=134, map=318)...[0m
[1;94m[*] [0mFuzzing test case #433 (672 total, 0 uniq crashes found, perf_score=229, exec_us=368, hits=1696, map=540)...[0m
[1;94m[*] [0mFuzzing test case #159 (672 total, 0 uniq crashes found, perf_score=114, exec_us=356, hits=163, map=411)...[0m
[1;94m[*] [0mFuzzing test case #618 (672 total, 0 uniq crashes found, perf_score=229, exec_us=362, hits=489, map=343)...[0m
[1;94m[*] [0mFuzzing test case #455 (672 total, 0 uniq crashes found, perf_score=114, exec_us=358, hits=5153, map=501)...[0m
[1;94m[*] [0mFuzzing test case #652 (672 total, 0 uniq crashes found, perf_score=229, exec_us=398, hits=752, map=307)...[0m
[1;94m[*] [0mFuzzing test case #59 (672 total, 0 uniq crashes found, perf_score=114, exec_us=360, hits=244, map=473)...[0m
[1;94m[*] [0mFuzzing test case #638 (672 total, 0 uniq crashes found, perf_score=258, exec_us=437, hits=5810, map=266)...[0m
[1;94m[*] [0mFuzzing test case #455 (672 total, 0 uniq crashes found, perf_score=114, exec_us=358, hits=5170, map=501)...[0m
[1;94m[*] [0mFuzzing test case #455 (672 total, 0 uniq crashes found, perf_score=114, exec_us=358, hits=5188, map=501)...[0m
[1;94m[*] [0mFuzzing test case #455 (672 total, 0 uniq crashes found, perf_score=114, exec_us=358, hits=5197, map=501)...[0m
[1;94m[*] [0mFuzzing test case #652 (672 total, 0 uniq crashes found, perf_score=229, exec_us=398, hits=783, map=307)...[0m
[1;94m[*] [0mFuzzing test case #638 (672 total, 0 uniq crashes found, perf_score=258, exec_us=437, hits=5858, map=266)...[0m
[1;94m[*] [0mFuzzing test case #638 (672 total, 0 uniq crashes found, perf_score=258, exec_us=437, hits=5892, map=266)...[0m
[1;94m[*] [0mFuzzing test case #455 (672 total, 0 uniq crashes found, perf_score=114, exec_us=358, hits=5214, map=501)...[0m
[1;94m[*] [0mFuzzing test case #134 (672 total, 0 uniq crashes found, perf_score=100, exec_us=422, hits=5, map=475)...[0m
[1;93m[!] [1;97mWARNING: [0minstability detected during calibration
[0m
[1;94m[*] [0mFuzzing test case #455 (673 total, 0 uniq crashes found, perf_score=114, exec_us=358, hits=5229, map=501)...[0m
[1;94m[*] [0mFuzzing test case #638 (673 total, 0 uniq crashes found, perf_score=258, exec_us=437, hits=5934, map=266)...[0m
[1;94m[*] [0mFuzzing test case #455 (673 total, 0 uniq crashes found, perf_score=114, exec_us=358, hits=5250, map=501)...[0m
[1;94m[*] [0mFuzzing test case #638 (673 total, 0 uniq crashes found, perf_score=258, exec_us=437, hits=5980, map=266)...[0m
[1;94m[*] [0mFuzzing test case #475 (673 total, 0 uniq crashes found, perf_score=229, exec_us=355, hits=699, map=521)...[0m
[1;94m[*] [0mFuzzing test case #384 (673 total, 0 uniq crashes found, perf_score=114, exec_us=370, hits=250, map=366)...[0m
[1;94m[*] [0mFuzzing test case #164 (673 total, 0 uniq crashes found, perf_score=28, exec_us=343, hits=1196, map=81)...[0m
[1;94m[*] [0mFuzzing test case #316 (673 total, 0 uniq crashes found, perf_score=114, exec_us=354, hits=447, map=213)...[0m
[1;94m[*] [0mFuzzing test case #460 (673 total, 0 uniq crashes found, perf_score=114, exec_us=388, hits=77, map=492)...[0m
[1;94m[*] [0mFuzzing test case #638 (673 total, 0 uniq crashes found, perf_score=258, exec_us=437, hits=6025, map=266)...[0m
[1;94m[*] [0mFuzzing test case #455 (673 total, 0 uniq crashes found, perf_score=114, exec_us=358, hits=5265, map=501)...[0m
[1;94m[*] [0mFuzzing test case #147 (673 total, 0 uniq crashes found, perf_score=114, exec_us=401, hits=90, map=523)...[0m
[1;94m[*] [0mFuzzing test case #384 (673 total, 0 uniq crashes found, perf_score=114, exec_us=370, hits=268, map=366)...[0m
[1;93m[!] [1;97mWARNING: [0minstability detected during calibration
[0m
[1;94m[*] [0mFuzzing test case #663 (674 total, 0 uniq crashes found, perf_score=229, exec_us=359, hits=71, map=480)...[0m
[1;94m[*] [0mFuzzing test case #147 (674 total, 0 uniq crashes found, perf_score=114, exec_us=401, hits=96, map=523)...[0m
[1;94m[*] [0mFuzzing test case #455 (674 total, 0 uniq crashes found, perf_score=114, exec_us=358, hits=5282, map=501)...[0m
[1;94m[*] [0mFuzzing test case #384 (674 total, 0 uniq crashes found, perf_score=114, exec_us=370, hits=285, map=366)...[0m
[1;94m[*] [0mFuzzing test case #384 (674 total, 0 uniq crashes found, perf_score=114, exec_us=370, hits=294, map=366)...[0m
[1;94m[*] [0mFuzzing test case #638 (674 total, 0 uniq crashes found, perf_score=258, exec_us=437, hits=6068, map=266)...[0m
[1;94m[*] [0mFuzzing test case #638 (674 total, 0 uniq crashes found, perf_score=258, exec_us=437, hits=6114, map=266)...[0m
[1;94m[*] [0mFuzzing test case #455 (674 total, 0 uniq crashes found, perf_score=114, exec_us=358, hits=5297, map=501)...[0m
[1;94m[*] [0mFuzzing test case #455 (674 total, 0 uniq crashes found, perf_score=114, exec_us=358, hits=5315, map=501)...[0m
[1;94m[*] [0mFuzzing test case #455 (674 total, 0 uniq crashes found, perf_score=114, exec_us=358, hits=5324, map=501)...[0m
[1;94m[*] [0mFuzzing test case #273 (674 total, 0 uniq crashes found, perf_score=172, exec_us=347, hits=317, map=266)...[0m
[1;94m[*] [0mFuzzing test case #638 (674 total, 0 uniq crashes found, perf_score=258, exec_us=437, hits=6158, map=266)...[0m
[1;94m[*] [0mFuzzing test case #40 (674 total, 0 uniq crashes found, perf_score=86, exec_us=367, hits=1633, map=214)...[0m
[1;94m[*] [0mFuzzing test case #638 (674 total, 0 uniq crashes found, perf_score=258, exec_us=437, hits=6194, map=266)...[0m
[1;94m[*] [0mFuzzing test case #662 (674 total, 0 uniq crashes found, perf_score=114, exec_us=379, hits=163, map=294)...[0m
[1;94m[*] [0mFuzzing test case #638 (674 total, 0 uniq crashes found, perf_score=258, exec_us=437, hits=6241, map=266)...[0m
[1;94m[*] [0mFuzzing test case #638 (674 total, 0 uniq crashes found, perf_score=258, exec_us=437, hits=6280, map=266)...[0m
[1;94m[*] [0mFuzzing test case #102 (674 total, 0 uniq crashes found, perf_score=114, exec_us=452, hits=176, map=423)...[0m
[1;94m[*] [0mFuzzing test case #652 (674 total, 0 uniq crashes found, perf_score=229, exec_us=398, hits=836, map=307)...[0m
[1;94m[*] [0mFuzzing test case #41 (674 total, 0 uniq crashes found, perf_score=114, exec_us=369, hits=102, map=478)...[0m
[1;94m[*] [0mFuzzing test case #455 (674 total, 0 uniq crashes found, perf_score=114, exec_us=358, hits=5349, map=501)...[0m
[1;94m[*] [0mFuzzing test case #638 (674 total, 0 uniq crashes found, perf_score=258, exec_us=437, hits=6321, map=266)...[0m
[1;94m[*] [0mFuzzing test case #347 (674 total, 0 uniq crashes found, perf_score=86, exec_us=356, hits=88, map=276)...[0m
[1;94m[*] [0mFuzzing test case #273 (674 total, 0 uniq crashes found, perf_score=172, exec_us=347, hits=372, map=266)...[0m
[1;94m[*] [0mFuzzing test case #164 (674 total, 0 uniq crashes found, perf_score=28, exec_us=343, hits=1232, map=81)...[0m
[1;94m[*] [0mFuzzing test case #455 (674 total, 0 uniq crashes found, perf_score=114, exec_us=358, hits=5360, map=501)...[0m
[1;94m[*] [0mFuzzing test case #40 (674 total, 0 uniq crashes found, perf_score=86, exec_us=367, hits=1695, map=214)...[0m
[1;94m[*] [0mFuzzing test case #455 (674 total, 0 uniq crashes found, perf_score=114, exec_us=358, hits=5375, map=501)...[0m
[1;94m[*] [0mFuzzing test case #120 (674 total, 0 uniq crashes found, perf_score=86, exec_us=379, hits=660, map=240)...[0m
[1;94m[*] [0mFuzzing test case #262 (674 total, 0 uniq crashes found, perf_score=86, exec_us=399, hits=163, map=281)...[0m
[1;94m[*] [0mFuzzing test case #433 (674 total, 0 uniq crashes found, perf_score=229, exec_us=368, hits=1715, map=540)...[0m
[1;94m[*] [0mFuzzing test case #532 (674 total, 0 uniq crashes found, perf_score=229, exec_us=372, hits=364, map=488)...[0m
[1;94m[*] [0mFuzzing test case #546 (674 total, 0 uniq crashes found, perf_score=229, exec_us=380, hits=430, map=511)...[0m
[1;94m[*] [0mFuzzing test case #652 (674 total, 0 uniq crashes found, perf_score=229, exec_us=398, hits=887, map=307)...[0m
[1;94m[*] [0mFuzzing test case #638 (674 total, 0 uniq crashes found, perf_score=258, exec_us=437, hits=6371, map=266)...[0m
[1;94m[*] [0mFuzzing test case #455 (674 total, 0 uniq crashes found, perf_score=114, exec_us=358, hits=5384, map=501)...[0m
[1;94m[*] [0mFuzzing test case #318 (674 total, 0 uniq crashes found, perf_score=172, exec_us=420, hits=171, map=276)...[0m
[1;94m[*] [0mFuzzing test case #267 (674 total, 0 uniq crashes found, perf_score=200, exec_us=426, hits=11, map=459)...[0m
[1;94m[*] [0mFuzzing test case #120 (674 total, 0 uniq crashes found, perf_score=86, exec_us=379, hits=702, map=240)...[0m
[1;94m[*] [0mFuzzing test case #455 (674 total, 0 uniq crashes found, perf_score=114, exec_us=358, hits=5397, map=501)...[0m
[1;94m[*] [0mFuzzing test case #638 (674 total, 0 uniq crashes found, perf_score=258, exec_us=437, hits=6407, map=266)...[0m
[1;94m[*] [0mFuzzing test case #433 (674 total, 0 uniq crashes found, perf_score=229, exec_us=368, hits=1735, map=540)...[0m
[1;94m[*] [0mFuzzing test case #638 (674 total, 0 uniq crashes found, perf_score=258, exec_us=437, hits=6441, map=266)...[0m
[1;94m[*] [0mFuzzing test case #433 (674 total, 0 uniq crashes found, perf_score=229, exec_us=368, hits=1753, map=540)...[0m
[1;94m[*] [0mFuzzing test case #345 (674 total, 0 uniq crashes found, perf_score=86, exec_us=352, hits=56, map=226)...[0m
[1;94m[*] [0mFuzzing test case #638 (674 total, 0 uniq crashes found, perf_score=258, exec_us=437, hits=6478, map=266)...[0m
[1;94m[*] [0mFuzzing test case #1 (674 total, 0 uniq crashes found, perf_score=459, exec_us=371, hits=0, map=496)...[0m
[1;94m[*] [0mFuzzing test case #455 (674 total, 0 uniq crashes found, perf_score=114, exec_us=358, hits=5403, map=501)...[0m
[1;94m[*] [0mFuzzing test case #485 (674 total, 0 uniq crashes found, perf_score=150, exec_us=609, hits=1, map=518)...[0m
[1;93m[!] [1;97mWARNING: [0minstability detected during calibration
[0m
[1;94m[*] [0mFuzzing test case #532 (675 total, 0 uniq crashes found, perf_score=229, exec_us=372, hits=378, map=488)...[0m
[1;94m[*] [0mFuzzing test case #455 (675 total, 0 uniq crashes found, perf_score=114, exec_us=358, hits=5421, map=501)...[0m
[1;94m[*] [0mFuzzing test case #373 (675 total, 0 uniq crashes found, perf_score=86, exec_us=460, hits=97, map=257)...[0m
[1;94m[*] [0mFuzzing test case #345 (675 total, 0 uniq crashes found, perf_score=86, exec_us=352, hits=108, map=226)...[0m
[1;94m[*] [0mFuzzing test case #652 (675 total, 0 uniq crashes found, perf_score=229, exec_us=398, hits=920, map=307)...[0m
[1;94m[*] [0mFuzzing test case #652 (675 total, 0 uniq crashes found, perf_score=229, exec_us=398, hits=972, map=307)...[0m
[1;94m[*] [0mFuzzing test case #384 (675 total, 0 uniq crashes found, perf_score=114, exec_us=370, hits=301, map=366)...[0m
[1;94m[*] [0mFuzzing test case #364 (675 total, 0 uniq crashes found, perf_score=114, exec_us=376, hits=175, map=295)...[0m
[1;93m[!] [1;97mWARNING: [0minstability detected during calibration
[0m
[1;94m[*] [0mFuzzing test case #532 (676 total, 0 uniq crashes found, perf_score=229, exec_us=372, hits=404, map=488)...[0m
[1;94m[*] [0mFuzzing test case #311 (676 total, 0 uniq crashes found, perf_score=229, exec_us=368, hits=439, map=439)...[0m
[1;94m[*] [0mFuzzing test case #359 (676 total, 0 uniq crashes found, perf_score=114, exec_us=464, hits=111, map=294)...[0m
[1;94m[*] [0mFuzzing test case #502 (676 total, 0 uniq crashes found, perf_score=229, exec_us=365, hits=513, map=494)...[0m
[1;94m[*] [0mFuzzing test case #638 (676 total, 0 uniq crashes found, perf_score=258, exec_us=437, hits=6516, map=266)...[0m
[1;94m[*] [0mFuzzing test case #455 (676 total, 0 uniq crashes found, perf_score=114, exec_us=358, hits=5436, map=501)...[0m
[1;94m[*] [0mFuzzing test case #638 (676 total, 0 uniq crashes found, perf_score=258, exec_us=437, hits=6556, map=266)...[0m
[1;94m[*] [0mFuzzing test case #433 (676 total, 0 uniq crashes found, perf_score=229, exec_us=368, hits=1768, map=540)...[0m
[1;94m[*] [0mFuzzing test case #455 (676 total, 0 uniq crashes found, perf_score=114, exec_us=358, hits=5455, map=501)...[0m
[1;94m[*] [0mFuzzing test case #618 (676 total, 0 uniq crashes found, perf_score=229, exec_us=362, hits=529, map=343)...[0m
[1;94m[*] [0mFuzzing test case #455 (676 total, 0 uniq crashes found, perf_score=114, exec_us=358, hits=5473, map=501)...[0m
[1;94m[*] [0mFuzzing test case #638 (676 total, 0 uniq crashes found, perf_score=258, exec_us=437, hits=6603, map=266)...[0m
[1;94m[*] [0mFuzzing test case #652 (676 total, 0 uniq crashes found, perf_score=229, exec_us=398, hits=1015, map=307)...[0m
[1;94m[*] [0mFuzzing test case #638 (676 total, 0 uniq crashes found, perf_score=258, exec_us=437, hits=6632, map=266)...[0m
[1;94m[*] [0mFuzzing test case #502 (676 total, 0 uniq crashes found, perf_score=229, exec_us=365, hits=525, map=494)...[0m
[1;94m[*] [0mFuzzing test case #455 (676 total, 0 uniq crashes found, perf_score=114, exec_us=358, hits=5491, map=501)...[0m
[1;94m[*] [0mFuzzing test case #455 (676 total, 0 uniq crashes found, perf_score=114, exec_us=358, hits=5503, map=501)...[0m
[1;94m[*] [0mFuzzing test case #455 (676 total, 0 uniq crashes found, perf_score=114, exec_us=358, hits=5516, map=501)...[0m
[1;94m[*] [0mFuzzing test case #638 (676 total, 0 uniq crashes found, perf_score=258, exec_us=437, hits=6672, map=266)...[0m
[1;94m[*] [0mFuzzing test case #433 (676 total, 0 uniq crashes found, perf_score=229, exec_us=368, hits=1786, map=540)...[0m
[1;94m[*] [0mFuzzing test case #320 (676 total, 0 uniq crashes found, perf_score=114, exec_us=359, hits=223, map=320)...[0m
[1;94m[*] [0mFuzzing test case #40 (676 total, 0 uniq crashes found, perf_score=86, exec_us=367, hits=1787, map=214)...[0m
[1;94m[*] [0mFuzzing test case #606 (676 total, 0 uniq crashes found, perf_score=100, exec_us=578, hits=16, map=465)...[0m
[1;94m[*] [0mFuzzing test case #532 (676 total, 0 uniq crashes found, perf_score=229, exec_us=372, hits=431, map=488)...[0m
[1;94m[*] [0mFuzzing test case #652 (676 total, 0 uniq crashes found, perf_score=229, exec_us=398, hits=1060, map=307)...[0m
[1;94m[*] [0mFuzzing test case #500 (676 total, 0 uniq crashes found, perf_score=172, exec_us=444, hits=989, map=284)...[0m
[1;94m[*] [0mFuzzing test case #455 (676 total, 0 uniq crashes found, perf_score=114, exec_us=358, hits=5526, map=501)...[0m
[1;94m[*] [0mFuzzing test case #638 (676 total, 0 uniq crashes found, perf_score=258, exec_us=437, hits=6713, map=266)...[0m
[1;94m[*] [0mFuzzing test case #364 (676 total, 0 uniq crashes found, perf_score=114, exec_us=376, hits=218, map=295)...[0m
[1;94m[*] [0mFuzzing test case #638 (676 total, 0 uniq crashes found, perf_score=258, exec_us=437, hits=6753, map=266)...[0m
[1;94m[*] [0mFuzzing test case #532 (676 total, 0 uniq crashes found, perf_score=229, exec_us=372, hits=453, map=488)...[0m
[1;94m[*] [0mFuzzing test case #638 (676 total, 0 uniq crashes found, perf_score=258, exec_us=437, hits=6789, map=266)...[0m
[1;94m[*] [0mFuzzing test case #415 (676 total, 0 uniq crashes found, perf_score=229, exec_us=372, hits=1634, map=531)...[0m
[1;94m[*] [0mFuzzing test case #638 (676 total, 0 uniq crashes found, perf_score=258, exec_us=437, hits=6821, map=266)...[0m
[1;94m[*] [0mFuzzing test case #175 (676 total, 0 uniq crashes found, perf_score=86, exec_us=529, hits=196, map=245)...[0m
[1;94m[*] [0mFuzzing test case #433 (676 total, 0 uniq crashes found, perf_score=229, exec_us=368, hits=1816, map=540)...[0m
[1;94m[*] [0mFuzzing test case #638 (676 total, 0 uniq crashes found, perf_score=258, exec_us=437, hits=6844, map=266)...[0m
[1;94m[*] [0mFuzzing test case #500 (676 total, 0 uniq crashes found, perf_score=172, exec_us=444, hits=1040, map=284)...[0m
[1;94m[*] [0mFuzzing test case #638 (676 total, 0 uniq crashes found, perf_score=258, exec_us=437, hits=6878, map=266)...[0m
[1;94m[*] [0mFuzzing test case #455 (676 total, 0 uniq crashes found, perf_score=114, exec_us=358, hits=5544, map=501)...[0m
[1;94m[*] [0mFuzzing test case #384 (676 total, 0 uniq crashes found, perf_score=114, exec_us=370, hits=310, map=366)...[0m
[1;94m[*] [0mFuzzing test case #455 (676 total, 0 uniq crashes found, perf_score=114, exec_us=358, hits=5557, map=501)...[0m
[1;94m[*] [0mFuzzing test case #455 (676 total, 0 uniq crashes found, perf_score=114, exec_us=358, hits=5563, map=501)...[0m
[1;94m[*] [0mFuzzing test case #262 (676 total, 0 uniq crashes found, perf_score=86, exec_us=399, hits=196, map=281)...[0m
[1;94m[*] [0mFuzzing test case #455 (676 total, 0 uniq crashes found, perf_score=114, exec_us=358, hits=5571, map=501)...[0m
[1;94m[*] [0mFuzzing test case #455 (676 total, 0 uniq crashes found, perf_score=114, exec_us=358, hits=5580, map=501)...[0m
[1;94m[*] [0mFuzzing test case #455 (676 total, 0 uniq crashes found, perf_score=114, exec_us=358, hits=5599, map=501)...[0m
[1;94m[*] [0mFuzzing test case #638 (676 total, 0 uniq crashes found, perf_score=258, exec_us=437, hits=6920, map=266)...[0m
[1;94m[*] [0mFuzzing test case #167 (676 total, 0 uniq crashes found, perf_score=114, exec_us=364, hits=173, map=425)...[0m
[1;94m[*] [0mFuzzing test case #455 (676 total, 0 uniq crashes found, perf_score=114, exec_us=358, hits=5610, map=501)...[0m
[1;94m[*] [0mFuzzing test case #638 (676 total, 0 uniq crashes found, perf_score=258, exec_us=437, hits=6959, map=266)...[0m
[1;94m[*] [0mFuzzing test case #384 (676 total, 0 uniq crashes found, perf_score=114, exec_us=370, hits=315, map=366)...[0m
[1;94m[*] [0mFuzzing test case #638 (676 total, 0 uniq crashes found, perf_score=258, exec_us=437, hits=7012, map=266)...[0m
[1;94m[*] [0mFuzzing test case #638 (676 total, 0 uniq crashes found, perf_score=258, exec_us=437, hits=7052, map=266)...[0m
[1;94m[*] [0mFuzzing test case #147 (676 total, 0 uniq crashes found, perf_score=114, exec_us=401, hits=106, map=523)...[0m
[1;94m[*] [0mFuzzing test case #652 (676 total, 0 uniq crashes found, perf_score=229, exec_us=398, hits=1106, map=307)...[0m
[1;94m[*] [0mFuzzing test case #455 (676 total, 0 uniq crashes found, perf_score=114, exec_us=358, hits=5622, map=501)...[0m
[1;94m[*] [0mFuzzing test case #348 (676 total, 0 uniq crashes found, perf_score=114, exec_us=355, hits=183, map=322)...[0m
[1;94m[*] [0mFuzzing test case #455 (676 total, 0 uniq crashes found, perf_score=114, exec_us=358, hits=5629, map=501)...[0m
[1;94m[*] [0mFuzzing test case #652 (676 total, 0 uniq crashes found, perf_score=229, exec_us=398, hits=1146, map=307)...[0m
[1;94m[*] [0mFuzzing test case #642 (676 total, 0 uniq crashes found, perf_score=229, exec_us=438, hits=116, map=519)...[0m
[1;94m[*] [0mFuzzing test case #455 (676 total, 0 uniq crashes found, perf_score=114, exec_us=358, hits=5641, map=501)...[0m
[1;94m[*] [0mFuzzing test case #455 (676 total, 0 uniq crashes found, perf_score=114, exec_us=358, hits=5650, map=501)...[0m
[1;94m[*] [0mFuzzing test case #638 (676 total, 0 uniq crashes found, perf_score=258, exec_us=437, hits=7083, map=266)...[0m
[1;94m[*] [0mFuzzing test case #455 (676 total, 0 uniq crashes found, perf_score=114, exec_us=358, hits=5666, map=501)...[0m
[1;94m[*] [0mFuzzing test case #433 (676 total, 0 uniq crashes found, perf_score=229, exec_us=368, hits=1831, map=540)...[0m
[1;94m[*] [0mFuzzing test case #276 (676 total, 0 uniq crashes found, perf_score=172, exec_us=344, hits=676, map=218)...[0m
[1;94m[*] [0mFuzzing test case #638 (676 total, 0 uniq crashes found, perf_score=258, exec_us=437, hits=7125, map=266)...[0m
[1;94m[*] [0mFuzzing test case #38 (676 total, 0 uniq crashes found, perf_score=114, exec_us=387, hits=92, map=291)...[0m
[1;94m[*] [0mFuzzing test case #384 (676 total, 0 uniq crashes found, perf_score=114, exec_us=370, hits=320, map=366)...[0m
[1;94m[*] [0mFuzzing test case #433 (676 total, 0 uniq crashes found, perf_score=229, exec_us=368, hits=1845, map=540)...[0m
[1;94m[*] [0mFuzzing test case #455 (676 total, 0 uniq crashes found, perf_score=114, exec_us=358, hits=5678, map=501)...[0m
[1;94m[*] [0mFuzzing test case #455 (676 total, 0 uniq crashes found, perf_score=114, exec_us=358, hits=5700, map=501)...[0m
[1;94m[*] [0mFuzzing test case #59 (676 total, 0 uniq crashes found, perf_score=114, exec_us=360, hits=261, map=473)...[0m
[1;94m[*] [0mFuzzing test case #455 (676 total, 0 uniq crashes found, perf_score=114, exec_us=358, hits=5715, map=501)...[0m
[1;94m[*] [0mFuzzing test case #292 (676 total, 0 uniq crashes found, perf_score=114, exec_us=384, hits=308, map=287)...[0m
[1;94m[*] [0mFuzzing test case #652 (676 total, 0 uniq crashes found, perf_score=229, exec_us=398, hits=1195, map=307)...[0m
[1;94m[*] [0mFuzzing test case #499 (676 total, 0 uniq crashes found, perf_score=172, exec_us=373, hits=269, map=283)...[0m
[1;94m[*] [0mFuzzing test case #261 (676 total, 0 uniq crashes found, perf_score=114, exec_us=356, hits=238, map=471)...[0m
[1;94m[*] [0mFuzzing test case #638 (676 total, 0 uniq crashes found, perf_score=258, exec_us=437, hits=7173, map=266)...[0m
[1;94m[*] [0mFuzzing test case #455 (676 total, 0 uniq crashes found, perf_score=114, exec_us=358, hits=5725, map=501)...[0m
[1;94m[*] [0mFuzzing test case #638 (676 total, 0 uniq crashes found, perf_score=258, exec_us=437, hits=7204, map=266)...[0m
[1;94m[*] [0mFuzzing test case #455 (676 total, 0 uniq crashes found, perf_score=114, exec_us=358, hits=5738, map=501)...[0m
[1;94m[*] [0mFuzzing test case #652 (676 total, 0 uniq crashes found, perf_score=229, exec_us=398, hits=1237, map=307)...[0m
[1;94m[*] [0mFuzzing test case #652 (676 total, 0 uniq crashes found, perf_score=229, exec_us=398, hits=1267, map=307)...[0m
[1;94m[*] [0mFuzzing test case #638 (676 total, 0 uniq crashes found, perf_score=258, exec_us=437, hits=7238, map=266)...[0m
[1;94m[*] [0mFuzzing test case #455 (676 total, 0 uniq crashes found, perf_score=114, exec_us=358, hits=5753, map=501)...[0m
[1;94m[*] [0mFuzzing test case #638 (676 total, 0 uniq crashes found, perf_score=258, exec_us=437, hits=7266, map=266)...[0m
[1;94m[*] [0mFuzzing test case #292 (676 total, 0 uniq crashes found, perf_score=114, exec_us=384, hits=356, map=287)...[0m
[1;94m[*] [0mFuzzing test case #322 (676 total, 0 uniq crashes found, perf_score=114, exec_us=394, hits=108, map=298)...[0m
[1;94m[*] [0mFuzzing test case #41 (676 total, 0 uniq crashes found, perf_score=114, exec_us=369, hits=119, map=478)...[0m
[1;94m[*] [0mFuzzing test case #545 (676 total, 0 uniq crashes found, perf_score=200, exec_us=414, hits=2, map=517)...[0m
[1;94m[*] [0mFuzzing test case #455 (676 total, 0 uniq crashes found, perf_score=114, exec_us=358, hits=5767, map=501)...[0m
[1;94m[*] [0mFuzzing test case #455 (676 total, 0 uniq crashes found, perf_score=114, exec_us=358, hits=5778, map=501)...[0m
[1;94m[*] [0mFuzzing test case #455 (676 total, 0 uniq crashes found, perf_score=114, exec_us=358, hits=5791, map=501)...[0m
[1;94m[*] [0mFuzzing test case #311 (676 total, 0 uniq crashes found, perf_score=229, exec_us=368, hits=474, map=439)...[0m
[1;94m[*] [0mFuzzing test case #618 (676 total, 0 uniq crashes found, perf_score=229, exec_us=362, hits=566, map=343)...[0m
[1;94m[*] [0mFuzzing test case #455 (676 total, 0 uniq crashes found, perf_score=114, exec_us=358, hits=5804, map=501)...[0m
[1;94m[*] [0mFuzzing test case #439 (676 total, 0 uniq crashes found, perf_score=120, exec_us=386, hits=196, map=290)...[0m
[1;94m[*] [0mFuzzing test case #455 (676 total, 0 uniq crashes found, perf_score=114, exec_us=358, hits=5814, map=501)...[0m
[1;94m[*] [0mFuzzing test case #455 (676 total, 0 uniq crashes found, perf_score=114, exec_us=358, hits=5829, map=501)...[0m
[1;94m[*] [0mFuzzing test case #638 (676 total, 0 uniq crashes found, perf_score=258, exec_us=437, hits=7304, map=266)...[0m
[1;94m[*] [0mFuzzing test case #638 (676 total, 0 uniq crashes found, perf_score=258, exec_us=437, hits=7341, map=266)...[0m
[1;94m[*] [0mFuzzing test case #652 (676 total, 0 uniq crashes found, perf_score=229, exec_us=398, hits=1308, map=307)...[0m
[1;94m[*] [0mFuzzing test case #638 (676 total, 0 uniq crashes found, perf_score=258, exec_us=437, hits=7378, map=266)...[0m
[1;94m[*] [0mFuzzing test case #242 (676 total, 0 uniq crashes found, perf_score=114, exec_us=445, hits=278, map=290)...[0m
[1;94m[*] [0mFuzzing test case #455 (676 total, 0 uniq crashes found, perf_score=114, exec_us=358, hits=5852, map=501)...[0m
[1;94m[*] [0mFuzzing test case #455 (676 total, 0 uniq crashes found, perf_score=114, exec_us=358, hits=5865, map=501)...[0m
[1;94m[*] [0mFuzzing test case #455 (676 total, 0 uniq crashes found, perf_score=114, exec_us=358, hits=5882, map=501)...[0m
[1;94m[*] [0mFuzzing test case #384 (676 total, 0 uniq crashes found, perf_score=114, exec_us=370, hits=329, map=366)...[0m
[1;94m[*] [0mFuzzing test case #455 (676 total, 0 uniq crashes found, perf_score=114, exec_us=358, hits=5890, map=501)...[0m
[1;94m[*] [0mFuzzing test case #292 (676 total, 0 uniq crashes found, perf_score=114, exec_us=384, hits=398, map=287)...[0m
[1;94m[*] [0mFuzzing test case #500 (676 total, 0 uniq crashes found, perf_score=172, exec_us=444, hits=1110, map=284)...[0m
[1;94m[*] [0mFuzzing test case #38 (676 total, 0 uniq crashes found, perf_score=114, exec_us=387, hits=146, map=291)...[0m
[1;94m[*] [0mFuzzing test case #638 (676 total, 0 uniq crashes found, perf_score=258, exec_us=437, hits=7424, map=266)...[0m
[1;94m[*] [0mFuzzing test case #384 (676 total, 0 uniq crashes found, perf_score=114, exec_us=370, hits=341, map=366)...[0m
[1;94m[*] [0mFuzzing test case #455 (676 total, 0 uniq crashes found, perf_score=114, exec_us=358, hits=5903, map=501)...[0m
[1;94m[*] [0mFuzzing test case #638 (676 total, 0 uniq crashes found, perf_score=258, exec_us=437, hits=7470, map=266)...[0m
[1;94m[*] [0mFuzzing test case #638 (676 total, 0 uniq crashes found, perf_score=258, exec_us=437, hits=7504, map=266)...[0m
[1;94m[*] [0mFuzzing test case #455 (676 total, 0 uniq crashes found, perf_score=114, exec_us=358, hits=5915, map=501)...[0m
[1;94m[*] [0mFuzzing test case #628 (676 total, 0 uniq crashes found, perf_score=86, exec_us=607, hits=37, map=519)...[0m
[1;93m[!] [1;97mWARNING: [0minstability detected during calibration
[0m
[1;94m[*] [0mFuzzing test case #652 (677 total, 0 uniq crashes found, perf_score=229, exec_us=398, hits=1343, map=307)...[0m
[1;94m[*] [0mFuzzing test case #638 (677 total, 0 uniq crashes found, perf_score=258, exec_us=437, hits=7534, map=266)...[0m
[1;94m[*] [0mFuzzing test case #120 (677 total, 0 uniq crashes found, perf_score=86, exec_us=379, hits=748, map=240)...[0m
[1;94m[*] [0mFuzzing test case #349 (677 total, 0 uniq crashes found, perf_score=86, exec_us=360, hits=167, map=248)...[0m
[1;94m[*] [0mFuzzing test case #652 (677 total, 0 uniq crashes found, perf_score=229, exec_us=398, hits=1379, map=307)...[0m
[1;94m[*] [0mFuzzing test case #638 (677 total, 0 uniq crashes found, perf_score=258, exec_us=437, hits=7586, map=266)...[0m
[1;94m[*] [0mFuzzing test case #262 (677 total, 0 uniq crashes found, perf_score=86, exec_us=399, hits=216, map=281)...[0m
[1;94m[*] [0mFuzzing test case #638 (677 total, 0 uniq crashes found, perf_score=258, exec_us=437, hits=7626, map=266)...[0m
[1;94m[*] [0mFuzzing test case #276 (677 total, 0 uniq crashes found, perf_score=172, exec_us=344, hits=798, map=218)...[0m
[1;94m[*] [0mFuzzing test case #618 (677 total, 0 uniq crashes found, perf_score=229, exec_us=362, hits=615, map=343)...[0m
[1;94m[*] [0mFuzzing test case #292 (677 total, 0 uniq crashes found, perf_score=114, exec_us=384, hits=436, map=287)...[0m
[1;94m[*] [0mFuzzing test case #652 (677 total, 0 uniq crashes found, perf_score=229, exec_us=398, hits=1426, map=307)...[0m
[1;94m[*] [0mFuzzing test case #546 (677 total, 0 uniq crashes found, perf_score=229, exec_us=380, hits=452, map=511)...[0m
[1;94m[*] [0mFuzzing test case #59 (677 total, 0 uniq crashes found, perf_score=114, exec_us=360, hits=277, map=473)...[0m
[1;94m[*] [0mFuzzing test case #455 (677 total, 0 uniq crashes found, perf_score=114, exec_us=358, hits=5929, map=501)...[0m
[1;94m[*] [0mFuzzing test case #433 (677 total, 0 uniq crashes found, perf_score=229, exec_us=368, hits=1862, map=540)...[0m
[1;94m[*] [0mFuzzing test case #455 (677 total, 0 uniq crashes found, perf_score=114, exec_us=358, hits=5939, map=501)...[0m
[1;94m[*] [0mFuzzing test case #455 (677 total, 0 uniq crashes found, perf_score=114, exec_us=358, hits=5953, map=501)...[0m
[1;94m[*] [0mFuzzing test case #455 (677 total, 0 uniq crashes found, perf_score=114, exec_us=358, hits=5976, map=501)...[0m
[1;94m[*] [0mFuzzing test case #41 (677 total, 0 uniq crashes found, perf_score=114, exec_us=369, hits=137, map=478)...[0m
[1;94m[*] [0mFuzzing test case #292 (677 total, 0 uniq crashes found, perf_score=114, exec_us=384, hits=483, map=287)...[0m
[1;94m[*] [0mFuzzing test case #261 (677 total, 0 uniq crashes found, perf_score=114, exec_us=356, hits=282, map=471)...[0m
[1;94m[*] [0mFuzzing test case #455 (677 total, 0 uniq crashes found, perf_score=114, exec_us=358, hits=5988, map=501)...[0m
[1;94m[*] [0mFuzzing test case #638 (677 total, 0 uniq crashes found, perf_score=258, exec_us=437, hits=7671, map=266)...[0m
[1;94m[*] [0mFuzzing test case #455 (677 total, 0 uniq crashes found, perf_score=114, exec_us=358, hits=6005, map=501)...[0m
[1;94m[*] [0mFuzzing test case #638 (677 total, 0 uniq crashes found, perf_score=258, exec_us=437, hits=7713, map=266)...[0m
[1;94m[*] [0mFuzzing test case #118 (677 total, 0 uniq crashes found, perf_score=86, exec_us=366, hits=298, map=242)...[0m
[1;94m[*] [0mFuzzing test case #276 (677 total, 0 uniq crashes found, perf_score=172, exec_us=344, hits=918, map=218)...[0m
[1;94m[*] [0mFuzzing test case #455 (677 total, 0 uniq crashes found, perf_score=114, exec_us=358, hits=6024, map=501)...[0m
[1;94m[*] [0mFuzzing test case #455 (677 total, 0 uniq crashes found, perf_score=114, exec_us=358, hits=6041, map=501)...[0m
[1;94m[*] [0mFuzzing test case #652 (677 total, 0 uniq crashes found, perf_score=229, exec_us=398, hits=1466, map=307)...[0m
[1;94m[*] [0mFuzzing test case #638 (677 total, 0 uniq crashes found, perf_score=258, exec_us=437, hits=7753, map=266)...[0m
[1;94m[*] [0mFuzzing test case #455 (677 total, 0 uniq crashes found, perf_score=114, exec_us=358, hits=6056, map=501)...[0m
[1;94m[*] [0mFuzzing test case #455 (677 total, 0 uniq crashes found, perf_score=114, exec_us=358, hits=6067, map=501)...[0m
[1;94m[*] [0mFuzzing test case #433 (677 total, 0 uniq crashes found, perf_score=229, exec_us=368, hits=1888, map=540)...[0m
[1;94m[*] [0mFuzzing test case #502 (677 total, 0 uniq crashes found, perf_score=229, exec_us=365, hits=539, map=494)...[0m
[1;94m[*] [0mFuzzing test case #638 (677 total, 0 uniq crashes found, perf_score=258, exec_us=437, hits=7792, map=266)...[0m
[1;94m[*] [0mFuzzing test case #500 (677 total, 0 uniq crashes found, perf_score=172, exec_us=444, hits=1147, map=284)...[0m
[1;94m[*] [0mFuzzing test case #292 (677 total, 0 uniq crashes found, perf_score=114, exec_us=384, hits=511, map=287)...[0m
[1;94m[*] [0mFuzzing test case #455 (677 total, 0 uniq crashes found, perf_score=114, exec_us=358, hits=6082, map=501)...[0m
[1;94m[*] [0mFuzzing test case #455 (677 total, 0 uniq crashes found, perf_score=114, exec_us=358, hits=6090, map=501)...[0m
[1;94m[*] [0mFuzzing test case #292 (677 total, 0 uniq crashes found, perf_score=114, exec_us=384, hits=545, map=287)...[0m
[1;94m[*] [0mFuzzing test case #455 (677 total, 0 uniq crashes found, perf_score=114, exec_us=358, hits=6099, map=501)...[0m
[1;94m[*] [0mFuzzing test case #638 (677 total, 0 uniq crashes found, perf_score=258, exec_us=437, hits=7825, map=266)...[0m
[1;94m[*] [0mFuzzing test case #455 (677 total, 0 uniq crashes found, perf_score=114, exec_us=358, hits=6109, map=501)...[0m
[1;94m[*] [0mFuzzing test case #638 (677 total, 0 uniq crashes found, perf_score=258, exec_us=437, hits=7875, map=266)...[0m
[1;94m[*] [0mFuzzing test case #455 (677 total, 0 uniq crashes found, perf_score=114, exec_us=358, hits=6125, map=501)...[0m
[1;94m[*] [0mFuzzing test case #638 (677 total, 0 uniq crashes found, perf_score=258, exec_us=437, hits=7900, map=266)...[0m
[1;94m[*] [0mFuzzing test case #408 (677 total, 0 uniq crashes found, perf_score=229, exec_us=386, hits=1377, map=537)...[0m
[1;94m[*] [0mFuzzing test case #384 (677 total, 0 uniq crashes found, perf_score=114, exec_us=370, hits=344, map=366)...[0m
[1;94m[*] [0mFuzzing test case #455 (677 total, 0 uniq crashes found, perf_score=114, exec_us=358, hits=6138, map=501)...[0m
[1;94m[*] [0mFuzzing test case #455 (677 total, 0 uniq crashes found, perf_score=114, exec_us=358, hits=6156, map=501)...[0m
[1;94m[*] [0mFuzzing test case #455 (677 total, 0 uniq crashes found, perf_score=114, exec_us=358, hits=6169, map=501)...[0m
[1;94m[*] [0mFuzzing test case #502 (677 total, 0 uniq crashes found, perf_score=229, exec_us=365, hits=553, map=494)...[0m
[1;94m[*] [0mFuzzing test case #638 (677 total, 0 uniq crashes found, perf_score=258, exec_us=437, hits=7942, map=266)...[0m
[1;94m[*] [0mFuzzing test case #58 (677 total, 0 uniq crashes found, perf_score=114, exec_us=406, hits=86, map=527)...[0m
[1;94m[*] [0mFuzzing test case #159 (677 total, 0 uniq crashes found, perf_score=114, exec_us=356, hits=206, map=411)...[0m
[1;94m[*] [0mFuzzing test case #455 (677 total, 0 uniq crashes found, perf_score=114, exec_us=358, hits=6185, map=501)...[0m
[1;94m[*] [0mFuzzing test case #455 (677 total, 0 uniq crashes found, perf_score=114, exec_us=358, hits=6194, map=501)...[0m
[1;94m[*] [0mFuzzing test case #311 (677 total, 0 uniq crashes found, perf_score=229, exec_us=368, hits=522, map=439)...[0m
[1;93m[!] [1;97mWARNING: [0minstability detected during calibration
[0m
[1;94m[*] [0mFuzzing test case #677 (678 total, 0 uniq crashes found, perf_score=400, exec_us=350, hits=1, map=330)...[0m
[1;94m[*] [0mFuzzing test case #638 (678 total, 0 uniq crashes found, perf_score=258, exec_us=437, hits=7978, map=266)...[0m
[1;94m[*] [0mFuzzing test case #455 (678 total, 0 uniq crashes found, perf_score=114, exec_us=358, hits=6215, map=501)...[0m
[1;94m[*] [0mFuzzing test case #652 (678 total, 0 uniq crashes found, perf_score=229, exec_us=398, hits=1496, map=307)...[0m
[1;94m[*] [0mFuzzing test case #455 (678 total, 0 uniq crashes found, perf_score=114, exec_us=358, hits=6225, map=501)...[0m
[1;94m[*] [0mFuzzing test case #433 (678 total, 0 uniq crashes found, perf_score=229, exec_us=368, hits=1912, map=540)...[0m
[1;94m[*] [0mFuzzing test case #140 (678 total, 0 uniq crashes found, perf_score=86, exec_us=431, hits=110, map=218)...[0m
[1;94m[*] [0mFuzzing test case #455 (678 total, 0 uniq crashes found, perf_score=114, exec_us=358, hits=6238, map=501)...[0m
[1;94m[*] [0mFuzzing test case #638 (678 total, 0 uniq crashes found, perf_score=258, exec_us=437, hits=8011, map=266)...[0m
[1;94m[*] [0mFuzzing test case #292 (678 total, 0 uniq crashes found, perf_score=114, exec_us=384, hits=591, map=287)...[0m
[1;94m[*] [0mFuzzing test case #384 (678 total, 0 uniq crashes found, perf_score=114, exec_us=370, hits=347, map=366)...[0m
[1;94m[*] [0mFuzzing test case #499 (678 total, 0 uniq crashes found, perf_score=172, exec_us=373, hits=337, map=283)...[0m
[1;94m[*] [0mFuzzing test case #59 (678 total, 0 uniq crashes found, perf_score=114, exec_us=360, hits=293, map=473)...[0m
[1;94m[*] [0mFuzzing test case #164 (678 total, 0 uniq crashes found, perf_score=28, exec_us=343, hits=1409, map=81)...[0m
[1;94m[*] [0mFuzzing test case #652 (678 total, 0 uniq crashes found, perf_score=229, exec_us=398, hits=1541, map=307)...[0m
[1;94m[*] [0mFuzzing test case #415 (678 total, 0 uniq crashes found, perf_score=229, exec_us=372, hits=1655, map=531)...[0m
[1;94m[*] [0mFuzzing test case #455 (678 total, 0 uniq crashes found, perf_score=114, exec_us=358, hits=6254, map=501)...[0m
[1;94m[*] [0mFuzzing test case #455 (678 total, 0 uniq crashes found, perf_score=114, exec_us=358, hits=6265, map=501)...[0m
[1;94m[*] [0mFuzzing test case #38 (678 total, 0 uniq crashes found, perf_score=114, exec_us=387, hits=199, map=291)...[0m
[1;94m[*] [0mFuzzing test case #210 (678 total, 0 uniq crashes found, perf_score=86, exec_us=391, hits=269, map=234)...[0m
[1;94m[*] [0mFuzzing test case #433 (678 total, 0 uniq crashes found, perf_score=229, exec_us=368, hits=1935, map=540)...[0m
[1;94m[*] [0mFuzzing test case #433 (678 total, 0 uniq crashes found, perf_score=229, exec_us=368, hits=1953, map=540)...[0m
[1;94m[*] [0mFuzzing test case #455 (678 total, 0 uniq crashes found, perf_score=114, exec_us=358, hits=6278, map=501)...[0m
[1;94m[*] [0mFuzzing test case #638 (678 total, 0 uniq crashes found, perf_score=258, exec_us=437, hits=8058, map=266)...[0m
[1;94m[*] [0mFuzzing test case #455 (678 total, 0 uniq crashes found, perf_score=114, exec_us=358, hits=6285, map=501)...[0m
[1;94m[*] [0mFuzzing test case #638 (678 total, 0 uniq crashes found, perf_score=258, exec_us=437, hits=8093, map=266)...[0m
[1;94m[*] [0mFuzzing test case #638 (678 total, 0 uniq crashes found, perf_score=258, exec_us=437, hits=8138, map=266)...[0m
[1;94m[*] [0mFuzzing test case #638 (678 total, 0 uniq crashes found, perf_score=258, exec_us=437, hits=8175, map=266)...[0m
[1;94m[*] [0mFuzzing test case #318 (678 total, 0 uniq crashes found, perf_score=172, exec_us=420, hits=227, map=276)...[0m
[1;94m[*] [0mFuzzing test case #638 (678 total, 0 uniq crashes found, perf_score=258, exec_us=437, hits=8210, map=266)...[0m
[1;94m[*] [0mFuzzing test case #455 (678 total, 0 uniq crashes found, perf_score=114, exec_us=358, hits=6297, map=501)...[0m
[1;94m[*] [0mFuzzing test case #638 (678 total, 0 uniq crashes found, perf_score=258, exec_us=437, hits=8251, map=266)...[0m
[1;94m[*] [0mFuzzing test case #332 (678 total, 0 uniq crashes found, perf_score=114, exec_us=423, hits=48, map=311)...[0m
[1;94m[*] [0mFuzzing test case #638 (678 total, 0 uniq crashes found, perf_score=258, exec_us=437, hits=8281, map=266)...[0m
[1;94m[*] [0mFuzzing test case #638 (678 total, 0 uniq crashes found, perf_score=258, exec_us=437, hits=8325, map=266)...[0m
[1;94m[*] [0mFuzzing test case #318 (678 total, 0 uniq crashes found, perf_score=172, exec_us=420, hits=301, map=276)...[0m
[1;94m[*] [0mFuzzing test case #638 (678 total, 0 uniq crashes found, perf_score=258, exec_us=437, hits=8361, map=266)...[0m
[1;94m[*] [0mFuzzing test case #638 (678 total, 0 uniq crashes found, perf_score=258, exec_us=437, hits=8398, map=266)...[0m
[1;94m[*] [0mFuzzing test case #638 (678 total, 0 uniq crashes found, perf_score=258, exec_us=437, hits=8440, map=266)...[0m
[1;94m[*] [0mFuzzing test case #455 (678 total, 0 uniq crashes found, perf_score=114, exec_us=358, hits=6315, map=501)...[0m
[1;94m[*] [0mFuzzing test case #638 (678 total, 0 uniq crashes found, perf_score=258, exec_us=437, hits=8494, map=266)...[0m
[1;94m[*] [0mFuzzing test case #662 (678 total, 0 uniq crashes found, perf_score=114, exec_us=379, hits=213, map=294)...[0m
[1;94m[*] [0mFuzzing test case #638 (678 total, 0 uniq crashes found, perf_score=258, exec_us=437, hits=8520, map=266)...[0m
[1;94m[*] [0mFuzzing test case #638 (678 total, 0 uniq crashes found, perf_score=258, exec_us=437, hits=8554, map=266)...[0m
[1;94m[*] [0mFuzzing test case #433 (678 total, 0 uniq crashes found, perf_score=229, exec_us=368, hits=1968, map=540)...[0m
[1;94m[*] [0mFuzzing test case #88 (678 total, 0 uniq crashes found, perf_score=86, exec_us=395, hits=167, map=219)...[0m
[1;94m[*] [0mFuzzing test case #455 (678 total, 0 uniq crashes found, perf_score=114, exec_us=358, hits=6325, map=501)...[0m
[1;94m[*] [0mFuzzing test case #638 (678 total, 0 uniq crashes found, perf_score=258, exec_us=437, hits=8585, map=266)...[0m
[1;94m[*] [0mFuzzing test case #455 (678 total, 0 uniq crashes found, perf_score=114, exec_us=358, hits=6338, map=501)...[0m
[1;94m[*] [0mFuzzing test case #658 (678 total, 0 uniq crashes found, perf_score=345, exec_us=342, hits=88, map=315)...[0m
[1;94m[*] [0mFuzzing test case #500 (678 total, 0 uniq crashes found, perf_score=172, exec_us=444, hits=1200, map=284)...[0m
[1;94m[*] [0mFuzzing test case #641 (678 total, 0 uniq crashes found, perf_score=229, exec_us=461, hits=74, map=545)...[0m
[1;94m[*] [0mFuzzing test case #433 (678 total, 0 uniq crashes found, perf_score=229, exec_us=368, hits=1988, map=540)...[0m
[1;94m[*] [0mFuzzing test case #653 (678 total, 0 uniq crashes found, perf_score=345, exec_us=396, hits=3920, map=317)...[0m
[1;94m[*] [0mFuzzing test case #311 (678 total, 0 uniq crashes found, perf_score=229, exec_us=368, hits=555, map=439)...[0m
[1;94m[*] [0mFuzzing test case #638 (678 total, 0 uniq crashes found, perf_score=258, exec_us=437, hits=8615, map=266)...[0m
[1;94m[*] [0mFuzzing test case #638 (678 total, 0 uniq crashes found, perf_score=258, exec_us=437, hits=8650, map=266)...[0m
[1;94m[*] [0mFuzzing test case #652 (678 total, 0 uniq crashes found, perf_score=229, exec_us=398, hits=1571, map=307)...[0m
[1;94m[*] [0mFuzzing test case #638 (678 total, 0 uniq crashes found, perf_score=258, exec_us=437, hits=8689, map=266)...[0m
[1;94m[*] [0mFuzzing test case #455 (678 total, 0 uniq crashes found, perf_score=114, exec_us=358, hits=6349, map=501)...[0m
[1;94m[*] [0mFuzzing test case #103 (678 total, 0 uniq crashes found, perf_score=114, exec_us=379, hits=121, map=424)...[0m
[1;94m[*] [0mFuzzing test case #455 (678 total, 0 uniq crashes found, perf_score=114, exec_us=358, hits=6363, map=501)...[0m
[1;94m[*] [0mFuzzing test case #638 (678 total, 0 uniq crashes found, perf_score=258, exec_us=437, hits=8728, map=266)...[0m
[1;94m[*] [0mFuzzing test case #638 (678 total, 0 uniq crashes found, perf_score=258, exec_us=437, hits=8758, map=266)...[0m
[1;94m[*] [0mFuzzing test case #652 (678 total, 0 uniq crashes found, perf_score=229, exec_us=398, hits=1600, map=307)...[0m
[1;94m[*] [0mFuzzing test case #311 (678 total, 0 uniq crashes found, perf_score=229, exec_us=368, hits=583, map=439)...[0m
[1;94m[*] [0mFuzzing test case #638 (678 total, 0 uniq crashes found, perf_score=258, exec_us=437, hits=8813, map=266)...[0m
[1;94m[*] [0mFuzzing test case #384 (678 total, 0 uniq crashes found, perf_score=114, exec_us=370, hits=351, map=366)...[0m
[1;94m[*] [0mFuzzing test case #484 (678 total, 0 uniq crashes found, perf_score=200, exec_us=378, hits=1, map=519)...[0m
[1;94m[*] [0mFuzzing test case #677 (678 total, 0 uniq crashes found, perf_score=229, exec_us=350, hits=63, map=330)...[0m
[1;94m[*] [0mFuzzing test case #475 (678 total, 0 uniq crashes found, perf_score=229, exec_us=355, hits=762, map=521)...[0m
[1;94m[*] [0mFuzzing test case #455 (678 total, 0 uniq crashes found, perf_score=114, exec_us=358, hits=6383, map=501)...[0m
[1;94m[*] [0mFuzzing test case #532 (678 total, 0 uniq crashes found, perf_score=229, exec_us=372, hits=473, map=488)...[0m
[1;93m[!] [1;97mWARNING: [0minstability detected during calibration
[0m
[1;94m[*] [0mFuzzing test case #273 (679 total, 0 uniq crashes found, perf_score=172, exec_us=347, hits=450, map=266)...[0m
[1;94m[*] [0mFuzzing test case #433 (679 total, 0 uniq crashes found, perf_score=229, exec_us=368, hits=2006, map=540)...[0m
[1;94m[*] [0mFuzzing test case #336 (679 total, 0 uniq crashes found, perf_score=114, exec_us=354, hits=161, map=318)...[0m
[1;94m[*] [0mFuzzing test case #455 (679 total, 0 uniq crashes found, perf_score=114, exec_us=358, hits=6397, map=501)...[0m
[1;94m[*] [0mFuzzing test case #347 (679 total, 0 uniq crashes found, perf_score=86, exec_us=356, hits=128, map=276)...[0m
[1;94m[*] [0mFuzzing test case #638 (679 total, 0 uniq crashes found, perf_score=258, exec_us=437, hits=8848, map=266)...[0m
[1;94m[*] [0mFuzzing test case #364 (679 total, 0 uniq crashes found, perf_score=114, exec_us=376, hits=255, map=295)...[0m
[1;94m[*] [0mFuzzing test case #433 (679 total, 0 uniq crashes found, perf_score=229, exec_us=368, hits=2026, map=540)...[0m
[1;94m[*] [0mFuzzing test case #482 (679 total, 0 uniq crashes found, perf_score=150, exec_us=583, hits=52, map=512)...[0m
[1;94m[*] [0mFuzzing test case #652 (679 total, 0 uniq crashes found, perf_score=229, exec_us=398, hits=1638, map=307)...[0m
[1;94m[*] [0mFuzzing test case #455 (679 total, 0 uniq crashes found, perf_score=114, exec_us=358, hits=6409, map=501)...[0m
[1;94m[*] [0mFuzzing test case #652 (679 total, 0 uniq crashes found, perf_score=229, exec_us=398, hits=1676, map=307)...[0m
[1;94m[*] [0mFuzzing test case #391 (679 total, 0 uniq crashes found, perf_score=200, exec_us=453, hits=1, map=517)...[0m
[1;94m[*] [0mFuzzing test case #600 (679 total, 0 uniq crashes found, perf_score=229, exec_us=357, hits=224, map=292)...[0m
[1;94m[*] [0mFuzzing test case #65 (679 total, 0 uniq crashes found, perf_score=86, exec_us=365, hits=258, map=232)...[0m
[1;94m[*] [0mFuzzing test case #638 (679 total, 0 uniq crashes found, perf_score=258, exec_us=437, hits=8894, map=266)...[0m
[1;94m[*] [0mFuzzing test case #638 (679 total, 0 uniq crashes found, perf_score=258, exec_us=437, hits=8936, map=266)...[0m
[1;94m[*] [0mFuzzing test case #502 (679 total, 0 uniq crashes found, perf_score=229, exec_us=365, hits=565, map=494)...[0m
[1;94m[*] [0mFuzzing test case #499 (679 total, 0 uniq crashes found, perf_score=172, exec_us=373, hits=401, map=283)...[0m
[1;94m[*] [0mFuzzing test case #384 (679 total, 0 uniq crashes found, perf_score=114, exec_us=370, hits=355, map=366)...[0m
[1;94m[*] [0mFuzzing test case #638 (679 total, 0 uniq crashes found, perf_score=258, exec_us=437, hits=8971, map=266)...[0m
[1;94m[*] [0mFuzzing test case #455 (679 total, 0 uniq crashes found, perf_score=114, exec_us=358, hits=6423, map=501)...[0m
[1;94m[*] [0mFuzzing test case #412 (679 total, 0 uniq crashes found, perf_score=229, exec_us=379, hits=144, map=538)...[0m
[1;94m[*] [0mFuzzing test case #638 (679 total, 0 uniq crashes found, perf_score=258, exec_us=437, hits=9006, map=266)...[0m
[1;94m[*] [0mFuzzing test case #652 (679 total, 0 uniq crashes found, perf_score=229, exec_us=398, hits=1722, map=307)...[0m
[1;94m[*] [0mFuzzing test case #638 (679 total, 0 uniq crashes found, perf_score=258, exec_us=437, hits=9034, map=266)...[0m
[1;94m[*] [0mFuzzing test case #455 (679 total, 0 uniq crashes found, perf_score=114, exec_us=358, hits=6439, map=501)...[0m
[1;94m[*] [0mFuzzing test case #638 (679 total, 0 uniq crashes found, perf_score=258, exec_us=437, hits=9070, map=266)...[0m
[1;94m[*] [0mFuzzing test case #56 (679 total, 0 uniq crashes found, perf_score=114, exec_us=415, hits=251, map=312)...[0m
[1;94m[*] [0mFuzzing test case #455 (679 total, 0 uniq crashes found, perf_score=114, exec_us=358, hits=6455, map=501)...[0m
[1;94m[*] [0mFuzzing test case #677 (679 total, 0 uniq crashes found, perf_score=229, exec_us=350, hits=89, map=330)...[0m
[1;94m[*] [0mFuzzing test case #677 (679 total, 0 uniq crashes found, perf_score=229, exec_us=350, hits=114, map=330)...[0m
[1;94m[*] [0mFuzzing test case #638 (679 total, 0 uniq crashes found, perf_score=258, exec_us=437, hits=9111, map=266)...[0m
[1;94m[*] [0mFuzzing test case #292 (679 total, 0 uniq crashes found, perf_score=114, exec_us=384, hits=629, map=287)...[0m
[1;94m[*] [0mFuzzing test case #455 (679 total, 0 uniq crashes found, perf_score=114, exec_us=358, hits=6465, map=501)...[0m
[1;94m[*] [0mFuzzing test case #638 (679 total, 0 uniq crashes found, perf_score=258, exec_us=437, hits=9158, map=266)...[0m
[1;94m[*] [0mFuzzing test case #638 (679 total, 0 uniq crashes found, perf_score=258, exec_us=437, hits=9200, map=266)...[0m
[1;94m[*] [0mFuzzing test case #656 (679 total, 0 uniq crashes found, perf_score=345, exec_us=413, hits=623, map=299)...[0m
[1;94m[*] [0mFuzzing test case #638 (679 total, 0 uniq crashes found, perf_score=258, exec_us=437, hits=9243, map=266)...[0m
[1;94m[*] [0mFuzzing test case #455 (679 total, 0 uniq crashes found, perf_score=114, exec_us=358, hits=6480, map=501)...[0m
[1;94m[*] [0mFuzzing test case #638 (679 total, 0 uniq crashes found, perf_score=258, exec_us=437, hits=9275, map=266)...[0m
[1;94m[*] [0mFuzzing test case #147 (679 total, 0 uniq crashes found, perf_score=114, exec_us=401, hits=114, map=523)...[0m
[1;93m[!] [1;97mWARNING: [0minstability detected during calibration
[0m
[1;94m[*] [0mFuzzing test case #532 (680 total, 0 uniq crashes found, perf_score=229, exec_us=372, hits=524, map=488)...[0m
[1;94m[*] [0mFuzzing test case #375 (680 total, 0 uniq crashes found, perf_score=114, exec_us=388, hits=132, map=554)...[0m
[1;94m[*] [0mFuzzing test case #638 (680 total, 0 uniq crashes found, perf_score=258, exec_us=437, hits=9304, map=266)...[0m
[1;94m[*] [0mFuzzing test case #455 (680 total, 0 uniq crashes found, perf_score=114, exec_us=358, hits=6492, map=501)...[0m
[1;94m[*] [0mFuzzing test case #638 (680 total, 0 uniq crashes found, perf_score=258, exec_us=437, hits=9329, map=266)...[0m
[1;94m[*] [0mFuzzing test case #455 (680 total, 0 uniq crashes found, perf_score=114, exec_us=358, hits=6510, map=501)...[0m
[1;94m[*] [0mFuzzing test case #532 (680 total, 0 uniq crashes found, perf_score=229, exec_us=372, hits=545, map=488)...[0m
[1;94m[*] [0mFuzzing test case #638 (680 total, 0 uniq crashes found, perf_score=258, exec_us=437, hits=9373, map=266)...[0m
[1;94m[*] [0mFuzzing test case #638 (680 total, 0 uniq crashes found, perf_score=258, exec_us=437, hits=9411, map=266)...[0m
[1;94m[*] [0mFuzzing test case #455 (680 total, 0 uniq crashes found, perf_score=114, exec_us=358, hits=6523, map=501)...[0m
[1;94m[*] [0mFuzzing test case #58 (680 total, 0 uniq crashes found, perf_score=114, exec_us=406, hits=93, map=527)...[0m
[1;94m[*] [0mFuzzing test case #75 (680 total, 0 uniq crashes found, perf_score=114, exec_us=411, hits=127, map=376)...[0m
[1;94m[*] [0mFuzzing test case #455 (680 total, 0 uniq crashes found, perf_score=114, exec_us=358, hits=6543, map=501)...[0m
[1;94m[*] [0mFuzzing test case #638 (680 total, 0 uniq crashes found, perf_score=258, exec_us=437, hits=9449, map=266)...[0m
[1;94m[*] [0mFuzzing test case #655 (680 total, 0 uniq crashes found, perf_score=345, exec_us=424, hits=400, map=320)...[0m
[1;94m[*] [0mFuzzing test case #455 (680 total, 0 uniq crashes found, perf_score=114, exec_us=358, hits=6554, map=501)...[0m
[1;94m[*] [0mFuzzing test case #569 (680 total, 0 uniq crashes found, perf_score=229, exec_us=359, hits=4082, map=506)...[0m
[1;94m[*] [0mFuzzing test case #433 (680 total, 0 uniq crashes found, perf_score=229, exec_us=368, hits=2055, map=540)...[0m
[1;94m[*] [0mFuzzing test case #455 (680 total, 0 uniq crashes found, perf_score=114, exec_us=358, hits=6568, map=501)...[0m
[1;94m[*] [0mFuzzing test case #677 (680 total, 0 uniq crashes found, perf_score=229, exec_us=350, hits=145, map=330)...[0m
[1;94m[*] [0mFuzzing test case #408 (680 total, 0 uniq crashes found, perf_score=229, exec_us=386, hits=1394, map=537)...[0m
[1;94m[*] [0mFuzzing test case #652 (680 total, 0 uniq crashes found, perf_score=229, exec_us=398, hits=1759, map=307)...[0m
[1;94m[*] [0mFuzzing test case #638 (680 total, 0 uniq crashes found, perf_score=258, exec_us=437, hits=9492, map=266)...[0m
[1;94m[*] [0mFuzzing test case #677 (680 total, 0 uniq crashes found, perf_score=229, exec_us=350, hits=168, map=330)...[0m
[1;94m[*] [0mFuzzing test case #638 (680 total, 0 uniq crashes found, perf_score=258, exec_us=437, hits=9525, map=266)...[0m
[1;94m[*] [0mFuzzing test case #652 (680 total, 0 uniq crashes found, perf_score=229, exec_us=398, hits=1809, map=307)...[0m
[1;94m[*] [0mFuzzing test case #546 (680 total, 0 uniq crashes found, perf_score=229, exec_us=380, hits=481, map=511)...[0m
[1;94m[*] [0mFuzzing test case #638 (680 total, 0 uniq crashes found, perf_score=258, exec_us=437, hits=9562, map=266)...[0m
[1;94m[*] [0mFuzzing test case #638 (680 total, 0 uniq crashes found, perf_score=258, exec_us=437, hits=9588, map=266)...[0m
[1;94m[*] [0mFuzzing test case #677 (680 total, 0 uniq crashes found, perf_score=229, exec_us=350, hits=196, map=330)...[0m
[1;94m[*] [0mFuzzing test case #40 (680 total, 0 uniq crashes found, perf_score=86, exec_us=367, hits=2023, map=214)...[0m
[1;94m[*] [0mFuzzing test case #677 (680 total, 0 uniq crashes found, perf_score=229, exec_us=350, hits=217, map=330)...[0m
[1;94m[*] [0mFuzzing test case #638 (680 total, 0 uniq crashes found, perf_score=258, exec_us=437, hits=9625, map=266)...[0m
[1;94m[*] [0mFuzzing test case #455 (680 total, 0 uniq crashes found, perf_score=114, exec_us=358, hits=6583, map=501)...[0m
[1;94m[*] [0mFuzzing test case #546 (680 total, 0 uniq crashes found, perf_score=229, exec_us=380, hits=496, map=511)...[0m
[1;94m[*] [0mFuzzing test case #677 (680 total, 0 uniq crashes found, perf_score=229, exec_us=350, hits=249, map=330)...[0m
[1;94m[*] [0mFuzzing test case #638 (680 total, 0 uniq crashes found, perf_score=258, exec_us=437, hits=9669, map=266)...[0m
[1;94m[*] [0mFuzzing test case #652 (680 total, 0 uniq crashes found, perf_score=229, exec_us=398, hits=1842, map=307)...[0m
[1;94m[*] [0mFuzzing test case #500 (680 total, 0 uniq crashes found, perf_score=172, exec_us=444, hits=1255, map=284)...[0m
[1;94m[*] [0mFuzzing test case #652 (680 total, 0 uniq crashes found, perf_score=229, exec_us=398, hits=1892, map=307)...[0m
[1;94m[*] [0mFuzzing test case #455 (680 total, 0 uniq crashes found, perf_score=114, exec_us=358, hits=6593, map=501)...[0m
[1;94m[*] [0mFuzzing test case #677 (680 total, 0 uniq crashes found, perf_score=229, exec_us=350, hits=279, map=330)...[0m
[1;93m[!] [1;97mWARNING: [0minstability detected during calibration
[0m
[1;94m[*] [0mFuzzing test case #638 (681 total, 0 uniq crashes found, perf_score=258, exec_us=437, hits=9700, map=266)...[0m
[1;94m[*] [0mFuzzing test case #444 (681 total, 0 uniq crashes found, perf_score=200, exec_us=390, hits=7, map=529)...[0m
[1;94m[*] [0mFuzzing test case #201 (681 total, 0 uniq crashes found, perf_score=64, exec_us=584, hits=63, map=268)...[0m
[1;94m[*] [0mFuzzing test case #638 (681 total, 0 uniq crashes found, perf_score=258, exec_us=437, hits=9735, map=266)...[0m
[1;94m[*] [0mFuzzing test case #652 (681 total, 0 uniq crashes found, perf_score=229, exec_us=398, hits=1938, map=307)...[0m
[1;94m[*] [0mFuzzing test case #433 (681 total, 0 uniq crashes found, perf_score=229, exec_us=368, hits=2073, map=540)...[0m
[1;94m[*] [0mFuzzing test case #455 (681 total, 0 uniq crashes found, perf_score=114, exec_us=358, hits=6608, map=501)...[0m
[1;94m[*] [0mFuzzing test case #662 (681 total, 0 uniq crashes found, perf_score=114, exec_us=379, hits=263, map=294)...[0m
[1;94m[*] [0mFuzzing test case #652 (681 total, 0 uniq crashes found, perf_score=229, exec_us=398, hits=1989, map=307)...[0m
[1;94m[*] [0mFuzzing test case #433 (681 total, 0 uniq crashes found, perf_score=229, exec_us=368, hits=2095, map=540)...[0m
[1;94m[*] [0mFuzzing test case #455 (681 total, 0 uniq crashes found, perf_score=114, exec_us=358, hits=6621, map=501)...[0m
[1;94m[*] [0mFuzzing test case #320 (681 total, 0 uniq crashes found, perf_score=114, exec_us=359, hits=265, map=320)...[0m
[1;94m[*] [0mFuzzing test case #652 (681 total, 0 uniq crashes found, perf_score=229, exec_us=398, hits=2028, map=307)...[0m
[1;94m[*] [0mFuzzing test case #652 (681 total, 0 uniq crashes found, perf_score=229, exec_us=398, hits=2067, map=307)...[0m
[1;94m[*] [0mFuzzing test case #455 (681 total, 0 uniq crashes found, perf_score=114, exec_us=358, hits=6628, map=501)...[0m
[1;94m[*] [0mFuzzing test case #337 (681 total, 0 uniq crashes found, perf_score=114, exec_us=392, hits=111, map=299)...[0m
[1;94m[*] [0mFuzzing test case #433 (681 total, 0 uniq crashes found, perf_score=229, exec_us=368, hits=2109, map=540)...[0m
[1;94m[*] [0mFuzzing test case #455 (681 total, 0 uniq crashes found, perf_score=114, exec_us=358, hits=6639, map=501)...[0m
[1;94m[*] [0mFuzzing test case #455 (681 total, 0 uniq crashes found, perf_score=114, exec_us=358, hits=6657, map=501)...[0m
[1;94m[*] [0mFuzzing test case #677 (681 total, 0 uniq crashes found, perf_score=229, exec_us=350, hits=310, map=330)...[0m
[1;94m[*] [0mFuzzing test case #455 (681 total, 0 uniq crashes found, perf_score=114, exec_us=358, hits=6663, map=501)...[0m
[1;94m[*] [0mFuzzing test case #557 (681 total, 0 uniq crashes found, perf_score=114, exec_us=371, hits=220, map=319)...[0m
[1;94m[*] [0mFuzzing test case #370 (681 total, 0 uniq crashes found, perf_score=86, exec_us=444, hits=45, map=266)...[0m
[1;94m[*] [0mFuzzing test case #455 (681 total, 0 uniq crashes found, perf_score=114, exec_us=358, hits=6680, map=501)...[0m
[1;94m[*] [0mFuzzing test case #638 (681 total, 0 uniq crashes found, perf_score=258, exec_us=437, hits=9777, map=266)...[0m
[1;94m[*] [0mFuzzing test case #638 (681 total, 0 uniq crashes found, perf_score=258, exec_us=437, hits=9816, map=266)...[0m
[1;94m[*] [0mFuzzing test case #567 (681 total, 0 uniq crashes found, perf_score=200, exec_us=401, hits=1, map=511)...[0m
[1;94m[*] [0mFuzzing test case #677 (681 total, 0 uniq crashes found, perf_score=229, exec_us=350, hits=336, map=330)...[0m
[1;94m[*] [0mFuzzing test case #455 (681 total, 0 uniq crashes found, perf_score=114, exec_us=358, hits=6698, map=501)...[0m
[1;94m[*] [0mFuzzing test case #345 (681 total, 0 uniq crashes found, perf_score=86, exec_us=352, hits=159, map=226)...[0m
[1;94m[*] [0mFuzzing test case #144 (681 total, 0 uniq crashes found, perf_score=100, exec_us=516, hits=1, map=405)...[0m
[1;94m[*] [0mFuzzing test case #502 (681 total, 0 uniq crashes found, perf_score=229, exec_us=365, hits=572, map=494)...[0m
[1;94m[*] [0mFuzzing test case #618 (681 total, 0 uniq crashes found, perf_score=229, exec_us=362, hits=659, map=343)...[0m
[1;94m[*] [0mFuzzing test case #455 (681 total, 0 uniq crashes found, perf_score=114, exec_us=358, hits=6710, map=501)...[0m
[1;94m[*] [0mFuzzing test case #364 (681 total, 0 uniq crashes found, perf_score=114, exec_us=376, hits=289, map=295)...[0m
[1;94m[*] [0mFuzzing test case #638 (681 total, 0 uniq crashes found, perf_score=258, exec_us=437, hits=9854, map=266)...[0m
[1;94m[*] [0mFuzzing test case #638 (681 total, 0 uniq crashes found, perf_score=258, exec_us=437, hits=9889, map=266)...[0m
[1;94m[*] [0mFuzzing test case #455 (681 total, 0 uniq crashes found, perf_score=114, exec_us=358, hits=6728, map=501)...[0m
[1;94m[*] [0mFuzzing test case #677 (681 total, 0 uniq crashes found, perf_score=229, exec_us=350, hits=363, map=330)...[0m
[1;93m[!] [1;97mWARNING: [0minstability detected during calibration
[0m
[1;94m[*] [0mFuzzing test case #663 (682 total, 0 uniq crashes found, perf_score=229, exec_us=359, hits=112, map=480)...[0m
[1;94m[*] [0mFuzzing test case #618 (682 total, 0 uniq crashes found, perf_score=229, exec_us=362, hits=700, map=343)...[0m
[1;94m[*] [0mFuzzing test case #455 (682 total, 0 uniq crashes found, perf_score=114, exec_us=358, hits=6741, map=501)...[0m
[1;94m[*] [0mFuzzing test case #455 (682 total, 0 uniq crashes found, perf_score=114, exec_us=358, hits=6758, map=501)...[0m
[1;94m[*] [0mFuzzing test case #210 (682 total, 0 uniq crashes found, perf_score=86, exec_us=391, hits=305, map=234)...[0m
[1;94m[*] [0mFuzzing test case #618 (682 total, 0 uniq crashes found, perf_score=229, exec_us=362, hits=743, map=343)...[0m
[1;94m[*] [0mFuzzing test case #638 (682 total, 0 uniq crashes found, perf_score=258, exec_us=437, hits=9925, map=266)...[0m
[1;94m[*] [0mFuzzing test case #375 (682 total, 0 uniq crashes found, perf_score=114, exec_us=388, hits=151, map=554)...[0m
[1;94m[*] [0mFuzzing test case #475 (682 total, 0 uniq crashes found, perf_score=229, exec_us=355, hits=830, map=521)...[0m
[1;94m[*] [0mFuzzing test case #455 (682 total, 0 uniq crashes found, perf_score=114, exec_us=358, hits=6774, map=501)...[0m
[1;94m[*] [0mFuzzing test case #384 (682 total, 0 uniq crashes found, perf_score=114, exec_us=370, hits=366, map=366)...[0m
[1;94m[*] [0mFuzzing test case #345 (682 total, 0 uniq crashes found, perf_score=86, exec_us=352, hits=217, map=226)...[0m
[1;94m[*] [0mFuzzing test case #98 (682 total, 0 uniq crashes found, perf_score=75, exec_us=442, hits=1, map=241)...[0m
[1;94m[*] [0mFuzzing test case #384 (682 total, 0 uniq crashes found, perf_score=114, exec_us=370, hits=375, map=366)...[0m
[1;94m[*] [0mFuzzing test case #500 (682 total, 0 uniq crashes found, perf_score=172, exec_us=444, hits=1324, map=284)...[0m
[1;94m[*] [0mFuzzing test case #638 (682 total, 0 uniq crashes found, perf_score=258, exec_us=437, hits=9972, map=266)...[0m
[1;94m[*] [0mFuzzing test case #320 (682 total, 0 uniq crashes found, perf_score=114, exec_us=359, hits=297, map=320)...[0m
[1;94m[*] [0mFuzzing test case #652 (682 total, 0 uniq crashes found, perf_score=229, exec_us=398, hits=2101, map=307)...[0m
[1;94m[*] [0mFuzzing test case #638 (682 total, 0 uniq crashes found, perf_score=258, exec_us=437, hits=10011, map=266)...[0m
[1;94m[*] [0mFuzzing test case #638 (682 total, 0 uniq crashes found, perf_score=258, exec_us=437, hits=10052, map=266)...[0m
[1;94m[*] [0mFuzzing test case #455 (682 total, 0 uniq crashes found, perf_score=114, exec_us=358, hits=6785, map=501)...[0m
[1;94m[*] [0mFuzzing test case #455 (682 total, 0 uniq crashes found, perf_score=114, exec_us=358, hits=6797, map=501)...[0m
[1;94m[*] [0mFuzzing test case #681 (682 total, 0 uniq crashes found, perf_score=400, exec_us=403, hits=1, map=330)...[0m
[1;94m[*] [0mFuzzing test case #345 (682 total, 0 uniq crashes found, perf_score=86, exec_us=352, hits=290, map=226)...[0m
[1;94m[*] [0mFuzzing test case #618 (682 total, 0 uniq crashes found, perf_score=229, exec_us=362, hits=786, map=343)...[0m
[1;94m[*] [0mFuzzing test case #455 (682 total, 0 uniq crashes found, perf_score=114, exec_us=358, hits=6809, map=501)...[0m
[1;94m[*] [0mFuzzing test case #455 (682 total, 0 uniq crashes found, perf_score=114, exec_us=358, hits=6822, map=501)...[0m
[1;94m[*] [0mFuzzing test case #147 (682 total, 0 uniq crashes found, perf_score=114, exec_us=401, hits=129, map=523)...[0m
[1;94m[*] [0mFuzzing test case #638 (682 total, 0 uniq crashes found, perf_score=258, exec_us=437, hits=10097, map=266)...[0m
[1;94m[*] [0mFuzzing test case #318 (682 total, 0 uniq crashes found, perf_score=172, exec_us=420, hits=360, map=276)...[0m
[1;94m[*] [0mFuzzing test case #455 (682 total, 0 uniq crashes found, perf_score=114, exec_us=358, hits=6835, map=501)...[0m
[1;94m[*] [0mFuzzing test case #638 (682 total, 0 uniq crashes found, perf_score=258, exec_us=437, hits=10138, map=266)...[0m
[1;94m[*] [0mFuzzing test case #677 (682 total, 0 uniq crashes found, perf_score=229, exec_us=350, hits=417, map=330)...[0m
[1;94m[*] [0mFuzzing test case #455 (682 total, 0 uniq crashes found, perf_score=114, exec_us=358, hits=6843, map=501)...[0m
[1;94m[*] [0mFuzzing test case #455 (682 total, 0 uniq crashes found, perf_score=114, exec_us=358, hits=6855, map=501)...[0m
[1;94m[*] [0mFuzzing test case #433 (682 total, 0 uniq crashes found, perf_score=229, exec_us=368, hits=2135, map=540)...[0m
[1;94m[*] [0mFuzzing test case #455 (682 total, 0 uniq crashes found, perf_score=114, exec_us=358, hits=6874, map=501)...[0m
[1;94m[*] [0mFuzzing test case #592 (682 total, 0 uniq crashes found, perf_score=229, exec_us=435, hits=131, map=330)...[0m
[1;94m[*] [0mFuzzing test case #656 (682 total, 0 uniq crashes found, perf_score=345, exec_us=413, hits=728, map=299)...[0m
[1;94m[*] [0mFuzzing test case #379 (682 total, 0 uniq crashes found, perf_score=114, exec_us=386, hits=132, map=335)...[0m
[1;93m[!] [1;97mWARNING: [0minstability detected during calibration
[0m
[1;94m[*] [0mFuzzing test case #638 (683 total, 0 uniq crashes found, perf_score=258, exec_us=437, hits=10165, map=266)...[0m
[1;94m[*] [0mFuzzing test case #455 (683 total, 0 uniq crashes found, perf_score=114, exec_us=358, hits=6888, map=501)...[0m
[1;94m[*] [0mFuzzing test case #502 (683 total, 0 uniq crashes found, perf_score=229, exec_us=365, hits=588, map=494)...[0m
[1;94m[*] [0mFuzzing test case #602 (683 total, 0 uniq crashes found, perf_score=200, exec_us=412, hits=1, map=518)...[0m
[1;94m[*] [0mFuzzing test case #652 (683 total, 0 uniq crashes found, perf_score=229, exec_us=398, hits=2143, map=307)...[0m
[1;94m[*] [0mFuzzing test case #638 (683 total, 0 uniq crashes found, perf_score=258, exec_us=437, hits=10208, map=266)...[0m
[1;94m[*] [0mFuzzing test case #433 (683 total, 0 uniq crashes found, perf_score=229, exec_us=368, hits=2152, map=540)...[0m
[1;94m[*] [0mFuzzing test case #652 (683 total, 0 uniq crashes found, perf_score=229, exec_us=398, hits=2189, map=307)...[0m
[1;94m[*] [0mFuzzing test case #638 (683 total, 0 uniq crashes found, perf_score=258, exec_us=437, hits=10242, map=266)...[0m
[1;94m[*] [0mFuzzing test case #638 (683 total, 0 uniq crashes found, perf_score=258, exec_us=437, hits=10283, map=266)...[0m
[1;94m[*] [0mFuzzing test case #337 (683 total, 0 uniq crashes found, perf_score=114, exec_us=392, hits=151, map=299)...[0m
[1;94m[*] [0mFuzzing test case #677 (683 total, 0 uniq crashes found, perf_score=229, exec_us=350, hits=441, map=330)...[0m
[1;94m[*] [0mFuzzing test case #455 (683 total, 0 uniq crashes found, perf_score=114, exec_us=358, hits=6913, map=501)...[0m
[1;94m[*] [0mFuzzing test case #292 (683 total, 0 uniq crashes found, perf_score=114, exec_us=384, hits=664, map=287)...[0m
[1;94m[*] [0mFuzzing test case #118 (683 total, 0 uniq crashes found, perf_score=86, exec_us=366, hits=365, map=242)...[0m
[1;94m[*] [0mFuzzing test case #677 (683 total, 0 uniq crashes found, perf_score=229, exec_us=350, hits=466, map=330)...[0m
[1;94m[*] [0mFuzzing test case #638 (683 total, 0 uniq crashes found, perf_score=258, exec_us=437, hits=10330, map=266)...[0m
[1;94m[*] [0mFuzzing test case #455 (683 total, 0 uniq crashes found, perf_score=114, exec_us=358, hits=6925, map=501)...[0m
[1;94m[*] [0mFuzzing test case #455 (683 total, 0 uniq crashes found, perf_score=114, exec_us=358, hits=6940, map=501)...[0m
[1;94m[*] [0mFuzzing test case #345 (683 total, 0 uniq crashes found, perf_score=86, exec_us=352, hits=346, map=226)...[0m
[1;94m[*] [0mFuzzing test case #455 (683 total, 0 uniq crashes found, perf_score=114, exec_us=358, hits=6957, map=501)...[0m
[1;94m[*] [0mFuzzing test case #109 (683 total, 0 uniq crashes found, perf_score=229, exec_us=396, hits=26, map=337)...[0m
[1;94m[*] [0mFuzzing test case #677 (683 total, 0 uniq crashes found, perf_score=229, exec_us=350, hits=494, map=330)...[0m
[1;93m[!] [1;97mWARNING: [0minstability detected during calibration
[0m
[1;93m[!] [1;97mWARNING: [0minstability detected during calibration
[0m
[1;94m[*] [0mFuzzing test case #147 (685 total, 0 uniq crashes found, perf_score=114, exec_us=401, hits=135, map=523)...[0m
[1;94m[*] [0mFuzzing test case #41 (685 total, 0 uniq crashes found, perf_score=114, exec_us=369, hits=154, map=478)...[0m
[1;94m[*] [0mFuzzing test case #246 (685 total, 0 uniq crashes found, perf_score=86, exec_us=491, hits=168, map=218)...[0m
[1;94m[*] [0mFuzzing test case #638 (685 total, 0 uniq crashes found, perf_score=258, exec_us=437, hits=10361, map=266)...[0m
[1;94m[*] [0mFuzzing test case #638 (685 total, 0 uniq crashes found, perf_score=258, exec_us=437, hits=10406, map=266)...[0m
[1;94m[*] [0mFuzzing test case #638 (685 total, 0 uniq crashes found, perf_score=258, exec_us=437, hits=10465, map=266)...[0m
[1;94m[*] [0mFuzzing test case #677 (685 total, 0 uniq crashes found, perf_score=229, exec_us=350, hits=604, map=330)...[0m
[1;94m[*] [0mFuzzing test case #433 (685 total, 0 uniq crashes found, perf_score=229, exec_us=368, hits=2183, map=540)...[0m
[1;94m[*] [0mFuzzing test case #638 (685 total, 0 uniq crashes found, perf_score=258, exec_us=437, hits=10503, map=266)...[0m
[1;94m[*] [0mFuzzing test case #638 (685 total, 0 uniq crashes found, perf_score=258, exec_us=437, hits=10540, map=266)...[0m
[1;94m[*] [0mFuzzing test case #642 (685 total, 0 uniq crashes found, perf_score=229, exec_us=438, hits=134, map=519)...[0m
[1;93m[!] [1;97mWARNING: [0minstability detected during calibration
[0m
[1;94m[*] [0mFuzzing test case #433 (686 total, 0 uniq crashes found, perf_score=229, exec_us=368, hits=2206, map=540)...[0m
[1;94m[*] [0mFuzzing test case #455 (686 total, 0 uniq crashes found, perf_score=114, exec_us=358, hits=6976, map=501)...[0m
[1;94m[*] [0mFuzzing test case #638 (686 total, 0 uniq crashes found, perf_score=258, exec_us=437, hits=10571, map=266)...[0m
[1;94m[*] [0mFuzzing test case #499 (686 total, 0 uniq crashes found, perf_score=172, exec_us=373, hits=469, map=283)...[0m
[1;94m[*] [0mFuzzing test case #433 (686 total, 0 uniq crashes found, perf_score=229, exec_us=368, hits=2229, map=540)...[0m
[1;94m[*] [0mFuzzing test case #618 (686 total, 0 uniq crashes found, perf_score=229, exec_us=362, hits=830, map=343)...[0m
[1;94m[*] [0mFuzzing test case #638 (686 total, 0 uniq crashes found, perf_score=258, exec_us=437, hits=10626, map=266)...[0m
[1;94m[*] [0mFuzzing test case #638 (686 total, 0 uniq crashes found, perf_score=258, exec_us=437, hits=10661, map=266)...[0m
[1;94m[*] [0mFuzzing test case #455 (686 total, 0 uniq crashes found, perf_score=114, exec_us=358, hits=6989, map=501)...[0m
[1;94m[*] [0mFuzzing test case #638 (686 total, 0 uniq crashes found, perf_score=258, exec_us=437, hits=10705, map=266)...[0m
[1;94m[*] [0mFuzzing test case #613 (686 total, 0 uniq crashes found, perf_score=114, exec_us=357, hits=139, map=467)...[0m
[1;94m[*] [0mFuzzing test case #652 (686 total, 0 uniq crashes found, perf_score=229, exec_us=398, hits=2218, map=307)...[0m
[1;94m[*] [0mFuzzing test case #455 (686 total, 0 uniq crashes found, perf_score=114, exec_us=358, hits=7005, map=501)...[0m
[1;94m[*] [0mFuzzing test case #433 (686 total, 0 uniq crashes found, perf_score=229, exec_us=368, hits=2242, map=540)...[0m
[1;94m[*] [0mFuzzing test case #331 (686 total, 0 uniq crashes found, perf_score=100, exec_us=443, hits=17, map=501)...[0m
[1;94m[*] [0mFuzzing test case #546 (686 total, 0 uniq crashes found, perf_score=229, exec_us=380, hits=526, map=511)...[0m
[1;94m[*] [0mFuzzing test case #502 (686 total, 0 uniq crashes found, perf_score=229, exec_us=365, hits=605, map=494)...[0m
[1;94m[*] [0mFuzzing test case #638 (686 total, 0 uniq crashes found, perf_score=258, exec_us=437, hits=10746, map=266)...[0m
[1;94m[*] [0mFuzzing test case #631 (686 total, 0 uniq crashes found, perf_score=28, exec_us=341, hits=44235, map=2)...[0m
[1;94m[*] [0mFuzzing test case #183 (686 total, 0 uniq crashes found, perf_score=229, exec_us=392, hits=18, map=501)...[0m
[1;94m[*] [0mFuzzing test case #455 (686 total, 0 uniq crashes found, perf_score=114, exec_us=358, hits=7016, map=501)...[0m
[1;94m[*] [0mFuzzing test case #60 (686 total, 0 uniq crashes found, perf_score=86, exec_us=428, hits=181, map=240)...[0m
[1;94m[*] [0mFuzzing test case #638 (686 total, 0 uniq crashes found, perf_score=258, exec_us=437, hits=10775, map=266)...[0m
[1;94m[*] [0mEntering queue cycle 4.[0m
[1;94m[*] [0mFuzzing test case #677 (686 total, 0 uniq crashes found, perf_score=229, exec_us=350, hits=638, map=330)...[0m
[1;94m[*] [0mFuzzing test case #455 (686 total, 0 uniq crashes found, perf_score=114, exec_us=358, hits=7030, map=501)...[0m
[1;94m[*] [0mFuzzing test case #652 (686 total, 0 uniq crashes found, perf_score=229, exec_us=398, hits=2259, map=307)...[0m
[1;94m[*] [0mFuzzing test case #75 (686 total, 0 uniq crashes found, perf_score=114, exec_us=411, hits=174, map=376)...[0m
[1;94m[*] [0mFuzzing test case #455 (686 total, 0 uniq crashes found, perf_score=114, exec_us=358, hits=7046, map=501)...[0m
[1;94m[*] [0mFuzzing test case #455 (686 total, 0 uniq crashes found, perf_score=114, exec_us=358, hits=7065, map=501)...[0m
[1;94m[*] [0mFuzzing test case #455 (686 total, 0 uniq crashes found, perf_score=114, exec_us=358, hits=7077, map=501)...[0m
[1;94m[*] [0mFuzzing test case #638 (686 total, 0 uniq crashes found, perf_score=258, exec_us=437, hits=10824, map=266)...[0m
[1;94m[*] [0mFuzzing test case #433 (686 total, 0 uniq crashes found, perf_score=229, exec_us=368, hits=2268, map=540)...[0m
[1;94m[*] [0mFuzzing test case #60 (686 total, 0 uniq crashes found, perf_score=86, exec_us=428, hits=235, map=240)...[0m
[1;94m[*] [0mFuzzing test case #638 (686 total, 0 uniq crashes found, perf_score=258, exec_us=437, hits=10856, map=266)...[0m
[1;94m[*] [0mFuzzing test case #677 (686 total, 0 uniq crashes found, perf_score=229, exec_us=350, hits=676, map=330)...[0m
[1;94m[*] [0mFuzzing test case #455 (686 total, 0 uniq crashes found, perf_score=114, exec_us=358, hits=7086, map=501)...[0m
[1;94m[*] [0mFuzzing test case #652 (686 total, 0 uniq crashes found, perf_score=229, exec_us=398, hits=2295, map=307)...[0m
[1;94m[*] [0mFuzzing test case #455 (686 total, 0 uniq crashes found, perf_score=114, exec_us=358, hits=7124, map=501)...[0m
[1;94m[*] [0mFuzzing test case #56 (686 total, 0 uniq crashes found, perf_score=114, exec_us=415, hits=286, map=312)...[0m
[1;94m[*] [0mFuzzing test case #638 (686 total, 0 uniq crashes found, perf_score=258, exec_us=437, hits=10899, map=266)...[0m
[1;94m[*] [0mFuzzing test case #183 (686 total, 0 uniq crashes found, perf_score=229, exec_us=392, hits=28, map=501)...[0m
[1;94m[*] [0mFuzzing test case #380 (686 total, 0 uniq crashes found, perf_score=114, exec_us=372, hits=241, map=311)...[0m
[1;94m[*] [0mFuzzing test case #575 (686 total, 0 uniq crashes found, perf_score=459, exec_us=443, hits=18, map=509)...[0m
[1;94m[*] [0mFuzzing test case #415 (686 total, 0 uniq crashes found, perf_score=229, exec_us=372, hits=1670, map=531)...[0m
[1;94m[*] [0mFuzzing test case #37 (686 total, 0 uniq crashes found, perf_score=86, exec_us=344, hits=305, map=243)...[0m
[1;94m[*] [0mFuzzing test case #638 (686 total, 0 uniq crashes found, perf_score=258, exec_us=437, hits=10939, map=266)...[0m
[1;94m[*] [0mFuzzing test case #677 (686 total, 0 uniq crashes found, perf_score=229, exec_us=350, hits=701, map=330)...[0m
[1;94m[*] [0mFuzzing test case #502 (686 total, 0 uniq crashes found, perf_score=229, exec_us=365, hits=613, map=494)...[0m
[1;94m[*] [0mFuzzing test case #455 (686 total, 0 uniq crashes found, perf_score=114, exec_us=358, hits=7133, map=501)...[0m
[1;94m[*] [0mFuzzing test case #370 (686 total, 0 uniq crashes found, perf_score=86, exec_us=444, hits=84, map=266)...[0m
[1;94m[*] [0mFuzzing test case #276 (686 total, 0 uniq crashes found, perf_score=172, exec_us=344, hits=1038, map=218)...[0m
[1;94m[*] [0mFuzzing test case #652 (686 total, 0 uniq crashes found, perf_score=229, exec_us=398, hits=2342, map=307)...[0m
[1;94m[*] [0mFuzzing test case #652 (686 total, 0 uniq crashes found, perf_score=229, exec_us=398, hits=2385, map=307)...[0m
[1;94m[*] [0mFuzzing test case #481 (686 total, 0 uniq crashes found, perf_score=200, exec_us=555, hits=1, map=516)...[0m
[1;94m[*] [0mFuzzing test case #455 (686 total, 0 uniq crashes found, perf_score=114, exec_us=358, hits=7153, map=501)...[0m
[1;94m[*] [0mFuzzing test case #677 (686 total, 0 uniq crashes found, perf_score=229, exec_us=350, hits=733, map=330)...[0m
[1;94m[*] [0mFuzzing test case #638 (686 total, 0 uniq crashes found, perf_score=258, exec_us=437, hits=10980, map=266)...[0m
[1;94m[*] [0mFuzzing test case #455 (686 total, 0 uniq crashes found, perf_score=114, exec_us=358, hits=7163, map=501)...[0m
[1;94m[*] [0mFuzzing test case #113 (686 total, 0 uniq crashes found, perf_score=114, exec_us=442, hits=271, map=435)...[0m
[1;94m[*] [0mFuzzing test case #455 (686 total, 0 uniq crashes found, perf_score=114, exec_us=358, hits=7174, map=501)...[0m
[1;94m[*] [0mFuzzing test case #221 (686 total, 0 uniq crashes found, perf_score=114, exec_us=395, hits=45, map=321)...[0m
[1;94m[*] [0mFuzzing test case #455 (686 total, 0 uniq crashes found, perf_score=114, exec_us=358, hits=7186, map=501)...[0m
[1;94m[*] [0mFuzzing test case #159 (686 total, 0 uniq crashes found, perf_score=114, exec_us=356, hits=240, map=411)...[0m
[1;94m[*] [0mFuzzing test case #57 (686 total, 0 uniq crashes found, perf_score=86, exec_us=415, hits=236, map=259)...[0m
[1;94m[*] [0mFuzzing test case #655 (686 total, 0 uniq crashes found, perf_score=345, exec_us=424, hits=526, map=320)...[0m
[1;94m[*] [0mFuzzing test case #246 (686 total, 0 uniq crashes found, perf_score=86, exec_us=491, hits=227, map=218)...[0m
[1;94m[*] [0mFuzzing test case #455 (686 total, 0 uniq crashes found, perf_score=114, exec_us=358, hits=7206, map=501)...[0m
[1;94m[*] [0mFuzzing test case #638 (686 total, 0 uniq crashes found, perf_score=258, exec_us=437, hits=11018, map=266)...[0m
[1;94m[*] [0mFuzzing test case #638 (686 total, 0 uniq crashes found, perf_score=258, exec_us=437, hits=11060, map=266)...[0m
[1;94m[*] [0mFuzzing test case #502 (686 total, 0 uniq crashes found, perf_score=229, exec_us=365, hits=637, map=494)...[0m
[1;94m[*] [0mFuzzing test case #500 (686 total, 0 uniq crashes found, perf_score=172, exec_us=444, hits=1384, map=284)...[0m
[1;94m[*] [0mFuzzing test case #677 (686 total, 0 uniq crashes found, perf_score=229, exec_us=350, hits=769, map=330)...[0m
[1;94m[*] [0mFuzzing test case #638 (686 total, 0 uniq crashes found, perf_score=258, exec_us=437, hits=11107, map=266)...[0m
[1;94m[*] [0mFuzzing test case #638 (686 total, 0 uniq crashes found, perf_score=258, exec_us=437, hits=11150, map=266)...[0m
[1;94m[*] [0mFuzzing test case #652 (686 total, 0 uniq crashes found, perf_score=229, exec_us=398, hits=2429, map=307)...[0m
[1;94m[*] [0mFuzzing test case #613 (686 total, 0 uniq crashes found, perf_score=114, exec_us=357, hits=157, map=467)...[0m
[1;94m[*] [0mFuzzing test case #638 (686 total, 0 uniq crashes found, perf_score=258, exec_us=437, hits=11183, map=266)...[0m
[1;94m[*] [0mFuzzing test case #677 (686 total, 0 uniq crashes found, perf_score=229, exec_us=350, hits=799, map=330)...[0m
[1;94m[*] [0mFuzzing test case #638 (686 total, 0 uniq crashes found, perf_score=258, exec_us=437, hits=11215, map=266)...[0m
[1;94m[*] [0mFuzzing test case #638 (686 total, 0 uniq crashes found, perf_score=258, exec_us=437, hits=11254, map=266)...[0m
[1;94m[*] [0mFuzzing test case #88 (686 total, 0 uniq crashes found, perf_score=86, exec_us=395, hits=231, map=219)...[0m
[1;94m[*] [0mFuzzing test case #210 (686 total, 0 uniq crashes found, perf_score=86, exec_us=391, hits=356, map=234)...[0m
[1;94m[*] [0mFuzzing test case #455 (686 total, 0 uniq crashes found, perf_score=114, exec_us=358, hits=7224, map=501)...[0m
[1;94m[*] [0mFuzzing test case #649 (686 total, 0 uniq crashes found, perf_score=229, exec_us=487, hits=50, map=337)...[0m
[1;94m[*] [0mFuzzing test case #638 (686 total, 0 uniq crashes found, perf_score=258, exec_us=437, hits=11282, map=266)...[0m
[1;94m[*] [0mFuzzing test case #375 (686 total, 0 uniq crashes found, perf_score=114, exec_us=388, hits=168, map=554)...[0m
[1;94m[*] [0mFuzzing test case #638 (686 total, 0 uniq crashes found, perf_score=258, exec_us=437, hits=11318, map=266)...[0m
[1;94m[*] [0mFuzzing test case #677 (686 total, 0 uniq crashes found, perf_score=229, exec_us=350, hits=825, map=330)...[0m
[1;94m[*] [0mFuzzing test case #638 (686 total, 0 uniq crashes found, perf_score=258, exec_us=437, hits=11353, map=266)...[0m
[1;94m[*] [0mFuzzing test case #370 (686 total, 0 uniq crashes found, perf_score=86, exec_us=444, hits=125, map=266)...[0m
[1;94m[*] [0mFuzzing test case #455 (686 total, 0 uniq crashes found, perf_score=114, exec_us=358, hits=7244, map=501)...[0m
[1;94m[*] [0mFuzzing test case #455 (686 total, 0 uniq crashes found, perf_score=114, exec_us=358, hits=7255, map=501)...[0m
[1;94m[*] [0mFuzzing test case #638 (686 total, 0 uniq crashes found, perf_score=258, exec_us=437, hits=11394, map=266)...[0m
[1;94m[*] [0mFuzzing test case #261 (686 total, 0 uniq crashes found, perf_score=114, exec_us=356, hits=308, map=471)...[0m
[1;94m[*] [0mFuzzing test case #455 (686 total, 0 uniq crashes found, perf_score=114, exec_us=358, hits=7263, map=501)...[0m
[1;94m[*] [0mFuzzing test case #292 (686 total, 0 uniq crashes found, perf_score=114, exec_us=384, hits=701, map=287)...[0m
[1;94m[*] [0mFuzzing test case #638 (686 total, 0 uniq crashes found, perf_score=258, exec_us=437, hits=11435, map=266)...[0m
[1;94m[*] [0mFuzzing test case #415 (686 total, 0 uniq crashes found, perf_score=229, exec_us=372, hits=1693, map=531)...[0m
[1;94m[*] [0mFuzzing test case #652 (686 total, 0 uniq crashes found, perf_score=229, exec_us=398, hits=2478, map=307)...[0m
[1;94m[*] [0mFuzzing test case #109 (686 total, 0 uniq crashes found, perf_score=114, exec_us=396, hits=93, map=337)...[0m
[1;94m[*] [0mFuzzing test case #653 (686 total, 0 uniq crashes found, perf_score=345, exec_us=396, hits=4029, map=317)...[0m
[1;94m[*] [0mFuzzing test case #13 (686 total, 0 uniq crashes found, perf_score=75, exec_us=381, hits=107, map=269)...[0m
[1;94m[*] [0mFuzzing test case #592 (686 total, 0 uniq crashes found, perf_score=229, exec_us=435, hits=194, map=330)...[0m
[1;94m[*] [0mFuzzing test case #638 (686 total, 0 uniq crashes found, perf_score=258, exec_us=437, hits=11473, map=266)...[0m
[1;94m[*] [0mFuzzing test case #455 (686 total, 0 uniq crashes found, perf_score=114, exec_us=358, hits=7272, map=501)...[0m
[1;94m[*] [0mFuzzing test case #384 (686 total, 0 uniq crashes found, perf_score=114, exec_us=370, hits=386, map=366)...[0m
[1;94m[*] [0mFuzzing test case #618 (686 total, 0 uniq crashes found, perf_score=229, exec_us=362, hits=872, map=343)...[0m
[1;94m[*] [0mFuzzing test case #652 (686 total, 0 uniq crashes found, perf_score=229, exec_us=398, hits=2519, map=307)...[0m
[1;94m[*] [0mFuzzing test case #658 (686 total, 0 uniq crashes found, perf_score=345, exec_us=342, hits=200, map=315)...[0m
[1;94m[*] [0mFuzzing test case #455 (686 total, 0 uniq crashes found, perf_score=114, exec_us=358, hits=7284, map=501)...[0m
[1;94m[*] [0mFuzzing test case #373 (686 total, 0 uniq crashes found, perf_score=86, exec_us=460, hits=156, map=257)...[0m
[1;94m[*] [0mFuzzing test case #380 (686 total, 0 uniq crashes found, perf_score=114, exec_us=372, hits=281, map=311)...[0m
[1;94m[*] [0mFuzzing test case #638 (686 total, 0 uniq crashes found, perf_score=258, exec_us=437, hits=11503, map=266)...[0m
[1;94m[*] [0mFuzzing test case #455 (686 total, 0 uniq crashes found, perf_score=114, exec_us=358, hits=7295, map=501)...[0m
[1;94m[*] [0mFuzzing test case #455 (686 total, 0 uniq crashes found, perf_score=114, exec_us=358, hits=7306, map=501)...[0m
[1;94m[*] [0mFuzzing test case #652 (686 total, 0 uniq crashes found, perf_score=229, exec_us=398, hits=2563, map=307)...[0m
[1;94m[*] [0mFuzzing test case #500 (686 total, 0 uniq crashes found, perf_score=172, exec_us=444, hits=1443, map=284)...[0m
[1;94m[*] [0mFuzzing test case #455 (686 total, 0 uniq crashes found, perf_score=114, exec_us=358, hits=7323, map=501)...[0m
[1;94m[*] [0mFuzzing test case #375 (686 total, 0 uniq crashes found, perf_score=114, exec_us=388, hits=184, map=554)...[0m
[1;94m[*] [0mFuzzing test case #455 (686 total, 0 uniq crashes found, perf_score=114, exec_us=358, hits=7335, map=501)...[0m
[1;94m[*] [0mFuzzing test case #433 (686 total, 0 uniq crashes found, perf_score=229, exec_us=368, hits=2281, map=540)...[0m
[1;94m[*] [0mFuzzing test case #351 (686 total, 0 uniq crashes found, perf_score=114, exec_us=348, hits=143, map=392)...[0m
[1;94m[*] [0mFuzzing test case #638 (686 total, 0 uniq crashes found, perf_score=258, exec_us=437, hits=11534, map=266)...[0m
[1;94m[*] [0mFuzzing test case #455 (686 total, 0 uniq crashes found, perf_score=114, exec_us=358, hits=7350, map=501)...[0m
[1;94m[*] [0mFuzzing test case #455 (686 total, 0 uniq crashes found, perf_score=114, exec_us=358, hits=7367, map=501)...[0m
[1;94m[*] [0mFuzzing test case #59 (686 total, 0 uniq crashes found, perf_score=114, exec_us=360, hits=316, map=473)...[0m
[1;94m[*] [0mFuzzing test case #433 (686 total, 0 uniq crashes found, perf_score=229, exec_us=368, hits=2302, map=540)...[0m
[1;94m[*] [0mFuzzing test case #677 (686 total, 0 uniq crashes found, perf_score=229, exec_us=350, hits=859, map=330)...[0m
[1;94m[*] [0mFuzzing test case #502 (686 total, 0 uniq crashes found, perf_score=229, exec_us=365, hits=650, map=494)...[0m
[1;94m[*] [0mFuzzing test case #311 (686 total, 0 uniq crashes found, perf_score=229, exec_us=368, hits=617, map=439)...[0m
[1;94m[*] [0mFuzzing test case #455 (686 total, 0 uniq crashes found, perf_score=114, exec_us=358, hits=7382, map=501)...[0m
[1;94m[*] [0mFuzzing test case #147 (686 total, 0 uniq crashes found, perf_score=114, exec_us=401, hits=140, map=523)...[0m
[1;94m[*] [0mFuzzing test case #677 (686 total, 0 uniq crashes found, perf_score=229, exec_us=350, hits=888, map=330)...[0m
[1;94m[*] [0mFuzzing test case #455 (686 total, 0 uniq crashes found, perf_score=114, exec_us=358, hits=7396, map=501)...[0m
[1;94m[*] [0mFuzzing test case #654 (686 total, 0 uniq crashes found, perf_score=345, exec_us=375, hits=102, map=313)...[0m
[1;94m[*] [0mFuzzing test case #433 (686 total, 0 uniq crashes found, perf_score=229, exec_us=368, hits=2320, map=540)...[0m
[1;94m[*] [0mFuzzing test case #320 (686 total, 0 uniq crashes found, perf_score=114, exec_us=359, hits=330, map=320)...[0m
[1;94m[*] [0mFuzzing test case #677 (686 total, 0 uniq crashes found, perf_score=229, exec_us=350, hits=921, map=330)...[0m
[1;94m[*] [0mFuzzing test case #569 (686 total, 0 uniq crashes found, perf_score=229, exec_us=359, hits=4157, map=506)...[0m
[1;94m[*] [0mFuzzing test case #652 (686 total, 0 uniq crashes found, perf_score=229, exec_us=398, hits=2600, map=307)...[0m
[1;94m[*] [0mFuzzing test case #653 (686 total, 0 uniq crashes found, perf_score=345, exec_us=396, hits=4160, map=317)...[0m
[1;94m[*] [0mFuzzing test case #641 (686 total, 0 uniq crashes found, perf_score=229, exec_us=461, hits=103, map=545)...[0m
[1;94m[*] [0mFuzzing test case #433 (686 total, 0 uniq crashes found, perf_score=229, exec_us=368, hits=2343, map=540)...[0m
[1;94m[*] [0mFuzzing test case #455 (686 total, 0 uniq crashes found, perf_score=114, exec_us=358, hits=7410, map=501)...[0m
[1;94m[*] [0mFuzzing test case #455 (686 total, 0 uniq crashes found, perf_score=114, exec_us=358, hits=7422, map=501)...[0m
[1;94m[*] [0mFuzzing test case #433 (686 total, 0 uniq crashes found, perf_score=229, exec_us=368, hits=2371, map=540)...[0m
[1;94m[*] [0mFuzzing test case #532 (686 total, 0 uniq crashes found, perf_score=229, exec_us=372, hits=572, map=488)...[0m
[1;94m[*] [0mFuzzing test case #120 (686 total, 0 uniq crashes found, perf_score=86, exec_us=379, hits=799, map=240)...[0m
[1;94m[*] [0mFuzzing test case #109 (686 total, 0 uniq crashes found, perf_score=114, exec_us=396, hits=125, map=337)...[0m
[1;94m[*] [0mFuzzing test case #638 (686 total, 0 uniq crashes found, perf_score=258, exec_us=437, hits=11580, map=266)...[0m
[1;94m[*] [0mFuzzing test case #455 (686 total, 0 uniq crashes found, perf_score=114, exec_us=358, hits=7439, map=501)...[0m
[1;94m[*] [0mFuzzing test case #638 (686 total, 0 uniq crashes found, perf_score=258, exec_us=437, hits=11632, map=266)...[0m
[1;94m[*] [0mFuzzing test case #455 (686 total, 0 uniq crashes found, perf_score=114, exec_us=358, hits=7458, map=501)...[0m
[1;94m[*] [0mFuzzing test case #638 (686 total, 0 uniq crashes found, perf_score=258, exec_us=437, hits=11681, map=266)...[0m
[1;94m[*] [0mFuzzing test case #638 (686 total, 0 uniq crashes found, perf_score=258, exec_us=437, hits=11715, map=266)...[0m
[1;94m[*] [0mFuzzing test case #455 (686 total, 0 uniq crashes found, perf_score=114, exec_us=358, hits=7470, map=501)...[0m
[1;94m[*] [0mFuzzing test case #455 (686 total, 0 uniq crashes found, perf_score=114, exec_us=358, hits=7482, map=501)...[0m
[1;94m[*] [0mFuzzing test case #322 (686 total, 0 uniq crashes found, perf_score=114, exec_us=394, hits=166, map=298)...[0m
[1;94m[*] [0mFuzzing test case #443 (686 total, 0 uniq crashes found, perf_score=200, exec_us=433, hits=1, map=519)...[0m
[1;94m[*] [0mFuzzing test case #638 (686 total, 0 uniq crashes found, perf_score=258, exec_us=437, hits=11755, map=266)...[0m
[1;94m[*] [0mFuzzing test case #75 (686 total, 0 uniq crashes found, perf_score=114, exec_us=411, hits=217, map=376)...[0m
[1;94m[*] [0mFuzzing test case #455 (686 total, 0 uniq crashes found, perf_score=114, exec_us=358, hits=7494, map=501)...[0m
[1;94m[*] [0mFuzzing test case #137 (686 total, 0 uniq crashes found, perf_score=86, exec_us=410, hits=163, map=272)...[0m
[1;94m[*] [0mFuzzing test case #638 (686 total, 0 uniq crashes found, perf_score=258, exec_us=437, hits=11802, map=266)...[0m
[1;94m[*] [0mFuzzing test case #642 (686 total, 0 uniq crashes found, perf_score=229, exec_us=438, hits=163, map=519)...[0m
[1;94m[*] [0mFuzzing test case #638 (686 total, 0 uniq crashes found, perf_score=258, exec_us=437, hits=11843, map=266)...[0m
[1;94m[*] [0mFuzzing test case #455 (686 total, 0 uniq crashes found, perf_score=114, exec_us=358, hits=7509, map=501)...[0m
[1;94m[*] [0mFuzzing test case #415 (686 total, 0 uniq crashes found, perf_score=229, exec_us=372, hits=1711, map=531)...[0m
[1;94m[*] [0mFuzzing test case #638 (686 total, 0 uniq crashes found, perf_score=258, exec_us=437, hits=11886, map=266)...[0m
[1;94m[*] [0mFuzzing test case #237 (686 total, 0 uniq crashes found, perf_score=86, exec_us=378, hits=105, map=275)...[0m
[1;94m[*] [0mFuzzing test case #262 (686 total, 0 uniq crashes found, perf_score=86, exec_us=399, hits=244, map=281)...[0m
[1;94m[*] [0mFuzzing test case #351 (686 total, 0 uniq crashes found, perf_score=114, exec_us=348, hits=165, map=392)...[0m
[1;94m[*] [0mFuzzing test case #455 (686 total, 0 uniq crashes found, perf_score=114, exec_us=358, hits=7520, map=501)...[0m
[1;94m[*] [0mFuzzing test case #641 (686 total, 0 uniq crashes found, perf_score=229, exec_us=461, hits=125, map=545)...[0m
[1;94m[*] [0mFuzzing test case #120 (686 total, 0 uniq crashes found, perf_score=86, exec_us=379, hits=838, map=240)...[0m
[1;94m[*] [0mFuzzing test case #628 (686 total, 0 uniq crashes found, perf_score=86, exec_us=607, hits=50, map=519)...[0m
[1;94m[*] [0mFuzzing test case #455 (686 total, 0 uniq crashes found, perf_score=114, exec_us=358, hits=7537, map=501)...[0m
[1;94m[*] [0mFuzzing test case #546 (686 total, 0 uniq crashes found, perf_score=229, exec_us=380, hits=553, map=511)...[0m
[1;94m[*] [0mFuzzing test case #455 (686 total, 0 uniq crashes found, perf_score=114, exec_us=358, hits=7555, map=501)...[0m
[1;94m[*] [0mFuzzing test case #213 (686 total, 0 uniq crashes found, perf_score=86, exec_us=411, hits=107, map=214)...[0m
[1;94m[*] [0mFuzzing test case #638 (686 total, 0 uniq crashes found, perf_score=258, exec_us=437, hits=11924, map=266)...[0m
[1;94m[*] [0mFuzzing test case #635 (686 total, 0 uniq crashes found, perf_score=225, exec_us=475, hits=1, map=271)...[0m
[1;93m[!] [1;97mWARNING: [0minstability detected during calibration
[0m
[1;94m[*] [0mFuzzing test case #686 (687 total, 0 uniq crashes found, perf_score=450, exec_us=345, hits=1, map=283)...[0m
[1;94m[*] [0mFuzzing test case #57 (687 total, 0 uniq crashes found, perf_score=86, exec_us=415, hits=279, map=259)...[0m
[1;94m[*] [0mFuzzing test case #384 (687 total, 0 uniq crashes found, perf_score=114, exec_us=370, hits=396, map=366)...[0m
[1;94m[*] [0mFuzzing test case #347 (687 total, 0 uniq crashes found, perf_score=86, exec_us=356, hits=167, map=276)...[0m
[1;94m[*] [0mFuzzing test case #686 (687 total, 0 uniq crashes found, perf_score=517, exec_us=345, hits=88, map=283)...[0m
[1;94m[*] [0mFuzzing test case #455 (687 total, 0 uniq crashes found, perf_score=114, exec_us=358, hits=7568, map=501)...[0m
[1;94m[*] [0mFuzzing test case #686 (687 total, 0 uniq crashes found, perf_score=517, exec_us=345, hits=184, map=283)...[0m
[1;94m[*] [0mFuzzing test case #686 (687 total, 0 uniq crashes found, perf_score=517, exec_us=345, hits=284, map=283)...[0m
[1;94m[*] [0mFuzzing test case #618 (687 total, 0 uniq crashes found, perf_score=229, exec_us=362, hits=921, map=343)...[0m
[1;94m[*] [0mFuzzing test case #455 (687 total, 0 uniq crashes found, perf_score=114, exec_us=358, hits=7588, map=501)...[0m
[1;94m[*] [0mFuzzing test case #104 (687 total, 0 uniq crashes found, perf_score=114, exec_us=370, hits=207, map=488)...[0m
[1;94m[*] [0mFuzzing test case #618 (687 total, 0 uniq crashes found, perf_score=229, exec_us=362, hits=965, map=343)...[0m
[1;94m[*] [0mFuzzing test case #686 (687 total, 0 uniq crashes found, perf_score=517, exec_us=345, hits=360, map=283)...[0m
[1;94m[*] [0mFuzzing test case #164 (687 total, 0 uniq crashes found, perf_score=28, exec_us=343, hits=1728, map=81)...[0m
[1;94m[*] [0mFuzzing test case #167 (687 total, 0 uniq crashes found, perf_score=114, exec_us=364, hits=206, map=425)...[0m
[1;94m[*] [0mFuzzing test case #433 (687 total, 0 uniq crashes found, perf_score=229, exec_us=368, hits=2392, map=540)...[0m
[1;94m[*] [0mFuzzing test case #455 (687 total, 0 uniq crashes found, perf_score=114, exec_us=358, hits=7604, map=501)...[0m
[1;94m[*] [0mFuzzing test case #455 (687 total, 0 uniq crashes found, perf_score=114, exec_us=358, hits=7617, map=501)...[0m
[1;94m[*] [0mFuzzing test case #546 (687 total, 0 uniq crashes found, perf_score=229, exec_us=380, hits=571, map=511)...[0m
[1;94m[*] [0mFuzzing test case #433 (687 total, 0 uniq crashes found, perf_score=229, exec_us=368, hits=2415, map=540)...[0m
[1;94m[*] [0mFuzzing test case #502 (687 total, 0 uniq crashes found, perf_score=229, exec_us=365, hits=664, map=494)...[0m
[1;94m[*] [0mFuzzing test case #261 (687 total, 0 uniq crashes found, perf_score=114, exec_us=356, hits=331, map=471)...[0m
[1;94m[*] [0mFuzzing test case #677 (687 total, 0 uniq crashes found, perf_score=229, exec_us=350, hits=954, map=330)...[0m
[1;94m[*] [0mFuzzing test case #677 (687 total, 0 uniq crashes found, perf_score=229, exec_us=350, hits=994, map=330)...[0m
[1;94m[*] [0mFuzzing test case #455 (687 total, 0 uniq crashes found, perf_score=114, exec_us=358, hits=7631, map=501)...[0m
[1;94m[*] [0mFuzzing test case #686 (687 total, 0 uniq crashes found, perf_score=517, exec_us=345, hits=452, map=283)...[0m
[1;94m[*] [0mFuzzing test case #532 (687 total, 0 uniq crashes found, perf_score=229, exec_us=372, hits=588, map=488)...[0m
[1;94m[*] [0mFuzzing test case #455 (687 total, 0 uniq crashes found, perf_score=114, exec_us=358, hits=7654, map=501)...[0m
[1;94m[*] [0mFuzzing test case #642 (687 total, 0 uniq crashes found, perf_score=229, exec_us=438, hits=178, map=519)...[0m
[1;94m[*] [0mFuzzing test case #455 (687 total, 0 uniq crashes found, perf_score=114, exec_us=358, hits=7667, map=501)...[0m
[1;94m[*] [0mFuzzing test case #652 (687 total, 0 uniq crashes found, perf_score=229, exec_us=398, hits=2641, map=307)...[0m
[1;94m[*] [0mFuzzing test case #686 (687 total, 0 uniq crashes found, perf_score=517, exec_us=345, hits=553, map=283)...[0m
[1;94m[*] [0mFuzzing test case #663 (687 total, 0 uniq crashes found, perf_score=229, exec_us=359, hits=150, map=480)...[0m
[1;94m[*] [0mFuzzing test case #455 (687 total, 0 uniq crashes found, perf_score=114, exec_us=358, hits=7681, map=501)...[0m
[1;94m[*] [0mFuzzing test case #686 (687 total, 0 uniq crashes found, perf_score=517, exec_us=345, hits=667, map=283)...[0m
[1;94m[*] [0mFuzzing test case #455 (687 total, 0 uniq crashes found, perf_score=114, exec_us=358, hits=7689, map=501)...[0m
[1;94m[*] [0mFuzzing test case #686 (687 total, 0 uniq crashes found, perf_score=517, exec_us=345, hits=753, map=283)...[0m
[1;93m[!] [1;97mWARNING: [0minstability detected during calibration
[0m
[1;94m[*] [0mFuzzing test case #455 (688 total, 0 uniq crashes found, perf_score=114, exec_us=358, hits=7706, map=501)...[0m
[1;94m[*] [0mFuzzing test case #686 (688 total, 0 uniq crashes found, perf_score=517, exec_us=345, hits=841, map=283)...[0m
[1;94m[*] [0mFuzzing test case #433 (688 total, 0 uniq crashes found, perf_score=229, exec_us=368, hits=2441, map=540)...[0m
[1;94m[*] [0mFuzzing test case #455 (688 total, 0 uniq crashes found, perf_score=114, exec_us=358, hits=7714, map=501)...[0m
[1;94m[*] [0mFuzzing test case #686 (688 total, 0 uniq crashes found, perf_score=517, exec_us=345, hits=925, map=283)...[0m
[1;93m[!] [1;97mWARNING: [0minstability detected during calibration
[0m
[1;94m[*] [0mFuzzing test case #686 (689 total, 0 uniq crashes found, perf_score=258, exec_us=345, hits=1021, map=283)...[0m
[1;94m[*] [0mFuzzing test case #455 (689 total, 0 uniq crashes found, perf_score=114, exec_us=358, hits=7731, map=501)...[0m
[1;94m[*] [0mFuzzing test case #686 (689 total, 0 uniq crashes found, perf_score=258, exec_us=345, hits=1061, map=283)...[0m
[1;94m[*] [0mFuzzing test case #433 (689 total, 0 uniq crashes found, perf_score=229, exec_us=368, hits=2471, map=540)...[0m
[1;94m[*] [0mFuzzing test case #686 (689 total, 0 uniq crashes found, perf_score=258, exec_us=345, hits=1100, map=283)...[0m
[1;94m[*] [0mFuzzing test case #433 (689 total, 0 uniq crashes found, perf_score=229, exec_us=368, hits=2492, map=540)...[0m
[1;94m[*] [0mFuzzing test case #502 (689 total, 0 uniq crashes found, perf_score=229, exec_us=365, hits=674, map=494)...[0m
[1;94m[*] [0mFuzzing test case #686 (689 total, 0 uniq crashes found, perf_score=258, exec_us=345, hits=1151, map=283)...[0m
[1;94m[*] [0mFuzzing test case #502 (689 total, 0 uniq crashes found, perf_score=229, exec_us=365, hits=688, map=494)...[0m
[1;94m[*] [0mFuzzing test case #686 (689 total, 0 uniq crashes found, perf_score=258, exec_us=345, hits=1195, map=283)...[0m
[1;94m[*] [0mFuzzing test case #380 (689 total, 0 uniq crashes found, perf_score=114, exec_us=372, hits=308, map=311)...[0m
[1;94m[*] [0mFuzzing test case #652 (689 total, 0 uniq crashes found, perf_score=229, exec_us=398, hits=2682, map=307)...[0m
[1;94m[*] [0mFuzzing test case #565 (689 total, 0 uniq crashes found, perf_score=200, exec_us=388, hits=2, map=517)...[0m
[1;94m[*] [0mFuzzing test case #677 (689 total, 0 uniq crashes found, perf_score=229, exec_us=350, hits=1026, map=330)...[0m
[1;94m[*] [0mFuzzing test case #455 (689 total, 0 uniq crashes found, perf_score=114, exec_us=358, hits=7747, map=501)...[0m
[1;94m[*] [0mFuzzing test case #677 (689 total, 0 uniq crashes found, perf_score=229, exec_us=350, hits=1055, map=330)...[0m
[1;94m[*] [0mFuzzing test case #686 (689 total, 0 uniq crashes found, perf_score=258, exec_us=345, hits=1226, map=283)...[0m
[1;94m[*] [0mFuzzing test case #686 (689 total, 0 uniq crashes found, perf_score=258, exec_us=345, hits=1287, map=283)...[0m
[1;94m[*] [0mFuzzing test case #686 (689 total, 0 uniq crashes found, perf_score=258, exec_us=345, hits=1329, map=283)...[0m
[1;94m[*] [0mFuzzing test case #686 (689 total, 0 uniq crashes found, perf_score=258, exec_us=345, hits=1370, map=283)...[0m
[1;94m[*] [0mFuzzing test case #656 (689 total, 0 uniq crashes found, perf_score=345, exec_us=413, hits=843, map=299)...[0m
[1;94m[*] [0mFuzzing test case #686 (689 total, 0 uniq crashes found, perf_score=258, exec_us=345, hits=1411, map=283)...[0m
[1;94m[*] [0mFuzzing test case #455 (689 total, 0 uniq crashes found, perf_score=114, exec_us=358, hits=7754, map=501)...[0m
[1;94m[*] [0mFuzzing test case #686 (689 total, 0 uniq crashes found, perf_score=258, exec_us=345, hits=1452, map=283)...[0m
[1;94m[*] [0mFuzzing test case #686 (689 total, 0 uniq crashes found, perf_score=258, exec_us=345, hits=1509, map=283)...[0m
[1;94m[*] [0mFuzzing test case #455 (689 total, 0 uniq crashes found, perf_score=114, exec_us=358, hits=7772, map=501)...[0m
[1;94m[*] [0mFuzzing test case #408 (689 total, 0 uniq crashes found, perf_score=229, exec_us=386, hits=1408, map=537)...[0m
[1;94m[*] [0mFuzzing test case #638 (689 total, 0 uniq crashes found, perf_score=258, exec_us=437, hits=11950, map=266)...[0m
[1;94m[*] [0mFuzzing test case #686 (689 total, 0 uniq crashes found, perf_score=258, exec_us=345, hits=1564, map=283)...[0m
[1;94m[*] [0mFuzzing test case #663 (689 total, 0 uniq crashes found, perf_score=229, exec_us=359, hits=182, map=480)...[0m
[1;94m[*] [0mFuzzing test case #55 (689 total, 0 uniq crashes found, perf_score=86, exec_us=422, hits=208, map=235)...[0m
[1;94m[*] [0mFuzzing test case #677 (689 total, 0 uniq crashes found, perf_score=229, exec_us=350, hits=1083, map=330)...[0m
[1;94m[*] [0mFuzzing test case #686 (689 total, 0 uniq crashes found, perf_score=258, exec_us=345, hits=1606, map=283)...[0m
[1;94m[*] [0mFuzzing test case #365 (689 total, 0 uniq crashes found, perf_score=114, exec_us=420, hits=72, map=526)...[0m
[1;94m[*] [0mFuzzing test case #206 (689 total, 0 uniq crashes found, perf_score=200, exec_us=413, hits=16, map=517)...[0m
[1;94m[*] [0mFuzzing test case #351 (689 total, 0 uniq crashes found, perf_score=114, exec_us=348, hits=175, map=392)...[0m
[1;94m[*] [0mFuzzing test case #455 (689 total, 0 uniq crashes found, perf_score=114, exec_us=358, hits=7791, map=501)...[0m
[1;94m[*] [0mFuzzing test case #433 (689 total, 0 uniq crashes found, perf_score=229, exec_us=368, hits=2515, map=540)...[0m
[1;94m[*] [0mFuzzing test case #686 (689 total, 0 uniq crashes found, perf_score=258, exec_us=345, hits=1645, map=283)...[0m
[1;94m[*] [0mFuzzing test case #455 (689 total, 0 uniq crashes found, perf_score=114, exec_us=358, hits=7801, map=501)...[0m
[1;94m[*] [0mFuzzing test case #613 (689 total, 0 uniq crashes found, perf_score=114, exec_us=357, hits=167, map=467)...[0m
[1;94m[*] [0mFuzzing test case #455 (689 total, 0 uniq crashes found, perf_score=114, exec_us=358, hits=7813, map=501)...[0m
[1;94m[*] [0mFuzzing test case #677 (689 total, 0 uniq crashes found, perf_score=229, exec_us=350, hits=1118, map=330)...[0m
[1;94m[*] [0mFuzzing test case #455 (689 total, 0 uniq crashes found, perf_score=114, exec_us=358, hits=7826, map=501)...[0m
[1;94m[*] [0mFuzzing test case #384 (689 total, 0 uniq crashes found, perf_score=114, exec_us=370, hits=401, map=366)...[0m
[1;94m[*] [0mFuzzing test case #686 (689 total, 0 uniq crashes found, perf_score=258, exec_us=345, hits=1685, map=283)...[0m
[1;94m[*] [0mFuzzing test case #686 (689 total, 0 uniq crashes found, perf_score=258, exec_us=345, hits=1731, map=283)...[0m
[1;94m[*] [0mFuzzing test case #500 (689 total, 0 uniq crashes found, perf_score=229, exec_us=444, hits=1512, map=284)...[0m
[1;94m[*] [0mFuzzing test case #686 (689 total, 0 uniq crashes found, perf_score=258, exec_us=345, hits=1782, map=283)...[0m
[1;94m[*] [0mFuzzing test case #686 (689 total, 0 uniq crashes found, perf_score=258, exec_us=345, hits=1826, map=283)...[0m
[1;94m[*] [0mFuzzing test case #455 (689 total, 0 uniq crashes found, perf_score=114, exec_us=358, hits=7838, map=501)...[0m
[1;94m[*] [0mFuzzing test case #455 (689 total, 0 uniq crashes found, perf_score=114, exec_us=358, hits=7851, map=501)...[0m
[1;94m[*] [0mFuzzing test case #686 (689 total, 0 uniq crashes found, perf_score=258, exec_us=345, hits=1878, map=283)...[0m
[1;94m[*] [0mFuzzing test case #634 (689 total, 0 uniq crashes found, perf_score=172, exec_us=430, hits=43, map=272)...[0m
[1;94m[*] [0mFuzzing test case #499 (689 total, 0 uniq crashes found, perf_score=172, exec_us=373, hits=550, map=283)...[0m
[1;94m[*] [0mFuzzing test case #686 (689 total, 0 uniq crashes found, perf_score=258, exec_us=345, hits=1914, map=283)...[0m
[1;93m[!] [1;97mWARNING: [0minstability detected during calibration
[0m
[1;94m[*] [0mFuzzing test case #455 (690 total, 0 uniq crashes found, perf_score=114, exec_us=358, hits=7868, map=501)...[0m
[1;94m[*] [0mFuzzing test case #455 (690 total, 0 uniq crashes found, perf_score=114, exec_us=358, hits=7883, map=501)...[0m
[1;94m[*] [0mFuzzing test case #455 (690 total, 0 uniq crashes found, perf_score=114, exec_us=358, hits=7893, map=501)...[0m
[1;94m[*] [0mFuzzing test case #686 (690 total, 0 uniq crashes found, perf_score=258, exec_us=345, hits=1998, map=283)...[0m
[1;94m[*] [0mFuzzing test case #686 (690 total, 0 uniq crashes found, perf_score=258, exec_us=345, hits=2052, map=283)...[0m
[1;94m[*] [0mFuzzing test case #677 (690 total, 0 uniq crashes found, perf_score=229, exec_us=350, hits=1154, map=330)...[0m
[1;94m[*] [0mFuzzing test case #677 (690 total, 0 uniq crashes found, perf_score=229, exec_us=350, hits=1180, map=330)...[0m
[1;94m[*] [0mFuzzing test case #677 (690 total, 0 uniq crashes found, perf_score=229, exec_us=350, hits=1209, map=330)...[0m
[1;94m[*] [0mFuzzing test case #502 (690 total, 0 uniq crashes found, perf_score=229, exec_us=365, hits=702, map=494)...[0m
[1;94m[*] [0mFuzzing test case #455 (690 total, 0 uniq crashes found, perf_score=114, exec_us=358, hits=7909, map=501)...[0m
[1;94m[*] [0mFuzzing test case #677 (690 total, 0 uniq crashes found, perf_score=229, exec_us=350, hits=1246, map=330)...[0m
[1;94m[*] [0mFuzzing test case #54 (690 total, 0 uniq crashes found, perf_score=25, exec_us=369, hits=2738, map=81)...[0m
[1;94m[*] [0mFuzzing test case #618 (690 total, 0 uniq crashes found, perf_score=229, exec_us=362, hits=1008, map=343)...[0m
[1;94m[*] [0mFuzzing test case #455 (690 total, 0 uniq crashes found, perf_score=114, exec_us=358, hits=7917, map=501)...[0m
[1;94m[*] [0mFuzzing test case #311 (690 total, 0 uniq crashes found, perf_score=229, exec_us=368, hits=637, map=439)...[0m
[1;94m[*] [0mFuzzing test case #686 (690 total, 0 uniq crashes found, perf_score=258, exec_us=345, hits=2106, map=283)...[0m
[1;94m[*] [0mFuzzing test case #555 (690 total, 0 uniq crashes found, perf_score=229, exec_us=380, hits=954, map=345)...[0m
[1;94m[*] [0mFuzzing test case #57 (690 total, 0 uniq crashes found, perf_score=86, exec_us=415, hits=329, map=259)...[0m
[1;94m[*] [0mFuzzing test case #455 (690 total, 0 uniq crashes found, perf_score=114, exec_us=358, hits=7925, map=501)...[0m
[1;94m[*] [0mFuzzing test case #686 (690 total, 0 uniq crashes found, perf_score=258, exec_us=345, hits=2147, map=283)...[0m
[1;94m[*] [0mFuzzing test case #686 (690 total, 0 uniq crashes found, perf_score=258, exec_us=345, hits=2202, map=283)...[0m
[1;94m[*] [0mFuzzing test case #686 (690 total, 0 uniq crashes found, perf_score=258, exec_us=345, hits=2249, map=283)...[0m
[1;94m[*] [0mFuzzing test case #311 (690 total, 0 uniq crashes found, perf_score=229, exec_us=368, hits=666, map=439)...[0m
[1;94m[*] [0mFuzzing test case #677 (690 total, 0 uniq crashes found, perf_score=229, exec_us=350, hits=1272, map=330)...[0m
[1;94m[*] [0mFuzzing test case #433 (690 total, 0 uniq crashes found, perf_score=229, exec_us=368, hits=2535, map=540)...[0m
[1;94m[*] [0mFuzzing test case #502 (690 total, 0 uniq crashes found, perf_score=229, exec_us=365, hits=719, map=494)...[0m
[1;94m[*] [0mFuzzing test case #305 (690 total, 0 uniq crashes found, perf_score=172, exec_us=393, hits=175, map=267)...[0m
[1;94m[*] [0mFuzzing test case #686 (690 total, 0 uniq crashes found, perf_score=258, exec_us=345, hits=2284, map=283)...[0m
[1;94m[*] [0mFuzzing test case #502 (690 total, 0 uniq crashes found, perf_score=229, exec_us=365, hits=732, map=494)...[0m
[1;94m[*] [0mFuzzing test case #686 (690 total, 0 uniq crashes found, perf_score=258, exec_us=345, hits=2317, map=283)...[0m
[1;94m[*] [0mFuzzing test case #652 (690 total, 0 uniq crashes found, perf_score=229, exec_us=398, hits=2726, map=307)...[0m
[1;94m[*] [0mFuzzing test case #686 (690 total, 0 uniq crashes found, perf_score=258, exec_us=345, hits=2367, map=283)...[0m
[1;94m[*] [0mFuzzing test case #686 (690 total, 0 uniq crashes found, perf_score=258, exec_us=345, hits=2428, map=283)...[0m
[1;94m[*] [0mFuzzing test case #455 (690 total, 0 uniq crashes found, perf_score=114, exec_us=358, hits=7941, map=501)...[0m
[1;94m[*] [0mFuzzing test case #677 (690 total, 0 uniq crashes found, perf_score=229, exec_us=350, hits=1311, map=330)...[0m
[1;94m[*] [0mFuzzing test case #384 (690 total, 0 uniq crashes found, perf_score=114, exec_us=370, hits=409, map=366)...[0m
[1;94m[*] [0mFuzzing test case #652 (690 total, 0 uniq crashes found, perf_score=229, exec_us=398, hits=2774, map=307)...[0m
[1;94m[*] [0mFuzzing test case #433 (690 total, 0 uniq crashes found, perf_score=229, exec_us=368, hits=2552, map=540)...[0m
[1;94m[*] [0mFuzzing test case #686 (690 total, 0 uniq crashes found, perf_score=258, exec_us=345, hits=2472, map=283)...[0m
[1;94m[*] [0mFuzzing test case #221 (690 total, 0 uniq crashes found, perf_score=114, exec_us=395, hits=71, map=321)...[0m
[1;94m[*] [0mFuzzing test case #653 (690 total, 0 uniq crashes found, perf_score=345, exec_us=396, hits=4277, map=317)...[0m
[1;94m[*] [0mFuzzing test case #686 (690 total, 0 uniq crashes found, perf_score=258, exec_us=345, hits=2516, map=283)...[0m
[1;94m[*] [0mFuzzing test case #477 (690 total, 0 uniq crashes found, perf_score=229, exec_us=331, hits=420, map=518)...[0m
[1;94m[*] [0mFuzzing test case #642 (690 total, 0 uniq crashes found, perf_score=229, exec_us=438, hits=201, map=519)...[0m
[1;94m[*] [0mFuzzing test case #455 (690 total, 0 uniq crashes found, perf_score=114, exec_us=358, hits=7957, map=501)...[0m
[1;94m[*] [0mFuzzing test case #408 (690 total, 0 uniq crashes found, perf_score=229, exec_us=386, hits=1417, map=537)...[0m
[1;94m[*] [0mFuzzing test case #618 (690 total, 0 uniq crashes found, perf_score=229, exec_us=362, hits=1053, map=343)...[0m
[1;94m[*] [0mFuzzing test case #322 (690 total, 0 uniq crashes found, perf_score=114, exec_us=394, hits=224, map=298)...[0m
[1;94m[*] [0mFuzzing test case #677 (690 total, 0 uniq crashes found, perf_score=229, exec_us=350, hits=1343, map=330)...[0m
[1;94m[*] [0mFuzzing test case #455 (690 total, 0 uniq crashes found, perf_score=114, exec_us=358, hits=7971, map=501)...[0m
[1;94m[*] [0mFuzzing test case #686 (690 total, 0 uniq crashes found, perf_score=258, exec_us=345, hits=2568, map=283)...[0m
[1;94m[*] [0mFuzzing test case #686 (690 total, 0 uniq crashes found, perf_score=258, exec_us=345, hits=2613, map=283)...[0m
[1;94m[*] [0mFuzzing test case #213 (690 total, 0 uniq crashes found, perf_score=86, exec_us=411, hits=153, map=214)...[0m
[1;94m[*] [0mFuzzing test case #628 (690 total, 0 uniq crashes found, perf_score=86, exec_us=607, hits=54, map=519)...[0m
[1;94m[*] [0mFuzzing test case #500 (690 total, 0 uniq crashes found, perf_score=229, exec_us=444, hits=1585, map=284)...[0m
[1;94m[*] [0mFuzzing test case #261 (690 total, 0 uniq crashes found, perf_score=114, exec_us=356, hits=362, map=471)...[0m
[1;94m[*] [0mFuzzing test case #433 (690 total, 0 uniq crashes found, perf_score=229, exec_us=368, hits=2568, map=540)...[0m
[1;94m[*] [0mFuzzing test case #433 (690 total, 0 uniq crashes found, perf_score=229, exec_us=368, hits=2591, map=540)...[0m
[1;94m[*] [0mFuzzing test case #113 (690 total, 0 uniq crashes found, perf_score=114, exec_us=442, hits=301, map=435)...[0m
[1;94m[*] [0mFuzzing test case #686 (690 total, 0 uniq crashes found, perf_score=258, exec_us=345, hits=2665, map=283)...[0m
[1;94m[*] [0mFuzzing test case #311 (690 total, 0 uniq crashes found, perf_score=229, exec_us=368, hits=703, map=439)...[0m
[1;94m[*] [0mFuzzing test case #677 (690 total, 0 uniq crashes found, perf_score=229, exec_us=350, hits=1373, map=330)...[0m
[1;94m[*] [0mFuzzing test case #555 (690 total, 0 uniq crashes found, perf_score=229, exec_us=380, hits=987, map=345)...[0m
[1;94m[*] [0mFuzzing test case #686 (690 total, 0 uniq crashes found, perf_score=258, exec_us=345, hits=2708, map=283)...[0m
[1;94m[*] [0mFuzzing test case #681 (690 total, 0 uniq crashes found, perf_score=229, exec_us=403, hits=51, map=330)...[0m
[1;94m[*] [0mFuzzing test case #398 (690 total, 0 uniq crashes found, perf_score=200, exec_us=497, hits=5, map=534)...[0m
[1;94m[*] [0mFuzzing test case #677 (690 total, 0 uniq crashes found, perf_score=229, exec_us=350, hits=1402, map=330)...[0m
[1;94m[*] [0mFuzzing test case #384 (690 total, 0 uniq crashes found, perf_score=114, exec_us=370, hits=416, map=366)...[0m
[1;94m[*] [0mFuzzing test case #686 (690 total, 0 uniq crashes found, perf_score=258, exec_us=345, hits=2749, map=283)...[0m
[1;94m[*] [0mFuzzing test case #475 (690 total, 0 uniq crashes found, perf_score=229, exec_us=355, hits=912, map=521)...[0m
[1;94m[*] [0mFuzzing test case #618 (690 total, 0 uniq crashes found, perf_score=229, exec_us=362, hits=1100, map=343)...[0m
[1;94m[*] [0mFuzzing test case #686 (690 total, 0 uniq crashes found, perf_score=258, exec_us=345, hits=2792, map=283)...[0m
[1;94m[*] [0mFuzzing test case #433 (690 total, 0 uniq crashes found, perf_score=229, exec_us=368, hits=2612, map=540)...[0m
[1;94m[*] [0mFuzzing test case #652 (690 total, 0 uniq crashes found, perf_score=229, exec_us=398, hits=2811, map=307)...[0m
[1;94m[*] [0mFuzzing test case #686 (690 total, 0 uniq crashes found, perf_score=258, exec_us=345, hits=2834, map=283)...[0m
[1;94m[*] [0mFuzzing test case #686 (690 total, 0 uniq crashes found, perf_score=258, exec_us=345, hits=2880, map=283)...[0m
[1;94m[*] [0mFuzzing test case #59 (690 total, 0 uniq crashes found, perf_score=114, exec_us=360, hits=337, map=473)...[0m
[1;94m[*] [0mFuzzing test case #686 (690 total, 0 uniq crashes found, perf_score=258, exec_us=345, hits=2924, map=283)...[0m
[1;94m[*] [0mFuzzing test case #477 (690 total, 0 uniq crashes found, perf_score=229, exec_us=331, hits=495, map=518)...[0m
[1;94m[*] [0mFuzzing test case #379 (690 total, 0 uniq crashes found, perf_score=114, exec_us=386, hits=152, map=335)...[0m
[1;94m[*] [0mFuzzing test case #37 (690 total, 0 uniq crashes found, perf_score=86, exec_us=344, hits=354, map=243)...[0m
[1;94m[*] [0mFuzzing test case #455 (690 total, 0 uniq crashes found, perf_score=114, exec_us=358, hits=7982, map=501)...[0m
[1;94m[*] [0mFuzzing test case #502 (690 total, 0 uniq crashes found, perf_score=229, exec_us=365, hits=747, map=494)...[0m
[1;94m[*] [0mFuzzing test case #649 (690 total, 0 uniq crashes found, perf_score=229, exec_us=487, hits=93, map=337)...[0m
[1;94m[*] [0mFuzzing test case #311 (690 total, 0 uniq crashes found, perf_score=229, exec_us=368, hits=735, map=439)...[0m
[1;94m[*] [0mFuzzing test case #242 (690 total, 0 uniq crashes found, perf_score=114, exec_us=445, hits=328, map=290)...[0m
[1;94m[*] [0mFuzzing test case #686 (690 total, 0 uniq crashes found, perf_score=258, exec_us=345, hits=2963, map=283)...[0m
[1;94m[*] [0mFuzzing test case #677 (690 total, 0 uniq crashes found, perf_score=229, exec_us=350, hits=1439, map=330)...[0m
[1;94m[*] [0mFuzzing test case #618 (690 total, 0 uniq crashes found, perf_score=229, exec_us=362, hits=1148, map=343)...[0m
[1;94m[*] [0mFuzzing test case #642 (690 total, 0 uniq crashes found, perf_score=229, exec_us=438, hits=217, map=519)...[0m
[1;94m[*] [0mFuzzing test case #686 (690 total, 0 uniq crashes found, perf_score=258, exec_us=345, hits=3015, map=283)...[0m
[1;94m[*] [0mFuzzing test case #502 (690 total, 0 uniq crashes found, perf_score=229, exec_us=365, hits=761, map=494)...[0m
[1;94m[*] [0mFuzzing test case #532 (690 total, 0 uniq crashes found, perf_score=229, exec_us=372, hits=613, map=488)...[0m
[1;94m[*] [0mFuzzing test case #56 (690 total, 0 uniq crashes found, perf_score=114, exec_us=415, hits=337, map=312)...[0m
[1;94m[*] [0mFuzzing test case #455 (690 total, 0 uniq crashes found, perf_score=114, exec_us=358, hits=7999, map=501)...[0m
[1;94m[*] [0mFuzzing test case #455 (690 total, 0 uniq crashes found, perf_score=114, exec_us=358, hits=8015, map=501)...[0m
[1;94m[*] [0mFuzzing test case #377 (690 total, 0 uniq crashes found, perf_score=114, exec_us=348, hits=127, map=320)...[0m
[1;94m[*] [0mFuzzing test case #455 (690 total, 0 uniq crashes found, perf_score=114, exec_us=358, hits=8038, map=501)...[0m
[1;94m[*] [0mFuzzing test case #415 (690 total, 0 uniq crashes found, perf_score=229, exec_us=372, hits=1733, map=531)...[0m
[1;94m[*] [0mFuzzing test case #686 (690 total, 0 uniq crashes found, perf_score=258, exec_us=345, hits=3057, map=283)...[0m
[1;94m[*] [0mFuzzing test case #210 (690 total, 0 uniq crashes found, perf_score=86, exec_us=391, hits=402, map=234)...[0m
[1;94m[*] [0mFuzzing test case #502 (690 total, 0 uniq crashes found, perf_score=229, exec_us=365, hits=776, map=494)...[0m
[1;94m[*] [0mFuzzing test case #508 (690 total, 0 uniq crashes found, perf_score=200, exec_us=374, hits=3, map=500)...[0m
[1;94m[*] [0mFuzzing test case #677 (690 total, 0 uniq crashes found, perf_score=229, exec_us=350, hits=1467, map=330)...[0m
[1;94m[*] [0mFuzzing test case #455 (690 total, 0 uniq crashes found, perf_score=114, exec_us=358, hits=8051, map=501)...[0m
[1;94m[*] [0mFuzzing test case #433 (690 total, 0 uniq crashes found, perf_score=229, exec_us=368, hits=2632, map=540)...[0m
[1;94m[*] [0mFuzzing test case #686 (690 total, 0 uniq crashes found, perf_score=258, exec_us=345, hits=3098, map=283)...[0m
[1;94m[*] [0mFuzzing test case #677 (690 total, 0 uniq crashes found, perf_score=229, exec_us=350, hits=1493, map=330)...[0m
[1;94m[*] [0mFuzzing test case #677 (690 total, 0 uniq crashes found, perf_score=229, exec_us=350, hits=1524, map=330)...[0m
[1;94m[*] [0mFuzzing test case #686 (690 total, 0 uniq crashes found, perf_score=258, exec_us=345, hits=3147, map=283)...[0m
[1;94m[*] [0mFuzzing test case #502 (690 total, 0 uniq crashes found, perf_score=229, exec_us=365, hits=786, map=494)...[0m
[1;94m[*] [0mFuzzing test case #433 (690 total, 0 uniq crashes found, perf_score=229, exec_us=368, hits=2659, map=540)...[0m
[1;94m[*] [0mFuzzing test case #686 (690 total, 0 uniq crashes found, perf_score=258, exec_us=345, hits=3184, map=283)...[0m
[1;94m[*] [0mFuzzing test case #641 (690 total, 0 uniq crashes found, perf_score=229, exec_us=461, hits=135, map=545)...[0m
[1;94m[*] [0mFuzzing test case #686 (690 total, 0 uniq crashes found, perf_score=258, exec_us=345, hits=3240, map=283)...[0m
[1;94m[*] [0mFuzzing test case #686 (690 total, 0 uniq crashes found, perf_score=258, exec_us=345, hits=3271, map=283)...[0m
[1;94m[*] [0mFuzzing test case #261 (690 total, 0 uniq crashes found, perf_score=114, exec_us=356, hits=387, map=471)...[0m
[1;94m[*] [0mFuzzing test case #652 (690 total, 0 uniq crashes found, perf_score=229, exec_us=398, hits=2848, map=307)...[0m
[1;94m[*] [0mFuzzing test case #686 (690 total, 0 uniq crashes found, perf_score=258, exec_us=345, hits=3326, map=283)...[0m
[1;94m[*] [0mFuzzing test case #210 (690 total, 0 uniq crashes found, perf_score=86, exec_us=391, hits=452, map=234)...[0m
[1;94m[*] [0mFuzzing test case #686 (690 total, 0 uniq crashes found, perf_score=258, exec_us=345, hits=3369, map=283)...[0m
[1;94m[*] [0mFuzzing test case #455 (690 total, 0 uniq crashes found, perf_score=114, exec_us=358, hits=8058, map=501)...[0m
[1;94m[*] [0mFuzzing test case #686 (690 total, 0 uniq crashes found, perf_score=258, exec_us=345, hits=3416, map=283)...[0m
[1;94m[*] [0mFuzzing test case #686 (690 total, 0 uniq crashes found, perf_score=258, exec_us=345, hits=3470, map=283)...[0m
[1;94m[*] [0mFuzzing test case #164 (690 total, 0 uniq crashes found, perf_score=28, exec_us=343, hits=1892, map=81)...[0m
[1;94m[*] [0mFuzzing test case #686 (690 total, 0 uniq crashes found, perf_score=258, exec_us=345, hits=3500, map=283)...[0m
[1;94m[*] [0mFuzzing test case #349 (690 total, 0 uniq crashes found, perf_score=86, exec_us=360, hits=197, map=248)...[0m
[1;94m[*] [0mFuzzing test case #455 (690 total, 0 uniq crashes found, perf_score=114, exec_us=358, hits=8075, map=501)...[0m
[1;94m[*] [0mFuzzing test case #455 (690 total, 0 uniq crashes found, perf_score=114, exec_us=358, hits=8089, map=501)...[0m
[1;94m[*] [0mFuzzing test case #686 (690 total, 0 uniq crashes found, perf_score=258, exec_us=345, hits=3542, map=283)...[0m
[1;94m[*] [0mFuzzing test case #546 (690 total, 0 uniq crashes found, perf_score=229, exec_us=380, hits=595, map=511)...[0m
[1;94m[*] [0mFuzzing test case #686 (690 total, 0 uniq crashes found, perf_score=258, exec_us=345, hits=3587, map=283)...[0m
[1;94m[*] [0mFuzzing test case #477 (690 total, 0 uniq crashes found, perf_score=229, exec_us=331, hits=563, map=518)...[0m
[1;94m[*] [0mFuzzing test case #292 (690 total, 0 uniq crashes found, perf_score=114, exec_us=384, hits=732, map=287)...[0m
[1;94m[*] [0mFuzzing test case #662 (690 total, 0 uniq crashes found, perf_score=114, exec_us=379, hits=308, map=294)...[0m
[1;94m[*] [0mFuzzing test case #686 (690 total, 0 uniq crashes found, perf_score=258, exec_us=345, hits=3618, map=283)...[0m
[1;94m[*] [0mFuzzing test case #109 (690 total, 0 uniq crashes found, perf_score=114, exec_us=396, hits=149, map=337)...[0m
[1;94m[*] [0mFuzzing test case #41 (690 total, 0 uniq crashes found, perf_score=114, exec_us=369, hits=180, map=478)...[0m
[1;94m[*] [0mFuzzing test case #686 (690 total, 0 uniq crashes found, perf_score=258, exec_us=345, hits=3655, map=283)...[0m
[1;94m[*] [0mFuzzing test case #16 (690 total, 0 uniq crashes found, perf_score=100, exec_us=362, hits=2, map=301)...[0m
[1;94m[*] [0mFuzzing test case #638 (690 total, 0 uniq crashes found, perf_score=258, exec_us=437, hits=11990, map=266)...[0m
[1;94m[*] [0mFuzzing test case #147 (690 total, 0 uniq crashes found, perf_score=114, exec_us=401, hits=142, map=523)...[0m
[1;94m[*] [0mFuzzing test case #455 (690 total, 0 uniq crashes found, perf_score=114, exec_us=358, hits=8101, map=501)...[0m
[1;94m[*] [0mFuzzing test case #433 (690 total, 0 uniq crashes found, perf_score=229, exec_us=368, hits=2677, map=540)...[0m
[1;94m[*] [0mFuzzing test case #246 (690 total, 0 uniq crashes found, perf_score=86, exec_us=491, hits=284, map=218)...[0m
[1;94m[*] [0mFuzzing test case #618 (690 total, 0 uniq crashes found, perf_score=229, exec_us=362, hits=1195, map=343)...[0m
[1;94m[*] [0mFuzzing test case #681 (690 total, 0 uniq crashes found, perf_score=229, exec_us=403, hits=73, map=330)...[0m
[1;93m[!] [1;97mWARNING: [0minstability detected during calibration
[0m
[1;93m[!] [1;97mWARNING: [0minstability detected during calibration
[0m
[1;94m[*] [0mFuzzing test case #677 (692 total, 0 uniq crashes found, perf_score=229, exec_us=350, hits=1554, map=330)...[0m
[1;94m[*] [0mFuzzing test case #686 (692 total, 0 uniq crashes found, perf_score=258, exec_us=345, hits=3702, map=283)...[0m
[1;94m[*] [0mFuzzing test case #686 (692 total, 0 uniq crashes found, perf_score=258, exec_us=345, hits=3743, map=283)...[0m
[1;94m[*] [0mFuzzing test case #433 (692 total, 0 uniq crashes found, perf_score=229, exec_us=368, hits=2698, map=540)...[0m
[1;94m[*] [0mFuzzing test case #691 (692 total, 0 uniq crashes found, perf_score=400, exec_us=382, hits=1, map=338)...[0m
[1;94m[*] [0mFuzzing test case #433 (692 total, 0 uniq crashes found, perf_score=229, exec_us=368, hits=2714, map=540)...[0m
[1;94m[*] [0mFuzzing test case #686 (692 total, 0 uniq crashes found, perf_score=258, exec_us=345, hits=3793, map=283)...[0m
[1;94m[*] [0mFuzzing test case #384 (692 total, 0 uniq crashes found, perf_score=114, exec_us=370, hits=423, map=366)...[0m
[1;94m[*] [0mFuzzing test case #686 (692 total, 0 uniq crashes found, perf_score=258, exec_us=345, hits=3835, map=283)...[0m
[1;94m[*] [0mFuzzing test case #311 (692 total, 0 uniq crashes found, perf_score=229, exec_us=368, hits=757, map=439)...[0m
[1;94m[*] [0mFuzzing test case #455 (692 total, 0 uniq crashes found, perf_score=114, exec_us=358, hits=8113, map=501)...[0m
[1;94m[*] [0mFuzzing test case #686 (692 total, 0 uniq crashes found, perf_score=258, exec_us=345, hits=3864, map=283)...[0m
[1;94m[*] [0mFuzzing test case #686 (692 total, 0 uniq crashes found, perf_score=258, exec_us=345, hits=3901, map=283)...[0m
[1;94m[*] [0mFuzzing test case #113 (692 total, 0 uniq crashes found, perf_score=114, exec_us=442, hits=335, map=435)...[0m
[1;93m[!] [1;97mWARNING: [0minstability detected during calibration
[0m
[1;94m[*] [0mFuzzing test case #433 (693 total, 0 uniq crashes found, perf_score=229, exec_us=368, hits=2732, map=540)...[0m
[1;94m[*] [0mFuzzing test case #455 (693 total, 0 uniq crashes found, perf_score=114, exec_us=358, hits=8128, map=501)...[0m
[1;94m[*] [0mFuzzing test case #686 (693 total, 0 uniq crashes found, perf_score=258, exec_us=345, hits=3944, map=283)...[0m
[1;94m[*] [0mFuzzing test case #210 (693 total, 0 uniq crashes found, perf_score=86, exec_us=391, hits=497, map=234)...[0m
[1;94m[*] [0mFuzzing test case #686 (693 total, 0 uniq crashes found, perf_score=258, exec_us=345, hits=3993, map=283)...[0m
[1;94m[*] [0mFuzzing test case #337 (693 total, 0 uniq crashes found, perf_score=114, exec_us=392, hits=203, map=299)...[0m
[1;94m[*] [0mFuzzing test case #164 (693 total, 0 uniq crashes found, perf_score=28, exec_us=343, hits=1936, map=81)...[0m
[1;94m[*] [0mFuzzing test case #686 (693 total, 0 uniq crashes found, perf_score=258, exec_us=345, hits=4034, map=283)...[0m
[1;94m[*] [0mFuzzing test case #692 (693 total, 0 uniq crashes found, perf_score=200, exec_us=536, hits=1, map=301)...[0m
[1;94m[*] [0mFuzzing test case #455 (693 total, 0 uniq crashes found, perf_score=114, exec_us=358, hits=8140, map=501)...[0m
[1;93m[!] [1;97mWARNING: [0minstability detected during calibration
[0m
[1;94m[*] [0mFuzzing test case #433 (694 total, 0 uniq crashes found, perf_score=229, exec_us=368, hits=2749, map=540)...[0m
[1;94m[*] [0mFuzzing test case #347 (694 total, 0 uniq crashes found, perf_score=86, exec_us=356, hits=214, map=276)...[0m
[1;94m[*] [0mFuzzing test case #677 (694 total, 0 uniq crashes found, perf_score=229, exec_us=350, hits=1589, map=330)...[0m
[1;94m[*] [0mFuzzing test case #593 (694 total, 0 uniq crashes found, perf_score=172, exec_us=412, hits=251, map=280)...[0m
[1;94m[*] [0mFuzzing test case #686 (694 total, 0 uniq crashes found, perf_score=258, exec_us=345, hits=4081, map=283)...[0m
[1;94m[*] [0mFuzzing test case #455 (694 total, 0 uniq crashes found, perf_score=114, exec_us=358, hits=8165, map=501)...[0m
[1;94m[*] [0mFuzzing test case #652 (694 total, 0 uniq crashes found, perf_score=229, exec_us=398, hits=2881, map=307)...[0m
[1;94m[*] [0mFuzzing test case #433 (694 total, 0 uniq crashes found, perf_score=229, exec_us=368, hits=2774, map=540)...[0m
[1;94m[*] [0mFuzzing test case #370 (694 total, 0 uniq crashes found, perf_score=86, exec_us=444, hits=175, map=266)...[0m
[1;94m[*] [0mFuzzing test case #351 (694 total, 0 uniq crashes found, perf_score=114, exec_us=348, hits=198, map=392)...[0m
[1;94m[*] [0mFuzzing test case #154 (694 total, 0 uniq crashes found, perf_score=114, exec_us=552, hits=105, map=428)...[0m
[1;94m[*] [0mFuzzing test case #379 (694 total, 0 uniq crashes found, perf_score=114, exec_us=386, hits=171, map=335)...[0m
[1;94m[*] [0mFuzzing test case #332 (694 total, 0 uniq crashes found, perf_score=114, exec_us=423, hits=85, map=311)...[0m
[1;94m[*] [0mFuzzing test case #686 (694 total, 0 uniq crashes found, perf_score=258, exec_us=345, hits=4124, map=283)...[0m
[1;94m[*] [0mFuzzing test case #677 (694 total, 0 uniq crashes found, perf_score=229, exec_us=350, hits=1621, map=330)...[0m
[1;94m[*] [0mFuzzing test case #40 (694 total, 0 uniq crashes found, perf_score=86, exec_us=367, hits=2481, map=214)...[0m
[1;94m[*] [0mFuzzing test case #316 (694 total, 0 uniq crashes found, perf_score=172, exec_us=354, hits=507, map=213)...[0m
[1;94m[*] [0mFuzzing test case #686 (694 total, 0 uniq crashes found, perf_score=258, exec_us=345, hits=4162, map=283)...[0m
[1;94m[*] [0mFuzzing test case #433 (694 total, 0 uniq crashes found, perf_score=229, exec_us=368, hits=2794, map=540)...[0m
[1;94m[*] [0mFuzzing test case #455 (694 total, 0 uniq crashes found, perf_score=114, exec_us=358, hits=8177, map=501)...[0m
[1;94m[*] [0mFuzzing test case #686 (694 total, 0 uniq crashes found, perf_score=258, exec_us=345, hits=4217, map=283)...[0m
[1;94m[*] [0mFuzzing test case #652 (694 total, 0 uniq crashes found, perf_score=229, exec_us=398, hits=2934, map=307)...[0m
[1;94m[*] [0mFuzzing test case #311 (694 total, 0 uniq crashes found, perf_score=229, exec_us=368, hits=780, map=439)...[0m
[1;94m[*] [0mFuzzing test case #613 (694 total, 0 uniq crashes found, perf_score=114, exec_us=357, hits=176, map=467)...[0m
[1;94m[*] [0mFuzzing test case #686 (694 total, 0 uniq crashes found, perf_score=258, exec_us=345, hits=4264, map=283)...[0m
[1;94m[*] [0mFuzzing test case #686 (694 total, 0 uniq crashes found, perf_score=258, exec_us=345, hits=4305, map=283)...[0m
[1;94m[*] [0mFuzzing test case #686 (694 total, 0 uniq crashes found, perf_score=258, exec_us=345, hits=4357, map=283)...[0m
[1;94m[*] [0mFuzzing test case #455 (694 total, 0 uniq crashes found, perf_score=114, exec_us=358, hits=8191, map=501)...[0m
[1;94m[*] [0mFuzzing test case #455 (694 total, 0 uniq crashes found, perf_score=114, exec_us=358, hits=8207, map=501)...[0m
[1;94m[*] [0mFuzzing test case #593 (694 total, 0 uniq crashes found, perf_score=172, exec_us=412, hits=334, map=280)...[0m
[1;93m[!] [1;97mWARNING: [0minstability detected during calibration
[0m
[1;94m[*] [0mFuzzing test case #242 (695 total, 0 uniq crashes found, perf_score=114, exec_us=445, hits=373, map=290)...[0m
[1;94m[*] [0mFuzzing test case #686 (695 total, 0 uniq crashes found, perf_score=258, exec_us=345, hits=4398, map=283)...[0m
[1;94m[*] [0mFuzzing test case #511 (695 total, 0 uniq crashes found, perf_score=200, exec_us=454, hits=2, map=512)...[0m
[1;93m[!] [1;97mWARNING: [0minstability detected during calibration
[0m
[1;94m[*] [0mFuzzing test case #686 (696 total, 0 uniq crashes found, perf_score=258, exec_us=345, hits=4451, map=283)...[0m
[1;94m[*] [0mFuzzing test case #686 (696 total, 0 uniq crashes found, perf_score=258, exec_us=345, hits=4504, map=283)...[0m
[1;94m[*] [0mFuzzing test case #345 (696 total, 0 uniq crashes found, perf_score=86, exec_us=352, hits=390, map=226)...[0m
[1;94m[*] [0mFuzzing test case #677 (696 total, 0 uniq crashes found, perf_score=229, exec_us=350, hits=1658, map=330)...[0m
[1;94m[*] [0mFuzzing test case #273 (696 total, 0 uniq crashes found, perf_score=172, exec_us=347, hits=527, map=266)...[0m
[1;94m[*] [0mFuzzing test case #455 (696 total, 0 uniq crashes found, perf_score=114, exec_us=358, hits=8219, map=501)...[0m
[1;94m[*] [0mFuzzing test case #455 (696 total, 0 uniq crashes found, perf_score=114, exec_us=358, hits=8240, map=501)...[0m
[1;94m[*] [0mFuzzing test case #686 (696 total, 0 uniq crashes found, perf_score=258, exec_us=345, hits=4552, map=283)...[0m
[1;94m[*] [0mFuzzing test case #330 (696 total, 0 uniq crashes found, perf_score=114, exec_us=390, hits=180, map=311)...[0m
[1;94m[*] [0mFuzzing test case #455 (696 total, 0 uniq crashes found, perf_score=114, exec_us=358, hits=8251, map=501)...[0m
[1;94m[*] [0mFuzzing test case #686 (696 total, 0 uniq crashes found, perf_score=258, exec_us=345, hits=4596, map=283)...[0m
[1;94m[*] [0mFuzzing test case #686 (696 total, 0 uniq crashes found, perf_score=258, exec_us=345, hits=4634, map=283)...[0m
[1;94m[*] [0mFuzzing test case #676 (696 total, 0 uniq crashes found, perf_score=200, exec_us=358, hits=1, map=488)...[0m
[1;94m[*] [0mFuzzing test case #455 (696 total, 0 uniq crashes found, perf_score=114, exec_us=358, hits=8261, map=501)...[0m
[1;94m[*] [0mFuzzing test case #613 (696 total, 0 uniq crashes found, perf_score=114, exec_us=357, hits=203, map=467)...[0m
[1;94m[*] [0mFuzzing test case #433 (696 total, 0 uniq crashes found, perf_score=229, exec_us=368, hits=2812, map=540)...[0m
[1;94m[*] [0mFuzzing test case #455 (696 total, 0 uniq crashes found, perf_score=114, exec_us=358, hits=8281, map=501)...[0m
[1;94m[*] [0mFuzzing test case #311 (696 total, 0 uniq crashes found, perf_score=229, exec_us=368, hits=803, map=439)...[0m
[1;94m[*] [0mFuzzing test case #686 (696 total, 0 uniq crashes found, perf_score=258, exec_us=345, hits=4671, map=283)...[0m
[1;94m[*] [0mFuzzing test case #686 (696 total, 0 uniq crashes found, perf_score=258, exec_us=345, hits=4707, map=283)...[0m
[1;94m[*] [0mFuzzing test case #686 (696 total, 0 uniq crashes found, perf_score=258, exec_us=345, hits=4745, map=283)...[0m
[1;94m[*] [0mFuzzing test case #455 (696 total, 0 uniq crashes found, perf_score=114, exec_us=358, hits=8290, map=501)...[0m
[1;94m[*] [0mFuzzing test case #433 (696 total, 0 uniq crashes found, perf_score=229, exec_us=368, hits=2832, map=540)...[0m
[1;94m[*] [0mFuzzing test case #686 (696 total, 0 uniq crashes found, perf_score=258, exec_us=345, hits=4787, map=283)...[0m
[1;94m[*] [0mFuzzing test case #613 (696 total, 0 uniq crashes found, perf_score=114, exec_us=357, hits=223, map=467)...[0m
[1;94m[*] [0mFuzzing test case #686 (696 total, 0 uniq crashes found, perf_score=258, exec_us=345, hits=4830, map=283)...[0m
[1;94m[*] [0mFuzzing test case #433 (696 total, 0 uniq crashes found, perf_score=229, exec_us=368, hits=2846, map=540)...[0m
[1;94m[*] [0mFuzzing test case #235 (696 total, 0 uniq crashes found, perf_score=86, exec_us=418, hits=53, map=264)...[0m
[1;94m[*] [0mFuzzing test case #455 (696 total, 0 uniq crashes found, perf_score=114, exec_us=358, hits=8306, map=501)...[0m
[1;94m[*] [0mFuzzing test case #408 (696 total, 0 uniq crashes found, perf_score=229, exec_us=386, hits=1433, map=537)...[0m
[1;94m[*] [0mFuzzing test case #546 (696 total, 0 uniq crashes found, perf_score=229, exec_us=380, hits=618, map=511)...[0m
[1;94m[*] [0mFuzzing test case #686 (696 total, 0 uniq crashes found, perf_score=258, exec_us=345, hits=4876, map=283)...[0m
[1;94m[*] [0mFuzzing test case #433 (696 total, 0 uniq crashes found, perf_score=229, exec_us=368, hits=2862, map=540)...[0m
[1;94m[*] [0mFuzzing test case #351 (696 total, 0 uniq crashes found, perf_score=114, exec_us=348, hits=215, map=392)...[0m
[1;94m[*] [0mFuzzing test case #455 (696 total, 0 uniq crashes found, perf_score=114, exec_us=358, hits=8326, map=501)...[0m
[1;94m[*] [0mFuzzing test case #652 (696 total, 0 uniq crashes found, perf_score=229, exec_us=398, hits=2968, map=307)...[0m
[1;94m[*] [0mFuzzing test case #686 (696 total, 0 uniq crashes found, perf_score=258, exec_us=345, hits=4916, map=283)...[0m
[1;94m[*] [0mFuzzing test case #686 (696 total, 0 uniq crashes found, perf_score=258, exec_us=345, hits=4952, map=283)...[0m
[1;94m[*] [0mFuzzing test case #58 (696 total, 0 uniq crashes found, perf_score=114, exec_us=406, hits=104, map=527)...[0m
[1;94m[*] [0mFuzzing test case #686 (696 total, 0 uniq crashes found, perf_score=258, exec_us=345, hits=4992, map=283)...[0m
[1;94m[*] [0mFuzzing test case #686 (696 total, 0 uniq crashes found, perf_score=258, exec_us=345, hits=5036, map=283)...[0m
[1;94m[*] [0mFuzzing test case #694 (696 total, 0 uniq crashes found, perf_score=300, exec_us=411, hits=1, map=280)...[0m
[1;93m[!] [1;97mWARNING: [0minstability detected during calibration
[0m
[1;94m[*] [0mFuzzing test case #686 (697 total, 0 uniq crashes found, perf_score=258, exec_us=345, hits=5082, map=283)...[0m
[1;94m[*] [0mFuzzing test case #686 (697 total, 0 uniq crashes found, perf_score=258, exec_us=345, hits=5130, map=283)...[0m
[1;94m[*] [0mFuzzing test case #455 (697 total, 0 uniq crashes found, perf_score=114, exec_us=358, hits=8335, map=501)...[0m
[1;94m[*] [0mFuzzing test case #60 (697 total, 0 uniq crashes found, perf_score=86, exec_us=428, hits=287, map=240)...[0m
[1;94m[*] [0mFuzzing test case #686 (697 total, 0 uniq crashes found, perf_score=258, exec_us=345, hits=5193, map=283)...[0m
[1;94m[*] [0mFuzzing test case #686 (697 total, 0 uniq crashes found, perf_score=258, exec_us=345, hits=5243, map=283)...[0m
[1;94m[*] [0mFuzzing test case #59 (697 total, 0 uniq crashes found, perf_score=114, exec_us=360, hits=354, map=473)...[0m
[1;94m[*] [0mFuzzing test case #546 (697 total, 0 uniq crashes found, perf_score=229, exec_us=380, hits=644, map=511)...[0m
[1;94m[*] [0mFuzzing test case #546 (697 total, 0 uniq crashes found, perf_score=229, exec_us=380, hits=673, map=511)...[0m
[1;94m[*] [0mFuzzing test case #686 (697 total, 0 uniq crashes found, perf_score=258, exec_us=345, hits=5291, map=283)...[0m
[1;94m[*] [0mFuzzing test case #455 (697 total, 0 uniq crashes found, perf_score=114, exec_us=358, hits=8348, map=501)...[0m
[1;94m[*] [0mFuzzing test case #686 (697 total, 0 uniq crashes found, perf_score=258, exec_us=345, hits=5328, map=283)...[0m
[1;94m[*] [0mFuzzing test case #433 (697 total, 0 uniq crashes found, perf_score=229, exec_us=368, hits=2886, map=540)...[0m
[1;94m[*] [0mFuzzing test case #455 (697 total, 0 uniq crashes found, perf_score=114, exec_us=358, hits=8372, map=501)...[0m
[1;94m[*] [0mFuzzing test case #686 (697 total, 0 uniq crashes found, perf_score=258, exec_us=345, hits=5371, map=283)...[0m
[1;94m[*] [0mFuzzing test case #686 (697 total, 0 uniq crashes found, perf_score=258, exec_us=345, hits=5411, map=283)...[0m
[1;94m[*] [0mFuzzing test case #638 (697 total, 0 uniq crashes found, perf_score=258, exec_us=437, hits=12025, map=266)...[0m
[1;94m[*] [0mFuzzing test case #618 (697 total, 0 uniq crashes found, perf_score=229, exec_us=362, hits=1246, map=343)...[0m
[1;94m[*] [0mFuzzing test case #364 (697 total, 0 uniq crashes found, perf_score=114, exec_us=376, hits=320, map=295)...[0m
[1;94m[*] [0mFuzzing test case #433 (697 total, 0 uniq crashes found, perf_score=229, exec_us=368, hits=2905, map=540)...[0m
[1;94m[*] [0mFuzzing test case #154 (697 total, 0 uniq crashes found, perf_score=114, exec_us=552, hits=147, map=428)...[0m
[1;94m[*] [0mFuzzing test case #455 (697 total, 0 uniq crashes found, perf_score=114, exec_us=358, hits=8387, map=501)...[0m
[1;94m[*] [0mFuzzing test case #455 (697 total, 0 uniq crashes found, perf_score=114, exec_us=358, hits=8402, map=501)...[0m
[1;94m[*] [0mFuzzing test case #345 (697 total, 0 uniq crashes found, perf_score=86, exec_us=352, hits=452, map=226)...[0m
[1;94m[*] [0mFuzzing test case #686 (697 total, 0 uniq crashes found, perf_score=258, exec_us=345, hits=5463, map=283)...[0m
[1;94m[*] [0mFuzzing test case #455 (697 total, 0 uniq crashes found, perf_score=114, exec_us=358, hits=8415, map=501)...[0m
[1;94m[*] [0mFuzzing test case #583 (697 total, 0 uniq crashes found, perf_score=229, exec_us=412, hits=213, map=512)...[0m
[1;94m[*] [0mFuzzing test case #686 (697 total, 0 uniq crashes found, perf_score=258, exec_us=345, hits=5525, map=283)...[0m
[1;94m[*] [0mFuzzing test case #167 (697 total, 0 uniq crashes found, perf_score=114, exec_us=364, hits=235, map=425)...[0m
[1;94m[*] [0mFuzzing test case #147 (697 total, 0 uniq crashes found, perf_score=114, exec_us=401, hits=147, map=523)...[0m
[1;93m[!] [1;97mWARNING: [0minstability detected during calibration
[0m
[1;94m[*] [0mFuzzing test case #656 (698 total, 0 uniq crashes found, perf_score=345, exec_us=413, hits=979, map=299)...[0m
[1;94m[*] [0mFuzzing test case #384 (698 total, 0 uniq crashes found, perf_score=114, exec_us=370, hits=432, map=366)...[0m
[1;94m[*] [0mFuzzing test case #455 (698 total, 0 uniq crashes found, perf_score=114, exec_us=358, hits=8425, map=501)...[0m
[1;94m[*] [0mFuzzing test case #686 (698 total, 0 uniq crashes found, perf_score=258, exec_us=345, hits=5568, map=283)...[0m
[1;94m[*] [0mFuzzing test case #686 (698 total, 0 uniq crashes found, perf_score=258, exec_us=345, hits=5612, map=283)...[0m
[1;94m[*] [0mFuzzing test case #375 (698 total, 0 uniq crashes found, perf_score=114, exec_us=388, hits=195, map=554)...[0m
[1;94m[*] [0mFuzzing test case #455 (698 total, 0 uniq crashes found, perf_score=114, exec_us=358, hits=8440, map=501)...[0m
[1;94m[*] [0mFuzzing test case #697 (698 total, 0 uniq crashes found, perf_score=200, exec_us=461, hits=1, map=328)...[0m
[1;94m[*] [0mFuzzing test case #686 (698 total, 0 uniq crashes found, perf_score=258, exec_us=345, hits=5663, map=283)...[0m
[1;94m[*] [0mFuzzing test case #88 (698 total, 0 uniq crashes found, perf_score=86, exec_us=395, hits=296, map=219)...[0m
[1;94m[*] [0mFuzzing test case #652 (698 total, 0 uniq crashes found, perf_score=229, exec_us=398, hits=3013, map=307)...[0m
[1;94m[*] [0mFuzzing test case #564 (698 total, 0 uniq crashes found, perf_score=200, exec_us=500, hits=2, map=509)...[0m
[1;94m[*] [0mFuzzing test case #455 (698 total, 0 uniq crashes found, perf_score=114, exec_us=358, hits=8453, map=501)...[0m
[1;94m[*] [0mFuzzing test case #686 (698 total, 0 uniq crashes found, perf_score=258, exec_us=345, hits=5700, map=283)...[0m
[1;94m[*] [0mFuzzing test case #686 (698 total, 0 uniq crashes found, perf_score=258, exec_us=345, hits=5737, map=283)...[0m
[1;94m[*] [0mFuzzing test case #455 (698 total, 0 uniq crashes found, perf_score=114, exec_us=358, hits=8464, map=501)...[0m
[1;94m[*] [0mFuzzing test case #455 (698 total, 0 uniq crashes found, perf_score=114, exec_us=358, hits=8476, map=501)...[0m
[1;94m[*] [0mFuzzing test case #686 (698 total, 0 uniq crashes found, perf_score=258, exec_us=345, hits=5783, map=283)...[0m
[1;94m[*] [0mFuzzing test case #686 (698 total, 0 uniq crashes found, perf_score=258, exec_us=345, hits=5828, map=283)...[0m
[1;94m[*] [0mFuzzing test case #686 (698 total, 0 uniq crashes found, perf_score=258, exec_us=345, hits=5863, map=283)...[0m
[1;94m[*] [0mFuzzing test case #686 (698 total, 0 uniq crashes found, perf_score=258, exec_us=345, hits=5918, map=283)...[0m
[1;94m[*] [0mFuzzing test case #433 (698 total, 0 uniq crashes found, perf_score=229, exec_us=368, hits=2930, map=540)...[0m
[1;94m[*] [0mFuzzing test case #455 (698 total, 0 uniq crashes found, perf_score=114, exec_us=358, hits=8491, map=501)...[0m
[1;94m[*] [0mFuzzing test case #433 (698 total, 0 uniq crashes found, perf_score=229, exec_us=368, hits=2956, map=540)...[0m
[1;94m[*] [0mFuzzing test case #652 (698 total, 0 uniq crashes found, perf_score=229, exec_us=398, hits=3053, map=307)...[0m
[1;94m[*] [0mFuzzing test case #652 (698 total, 0 uniq crashes found, perf_score=229, exec_us=398, hits=3094, map=307)...[0m
[1;94m[*] [0mFuzzing test case #686 (698 total, 0 uniq crashes found, perf_score=258, exec_us=345, hits=5960, map=283)...[0m
[1;94m[*] [0mFuzzing test case #455 (698 total, 0 uniq crashes found, perf_score=114, exec_us=358, hits=8506, map=501)...[0m
[1;94m[*] [0mFuzzing test case #653 (698 total, 0 uniq crashes found, perf_score=345, exec_us=396, hits=4424, map=317)...[0m
[1;94m[*] [0mFuzzing test case #677 (698 total, 0 uniq crashes found, perf_score=229, exec_us=350, hits=1699, map=330)...[0m
[1;94m[*] [0mFuzzing test case #455 (698 total, 0 uniq crashes found, perf_score=114, exec_us=358, hits=8519, map=501)...[0m
[1;94m[*] [0mFuzzing test case #433 (698 total, 0 uniq crashes found, perf_score=229, exec_us=368, hits=2973, map=540)...[0m
[1;94m[*] [0mFuzzing test case #59 (698 total, 0 uniq crashes found, perf_score=114, exec_us=360, hits=372, map=473)...[0m
[1;94m[*] [0mFuzzing test case #455 (698 total, 0 uniq crashes found, perf_score=114, exec_us=358, hits=8529, map=501)...[0m
[1;94m[*] [0mFuzzing test case #455 (698 total, 0 uniq crashes found, perf_score=114, exec_us=358, hits=8542, map=501)...[0m
[1;94m[*] [0mFuzzing test case #686 (698 total, 0 uniq crashes found, perf_score=258, exec_us=345, hits=6008, map=283)...[0m
[1;93m[!] [1;97mWARNING: [0minstability detected during calibration
[0m
[1;94m[*] [0mFuzzing test case #677 (699 total, 0 uniq crashes found, perf_score=229, exec_us=350, hits=1725, map=330)...[0m
[1;94m[*] [0mFuzzing test case #686 (699 total, 0 uniq crashes found, perf_score=258, exec_us=345, hits=6046, map=283)...[0m
[1;94m[*] [0mFuzzing test case #455 (699 total, 0 uniq crashes found, perf_score=114, exec_us=358, hits=8553, map=501)...[0m
[1;94m[*] [0mFuzzing test case #686 (699 total, 0 uniq crashes found, perf_score=258, exec_us=345, hits=6090, map=283)...[0m
[1;94m[*] [0mFuzzing test case #433 (699 total, 0 uniq crashes found, perf_score=229, exec_us=368, hits=2994, map=540)...[0m
[1;94m[*] [0mFuzzing test case #433 (699 total, 0 uniq crashes found, perf_score=229, exec_us=368, hits=3016, map=540)...[0m
[1;94m[*] [0mFuzzing test case #337 (699 total, 0 uniq crashes found, perf_score=114, exec_us=392, hits=259, map=299)...[0m
[1;94m[*] [0mFuzzing test case #686 (699 total, 0 uniq crashes found, perf_score=258, exec_us=345, hits=6153, map=283)...[0m
[1;94m[*] [0mFuzzing test case #686 (699 total, 0 uniq crashes found, perf_score=258, exec_us=345, hits=6215, map=283)...[0m
[1;94m[*] [0mFuzzing test case #332 (699 total, 0 uniq crashes found, perf_score=114, exec_us=423, hits=123, map=311)...[0m
[1;94m[*] [0mFuzzing test case #408 (699 total, 0 uniq crashes found, perf_score=229, exec_us=386, hits=1449, map=537)...[0m
[1;94m[*] [0mFuzzing test case #652 (699 total, 0 uniq crashes found, perf_score=229, exec_us=398, hits=3136, map=307)...[0m
[1;94m[*] [0mFuzzing test case #686 (699 total, 0 uniq crashes found, perf_score=258, exec_us=345, hits=6271, map=283)...[0m
[1;94m[*] [0mFuzzing test case #455 (699 total, 0 uniq crashes found, perf_score=114, exec_us=358, hits=8564, map=501)...[0m
[1;94m[*] [0mFuzzing test case #686 (699 total, 0 uniq crashes found, perf_score=258, exec_us=345, hits=6324, map=283)...[0m
[1;94m[*] [0mFuzzing test case #686 (699 total, 0 uniq crashes found, perf_score=258, exec_us=345, hits=6365, map=283)...[0m
[1;94m[*] [0mFuzzing test case #40 (699 total, 0 uniq crashes found, perf_score=86, exec_us=367, hits=2646, map=214)...[0m
[1;94m[*] [0mFuzzing test case #583 (699 total, 0 uniq crashes found, perf_score=229, exec_us=412, hits=270, map=512)...[0m
[1;94m[*] [0mFuzzing test case #349 (699 total, 0 uniq crashes found, perf_score=86, exec_us=360, hits=233, map=248)...[0m
[1;93m[!] [1;97mWARNING: [0minstability detected during calibration
[0m
[1;94m[*] [0mFuzzing test case #618 (700 total, 0 uniq crashes found, perf_score=229, exec_us=362, hits=1286, map=343)...[0m
[1;94m[*] [0mFuzzing test case #546 (700 total, 0 uniq crashes found, perf_score=229, exec_us=380, hits=695, map=511)...[0m
[1;94m[*] [0mFuzzing test case #455 (700 total, 0 uniq crashes found, perf_score=114, exec_us=358, hits=8577, map=501)...[0m
[1;94m[*] [0mFuzzing test case #663 (700 total, 0 uniq crashes found, perf_score=229, exec_us=359, hits=215, map=480)...[0m
[1;94m[*] [0mFuzzing test case #455 (700 total, 0 uniq crashes found, perf_score=114, exec_us=358, hits=8589, map=501)...[0m
[1;94m[*] [0mFuzzing test case #686 (700 total, 0 uniq crashes found, perf_score=258, exec_us=345, hits=6402, map=283)...[0m
[1;94m[*] [0mFuzzing test case #686 (700 total, 0 uniq crashes found, perf_score=258, exec_us=345, hits=6446, map=283)...[0m
[1;94m[*] [0mFuzzing test case #502 (700 total, 0 uniq crashes found, perf_score=229, exec_us=365, hits=800, map=494)...[0m
[1;94m[*] [0mFuzzing test case #686 (700 total, 0 uniq crashes found, perf_score=258, exec_us=345, hits=6497, map=283)...[0m
[1;94m[*] [0mFuzzing test case #686 (700 total, 0 uniq crashes found, perf_score=258, exec_us=345, hits=6543, map=283)...[0m
[1;94m[*] [0mFuzzing test case #59 (700 total, 0 uniq crashes found, perf_score=114, exec_us=360, hits=397, map=473)...[0m
[1;94m[*] [0mFuzzing test case #618 (700 total, 0 uniq crashes found, perf_score=229, exec_us=362, hits=1336, map=343)...[0m
[1;94m[*] [0mFuzzing test case #415 (700 total, 0 uniq crashes found, perf_score=229, exec_us=372, hits=1755, map=531)...[0m
[1;94m[*] [0mFuzzing test case #686 (700 total, 0 uniq crashes found, perf_score=258, exec_us=345, hits=6583, map=283)...[0m
[1;94m[*] [0mFuzzing test case #502 (700 total, 0 uniq crashes found, perf_score=229, exec_us=365, hits=810, map=494)...[0m
[1;94m[*] [0mFuzzing test case #292 (700 total, 0 uniq crashes found, perf_score=114, exec_us=384, hits=773, map=287)...[0m
[1;94m[*] [0mFuzzing test case #137 (700 total, 1 uniq crashes found, perf_score=86, exec_us=410, hits=209, map=272)...[0m
[1;94m[*] [0mFuzzing test case #175 (700 total, 1 uniq crashes found, perf_score=86, exec_us=529, hits=253, map=245)...[0m
[1;94m[*] [0mFuzzing test case #455 (700 total, 1 uniq crashes found, perf_score=114, exec_us=358, hits=8604, map=501)...[0m
[1;94m[*] [0mFuzzing test case #502 (700 total, 1 uniq crashes found, perf_score=229, exec_us=365, hits=825, map=494)...[0m
[1;94m[*] [0mFuzzing test case #147 (700 total, 1 uniq crashes found, perf_score=114, exec_us=401, hits=162, map=523)...[0m
[1;94m[*] [0mFuzzing test case #346 (700 total, 1 uniq crashes found, perf_score=100, exec_us=361, hits=1, map=480)...[0m
[1;94m[*] [0mFuzzing test case #546 (700 total, 1 uniq crashes found, perf_score=229, exec_us=380, hits=714, map=511)...[0m
[1;94m[*] [0mFuzzing test case #140 (700 total, 1 uniq crashes found, perf_score=86, exec_us=431, hits=160, map=218)...[0m
[1;94m[*] [0mFuzzing test case #686 (700 total, 1 uniq crashes found, perf_score=258, exec_us=345, hits=6622, map=283)...[0m
[1;94m[*] [0mFuzzing test case #384 (700 total, 1 uniq crashes found, perf_score=114, exec_us=370, hits=441, map=366)...[0m
[1;94m[*] [0mFuzzing test case #686 (700 total, 1 uniq crashes found, perf_score=258, exec_us=345, hits=6661, map=283)...[0m
[1;94m[*] [0mFuzzing test case #641 (700 total, 1 uniq crashes found, perf_score=229, exec_us=461, hits=153, map=545)...[0m
[1;94m[*] [0mFuzzing test case #41 (700 total, 1 uniq crashes found, perf_score=114, exec_us=369, hits=199, map=478)...[0m
[1;94m[*] [0mFuzzing test case #618 (700 total, 1 uniq crashes found, perf_score=229, exec_us=362, hits=1385, map=343)...[0m
[1;94m[*] [0mFuzzing test case #455 (700 total, 1 uniq crashes found, perf_score=114, exec_us=358, hits=8619, map=501)...[0m
[1;94m[*] [0mFuzzing test case #455 (700 total, 1 uniq crashes found, perf_score=114, exec_us=358, hits=8638, map=501)...[0m
[1;94m[*] [0mFuzzing test case #55 (700 total, 1 uniq crashes found, perf_score=86, exec_us=422, hits=253, map=235)...[0m
[1;94m[*] [0mFuzzing test case #686 (700 total, 1 uniq crashes found, perf_score=258, exec_us=345, hits=6704, map=283)...[0m
[1;94m[*] [0mFuzzing test case #433 (700 total, 1 uniq crashes found, perf_score=229, exec_us=368, hits=3037, map=540)...[0m
[1;94m[*] [0mFuzzing test case #677 (700 total, 1 uniq crashes found, perf_score=229, exec_us=350, hits=1763, map=330)...[0m
[1;94m[*] [0mFuzzing test case #686 (700 total, 1 uniq crashes found, perf_score=258, exec_us=345, hits=6754, map=283)...[0m
[1;94m[*] [0mFuzzing test case #455 (700 total, 1 uniq crashes found, perf_score=114, exec_us=358, hits=8651, map=501)...[0m
[1;94m[*] [0mFuzzing test case #686 (700 total, 1 uniq crashes found, perf_score=258, exec_us=345, hits=6809, map=283)...[0m
[1;94m[*] [0mFuzzing test case #41 (700 total, 1 uniq crashes found, perf_score=114, exec_us=369, hits=228, map=478)...[0m
[1;94m[*] [0mFuzzing test case #332 (700 total, 1 uniq crashes found, perf_score=114, exec_us=423, hits=165, map=311)...[0m
[1;94m[*] [0mFuzzing test case #686 (700 total, 1 uniq crashes found, perf_score=258, exec_us=345, hits=6855, map=283)...[0m
[1;94m[*] [0mFuzzing test case #686 (700 total, 1 uniq crashes found, perf_score=258, exec_us=345, hits=6902, map=283)...[0m
[1;94m[*] [0mFuzzing test case #686 (700 total, 1 uniq crashes found, perf_score=258, exec_us=345, hits=6948, map=283)...[0m
[1;94m[*] [0mFuzzing test case #455 (700 total, 1 uniq crashes found, perf_score=114, exec_us=358, hits=8664, map=501)...[0m
[1;94m[*] [0mFuzzing test case #686 (700 total, 1 uniq crashes found, perf_score=258, exec_us=345, hits=6984, map=283)...[0m
[1;94m[*] [0mFuzzing test case #38 (700 total, 1 uniq crashes found, perf_score=114, exec_us=387, hits=245, map=291)...[0m
[1;94m[*] [0mFuzzing test case #408 (700 total, 1 uniq crashes found, perf_score=229, exec_us=386, hits=1470, map=537)...[0m
[1;94m[*] [0mFuzzing test case #94 (700 total, 1 uniq crashes found, perf_score=86, exec_us=367, hits=72, map=279)...[0m
[1;93m[!] [1;97mWARNING: [0minstability detected during calibration
[0m
[1;94m[*] [0mFuzzing test case #686 (701 total, 1 uniq crashes found, perf_score=258, exec_us=345, hits=7038, map=283)...[0m
[1;94m[*] [0mFuzzing test case #384 (701 total, 1 uniq crashes found, perf_score=114, exec_us=370, hits=451, map=366)...[0m
[1;94m[*] [0mFuzzing test case #433 (701 total, 1 uniq crashes found, perf_score=229, exec_us=368, hits=3061, map=540)...[0m
[1;94m[*] [0mFuzzing test case #592 (701 total, 1 uniq crashes found, perf_score=229, exec_us=435, hits=263, map=330)...[0m
[1;94m[*] [0mFuzzing test case #455 (701 total, 1 uniq crashes found, perf_score=114, exec_us=358, hits=8673, map=501)...[0m
[1;94m[*] [0mFuzzing test case #686 (701 total, 1 uniq crashes found, perf_score=258, exec_us=345, hits=7081, map=283)...[0m
[1;94m[*] [0mFuzzing test case #147 (701 total, 1 uniq crashes found, perf_score=114, exec_us=401, hits=171, map=523)...[0m
[1;94m[*] [0mFuzzing test case #686 (701 total, 1 uniq crashes found, perf_score=258, exec_us=345, hits=7125, map=283)...[0m
[1;94m[*] [0mFuzzing test case #455 (701 total, 1 uniq crashes found, perf_score=114, exec_us=358, hits=8688, map=501)...[0m
[1;94m[*] [0mFuzzing test case #415 (701 total, 1 uniq crashes found, perf_score=229, exec_us=372, hits=1779, map=531)...[0m
[1;94m[*] [0mFuzzing test case #686 (701 total, 1 uniq crashes found, perf_score=258, exec_us=345, hits=7179, map=283)...[0m
[1;94m[*] [0mFuzzing test case #242 (701 total, 1 uniq crashes found, perf_score=114, exec_us=445, hits=429, map=290)...[0m
[1;94m[*] [0mFuzzing test case #502 (701 total, 1 uniq crashes found, perf_score=229, exec_us=365, hits=839, map=494)...[0m
[1;94m[*] [0mFuzzing test case #557 (701 total, 1 uniq crashes found, perf_score=114, exec_us=371, hits=248, map=319)...[0m
[1;94m[*] [0mFuzzing test case #502 (701 total, 1 uniq crashes found, perf_score=229, exec_us=365, hits=859, map=494)...[0m
[1;94m[*] [0mFuzzing test case #654 (701 total, 1 uniq crashes found, perf_score=345, exec_us=375, hits=226, map=313)...[0m
[1;94m[*] [0mFuzzing test case #618 (701 total, 1 uniq crashes found, perf_score=229, exec_us=362, hits=1424, map=343)...[0m
[1;94m[*] [0mFuzzing test case #644 (701 total, 1 uniq crashes found, perf_score=200, exec_us=468, hits=1, map=499)...[0m
[1;93m[!] [1;97mWARNING: [0minstability detected during calibration
[0m
[1;93m[!] [1;97mWARNING: [0minstability detected during calibration
[0m
[1;94m[*] [0mFuzzing test case #686 (703 total, 1 uniq crashes found, perf_score=258, exec_us=345, hits=7225, map=283)...[0m
[1;94m[*] [0mFuzzing test case #56 (703 total, 1 uniq crashes found, perf_score=114, exec_us=415, hits=386, map=312)...[0m
[1;94m[*] [0mFuzzing test case #652 (703 total, 1 uniq crashes found, perf_score=229, exec_us=398, hits=3183, map=307)...[0m
[1;94m[*] [0mFuzzing test case #276 (703 total, 1 uniq crashes found, perf_score=172, exec_us=344, hits=1148, map=218)...[0m
[1;94m[*] [0mFuzzing test case #455 (703 total, 1 uniq crashes found, perf_score=114, exec_us=358, hits=8698, map=501)...[0m
[1;94m[*] [0mFuzzing test case #686 (703 total, 1 uniq crashes found, perf_score=258, exec_us=345, hits=7282, map=283)...[0m
[1;94m[*] [0mFuzzing test case #384 (703 total, 1 uniq crashes found, perf_score=114, exec_us=370, hits=459, map=366)...[0m
[1;94m[*] [0mFuzzing test case #686 (703 total, 1 uniq crashes found, perf_score=258, exec_us=345, hits=7332, map=283)...[0m
[1;94m[*] [0mFuzzing test case #686 (703 total, 1 uniq crashes found, perf_score=258, exec_us=345, hits=7386, map=283)...[0m
[1;94m[*] [0mFuzzing test case #652 (703 total, 1 uniq crashes found, perf_score=229, exec_us=398, hits=3233, map=307)...[0m
[1;94m[*] [0mFuzzing test case #618 (703 total, 1 uniq crashes found, perf_score=229, exec_us=362, hits=1462, map=343)...[0m
[1;94m[*] [0mFuzzing test case #686 (703 total, 1 uniq crashes found, perf_score=258, exec_us=345, hits=7434, map=283)...[0m
[1;94m[*] [0mFuzzing test case #38 (703 total, 1 uniq crashes found, perf_score=114, exec_us=387, hits=288, map=291)...[0m
[1;94m[*] [0mFuzzing test case #618 (703 total, 1 uniq crashes found, perf_score=229, exec_us=362, hits=1490, map=343)...[0m
[1;94m[*] [0mFuzzing test case #621 (703 total, 1 uniq crashes found, perf_score=200, exec_us=450, hits=17, map=492)...[0m
[1;93m[!] [1;97mWARNING: [0minstability detected during calibration
[0m
[1;94m[*] [0mFuzzing test case #686 (704 total, 1 uniq crashes found, perf_score=258, exec_us=345, hits=7471, map=283)...[0m
[1;94m[*] [0mFuzzing test case #455 (704 total, 1 uniq crashes found, perf_score=114, exec_us=358, hits=8711, map=501)...[0m
[1;94m[*] [0mFuzzing test case #677 (704 total, 1 uniq crashes found, perf_score=229, exec_us=350, hits=1802, map=330)...[0m
[1;94m[*] [0mFuzzing test case #686 (704 total, 1 uniq crashes found, perf_score=258, exec_us=345, hits=7531, map=283)...[0m
[1;94m[*] [0mFuzzing test case #575 (704 total, 1 uniq crashes found, perf_score=229, exec_us=443, hits=62, map=509)...[0m
[1;94m[*] [0mFuzzing test case #686 (704 total, 1 uniq crashes found, perf_score=258, exec_us=345, hits=7567, map=283)...[0m
[1;94m[*] [0mFuzzing test case #583 (704 total, 1 uniq crashes found, perf_score=229, exec_us=412, hits=322, map=512)...[0m
[1;94m[*] [0mFuzzing test case #532 (704 total, 1 uniq crashes found, perf_score=229, exec_us=372, hits=631, map=488)...[0m
[1;94m[*] [0mFuzzing test case #613 (704 total, 1 uniq crashes found, perf_score=114, exec_us=357, hits=241, map=467)...[0m
[1;94m[*] [0mFuzzing test case #686 (704 total, 1 uniq crashes found, perf_score=258, exec_us=345, hits=7608, map=283)...[0m
[1;94m[*] [0mFuzzing test case #455 (704 total, 1 uniq crashes found, perf_score=114, exec_us=358, hits=8728, map=501)...[0m
[1;94m[*] [0mFuzzing test case #104 (704 total, 1 uniq crashes found, perf_score=114, exec_us=370, hits=231, map=488)...[0m
[1;94m[*] [0mFuzzing test case #686 (704 total, 1 uniq crashes found, perf_score=258, exec_us=345, hits=7652, map=283)...[0m
[1;94m[*] [0mFuzzing test case #455 (704 total, 1 uniq crashes found, perf_score=114, exec_us=358, hits=8742, map=501)...[0m
[1;94m[*] [0mFuzzing test case #455 (704 total, 1 uniq crashes found, perf_score=114, exec_us=358, hits=8755, map=501)...[0m
[1;94m[*] [0mFuzzing test case #686 (704 total, 1 uniq crashes found, perf_score=258, exec_us=345, hits=7683, map=283)...[0m
[1;94m[*] [0mFuzzing test case #477 (704 total, 1 uniq crashes found, perf_score=229, exec_us=331, hits=625, map=518)...[0m
[1;94m[*] [0mFuzzing test case #502 (704 total, 1 uniq crashes found, perf_score=229, exec_us=365, hits=875, map=494)...[0m
[1;94m[*] [0mFuzzing test case #330 (704 total, 1 uniq crashes found, perf_score=114, exec_us=390, hits=220, map=311)...[0m
[1;94m[*] [0mFuzzing test case #433 (704 total, 1 uniq crashes found, perf_score=229, exec_us=368, hits=3083, map=540)...[0m
[1;94m[*] [0mFuzzing test case #652 (704 total, 1 uniq crashes found, perf_score=229, exec_us=398, hits=3276, map=307)...[0m
[1;94m[*] [0mFuzzing test case #318 (704 total, 1 uniq crashes found, perf_score=172, exec_us=420, hits=422, map=276)...[0m
[1;94m[*] [0mFuzzing test case #502 (704 total, 1 uniq crashes found, perf_score=229, exec_us=365, hits=889, map=494)...[0m
[1;94m[*] [0mFuzzing test case #686 (704 total, 1 uniq crashes found, perf_score=258, exec_us=345, hits=7729, map=283)...[0m
[1;94m[*] [0mFuzzing test case #691 (704 total, 1 uniq crashes found, perf_score=229, exec_us=382, hits=74, map=338)...[0m
[1;94m[*] [0mFuzzing test case #502 (704 total, 1 uniq crashes found, perf_score=229, exec_us=365, hits=900, map=494)...[0m
[1;94m[*] [0mFuzzing test case #686 (704 total, 1 uniq crashes found, perf_score=258, exec_us=345, hits=7773, map=283)...[0m
[1;94m[*] [0mFuzzing test case #455 (704 total, 1 uniq crashes found, perf_score=114, exec_us=358, hits=8768, map=501)...[0m
[1;94m[*] [0mFuzzing test case #583 (704 total, 1 uniq crashes found, perf_score=229, exec_us=412, hits=362, map=512)...[0m
[1;94m[*] [0mFuzzing test case #686 (704 total, 1 uniq crashes found, perf_score=258, exec_us=345, hits=7813, map=283)...[0m
[1;94m[*] [0mFuzzing test case #455 (704 total, 1 uniq crashes found, perf_score=114, exec_us=358, hits=8778, map=501)...[0m
[1;94m[*] [0mFuzzing test case #600 (704 total, 1 uniq crashes found, perf_score=229, exec_us=357, hits=330, map=292)...[0m
[1;94m[*] [0mFuzzing test case #686 (704 total, 1 uniq crashes found, perf_score=258, exec_us=345, hits=7860, map=283)...[0m
[1;94m[*] [0mFuzzing test case #686 (704 total, 1 uniq crashes found, perf_score=258, exec_us=345, hits=7902, map=283)...[0m
[1;94m[*] [0mFuzzing test case #686 (704 total, 1 uniq crashes found, perf_score=258, exec_us=345, hits=7943, map=283)...[0m
[1;94m[*] [0mFuzzing test case #551 (704 total, 1 uniq crashes found, perf_score=114, exec_us=344, hits=83, map=346)...[0m
[1;94m[*] [0mEntering queue cycle 5.[0m
[1;94m[*] [0mFuzzing test case #686 (704 total, 1 uniq crashes found, perf_score=258, exec_us=345, hits=7991, map=283)...[0m
[1;94m[*] [0mFuzzing test case #686 (704 total, 1 uniq crashes found, perf_score=258, exec_us=345, hits=8028, map=283)...[0m
[1;94m[*] [0mFuzzing test case #677 (704 total, 1 uniq crashes found, perf_score=229, exec_us=350, hits=1846, map=330)...[0m
[1;94m[*] [0mFuzzing test case #569 (704 total, 1 uniq crashes found, perf_score=229, exec_us=359, hits=4222, map=506)...[0m
[1;94m[*] [0mFuzzing test case #686 (704 total, 1 uniq crashes found, perf_score=258, exec_us=345, hits=8063, map=283)...[0m
[1;94m[*] [0mFuzzing test case #662 (704 total, 1 uniq crashes found, perf_score=114, exec_us=379, hits=360, map=294)...[0m
[1;94m[*] [0mFuzzing test case #652 (704 total, 1 uniq crashes found, perf_score=229, exec_us=398, hits=3321, map=307)...[0m
[1;94m[*] [0mFuzzing test case #455 (704 total, 1 uniq crashes found, perf_score=114, exec_us=358, hits=8797, map=501)...[0m
[1;94m[*] [0mFuzzing test case #686 (704 total, 1 uniq crashes found, perf_score=258, exec_us=345, hits=8102, map=283)...[0m
[1;94m[*] [0mFuzzing test case #652 (704 total, 1 uniq crashes found, perf_score=229, exec_us=398, hits=3366, map=307)...[0m
[1;94m[*] [0mFuzzing test case #455 (704 total, 1 uniq crashes found, perf_score=114, exec_us=358, hits=8813, map=501)...[0m
[1;94m[*] [0mFuzzing test case #433 (704 total, 1 uniq crashes found, perf_score=229, exec_us=368, hits=3097, map=540)...[0m
[1;94m[*] [0mFuzzing test case #686 (704 total, 1 uniq crashes found, perf_score=258, exec_us=345, hits=8144, map=283)...[0m
[1;94m[*] [0mFuzzing test case #59 (704 total, 1 uniq crashes found, perf_score=114, exec_us=360, hits=416, map=473)...[0m
[1;94m[*] [0mFuzzing test case #686 (704 total, 1 uniq crashes found, perf_score=258, exec_us=345, hits=8187, map=283)...[0m
[1;94m[*] [0mFuzzing test case #154 (704 total, 1 uniq crashes found, perf_score=114, exec_us=552, hits=186, map=428)...[0m
[1;94m[*] [0mFuzzing test case #455 (704 total, 1 uniq crashes found, perf_score=114, exec_us=358, hits=8830, map=501)...[0m
[1;94m[*] [0mFuzzing test case #455 (704 total, 1 uniq crashes found, perf_score=114, exec_us=358, hits=8841, map=501)...[0m
[1;94m[*] [0mFuzzing test case #134 (704 total, 1 uniq crashes found, perf_score=100, exec_us=422, hits=44, map=475)...[0m
[1;94m[*] [0mFuzzing test case #455 (704 total, 1 uniq crashes found, perf_score=114, exec_us=358, hits=8851, map=501)...[0m
[1;94m[*] [0mFuzzing test case #686 (704 total, 1 uniq crashes found, perf_score=258, exec_us=345, hits=8228, map=283)...[0m
[1;94m[*] [0mFuzzing test case #502 (704 total, 1 uniq crashes found, perf_score=229, exec_us=365, hits=908, map=494)...[0m
[1;94m[*] [0mFuzzing test case #686 (704 total, 1 uniq crashes found, perf_score=258, exec_us=345, hits=8274, map=283)...[0m
[1;94m[*] [0mFuzzing test case #652 (704 total, 1 uniq crashes found, perf_score=229, exec_us=398, hits=3408, map=307)...[0m
[1;94m[*] [0mFuzzing test case #532 (704 total, 1 uniq crashes found, perf_score=229, exec_us=372, hits=654, map=488)...[0m
[1;94m[*] [0mFuzzing test case #502 (704 total, 1 uniq crashes found, perf_score=229, exec_us=365, hits=915, map=494)...[0m
[1;94m[*] [0mFuzzing test case #686 (704 total, 1 uniq crashes found, perf_score=258, exec_us=345, hits=8319, map=283)...[0m
[1;94m[*] [0mFuzzing test case #691 (704 total, 1 uniq crashes found, perf_score=229, exec_us=382, hits=100, map=338)...[0m
[1;94m[*] [0mFuzzing test case #663 (704 total, 1 uniq crashes found, perf_score=229, exec_us=359, hits=250, map=480)...[0m
[1;94m[*] [0mFuzzing test case #652 (704 total, 1 uniq crashes found, perf_score=229, exec_us=398, hits=3446, map=307)...[0m
[1;94m[*] [0mFuzzing test case #147 (704 total, 1 uniq crashes found, perf_score=114, exec_us=401, hits=181, map=523)...[0m
[1;94m[*] [0mFuzzing test case #415 (704 total, 1 uniq crashes found, perf_score=229, exec_us=372, hits=1806, map=531)...[0m
[1;94m[*] [0mFuzzing test case #455 (704 total, 1 uniq crashes found, perf_score=114, exec_us=358, hits=8862, map=501)...[0m
[1;94m[*] [0mFuzzing test case #686 (704 total, 1 uniq crashes found, perf_score=258, exec_us=345, hits=8356, map=283)...[0m
[1;94m[*] [0mFuzzing test case #686 (704 total, 1 uniq crashes found, perf_score=258, exec_us=345, hits=8398, map=283)...[0m
[1;94m[*] [0mFuzzing test case #686 (704 total, 1 uniq crashes found, perf_score=258, exec_us=345, hits=8443, map=283)...[0m
[1;94m[*] [0mFuzzing test case #532 (704 total, 1 uniq crashes found, perf_score=229, exec_us=372, hits=669, map=488)...[0m
[1;94m[*] [0mFuzzing test case #455 (704 total, 1 uniq crashes found, perf_score=114, exec_us=358, hits=8874, map=501)...[0m
[1;94m[*] [0mFuzzing test case #349 (704 total, 1 uniq crashes found, perf_score=86, exec_us=360, hits=265, map=248)...[0m
[1;94m[*] [0mFuzzing test case #305 (704 total, 1 uniq crashes found, perf_score=172, exec_us=393, hits=240, map=267)...[0m
[1;94m[*] [0mFuzzing test case #686 (704 total, 1 uniq crashes found, perf_score=258, exec_us=345, hits=8486, map=283)...[0m
[1;94m[*] [0mFuzzing test case #686 (704 total, 1 uniq crashes found, perf_score=258, exec_us=345, hits=8523, map=283)...[0m
[1;94m[*] [0mFuzzing test case #375 (704 total, 1 uniq crashes found, perf_score=114, exec_us=388, hits=211, map=554)...[0m
[1;94m[*] [0mFuzzing test case #661 (704 total, 1 uniq crashes found, perf_score=229, exec_us=417, hits=63, map=502)...[0m
[1;94m[*] [0mFuzzing test case #455 (704 total, 1 uniq crashes found, perf_score=114, exec_us=358, hits=8884, map=501)...[0m
[1;94m[*] [0mFuzzing test case #686 (704 total, 1 uniq crashes found, perf_score=258, exec_us=345, hits=8563, map=283)...[0m
[1;94m[*] [0mFuzzing test case #686 (704 total, 1 uniq crashes found, perf_score=258, exec_us=345, hits=8613, map=283)...[0m
[1;94m[*] [0mFuzzing test case #455 (704 total, 1 uniq crashes found, perf_score=114, exec_us=358, hits=8896, map=501)...[0m
[1;94m[*] [0mFuzzing test case #455 (704 total, 1 uniq crashes found, perf_score=114, exec_us=358, hits=8915, map=501)...[0m
[1;94m[*] [0mFuzzing test case #433 (704 total, 1 uniq crashes found, perf_score=229, exec_us=368, hits=3119, map=540)...[0m
[1;94m[*] [0mFuzzing test case #455 (704 total, 1 uniq crashes found, perf_score=114, exec_us=358, hits=8931, map=501)...[0m
[1;94m[*] [0mFuzzing test case #455 (704 total, 1 uniq crashes found, perf_score=114, exec_us=358, hits=8946, map=501)...[0m
[1;94m[*] [0mFuzzing test case #555 (704 total, 1 uniq crashes found, perf_score=229, exec_us=380, hits=1009, map=345)...[0m
[1;94m[*] [0mFuzzing test case #686 (704 total, 1 uniq crashes found, perf_score=258, exec_us=345, hits=8665, map=283)...[0m
[1;94m[*] [0mFuzzing test case #686 (704 total, 1 uniq crashes found, perf_score=258, exec_us=345, hits=8713, map=283)...[0m
[1;94m[*] [0mFuzzing test case #686 (704 total, 1 uniq crashes found, perf_score=258, exec_us=345, hits=8756, map=283)...[0m
[1;94m[*] [0mFuzzing test case #546 (704 total, 1 uniq crashes found, perf_score=229, exec_us=380, hits=734, map=511)...[0m
[1;94m[*] [0mFuzzing test case #455 (704 total, 1 uniq crashes found, perf_score=114, exec_us=358, hits=8960, map=501)...[0m
[1;94m[*] [0mFuzzing test case #455 (704 total, 1 uniq crashes found, perf_score=114, exec_us=358, hits=8973, map=501)...[0m
[1;94m[*] [0mFuzzing test case #384 (704 total, 1 uniq crashes found, perf_score=114, exec_us=370, hits=473, map=366)...[0m
[1;94m[*] [0mFuzzing test case #455 (704 total, 1 uniq crashes found, perf_score=114, exec_us=358, hits=8983, map=501)...[0m
[1;94m[*] [0mFuzzing test case #686 (704 total, 1 uniq crashes found, perf_score=258, exec_us=345, hits=8801, map=283)...[0m
[1;94m[*] [0mFuzzing test case #631 (704 total, 1 uniq crashes found, perf_score=28, exec_us=341, hits=91371, map=2)...[0m
[1;94m[*] [0mFuzzing test case #379 (704 total, 1 uniq crashes found, perf_score=114, exec_us=386, hits=193, map=335)...[0m
[1;94m[*] [0mFuzzing test case #455 (704 total, 1 uniq crashes found, perf_score=114, exec_us=358, hits=8996, map=501)...[0m
[1;94m[*] [0mFuzzing test case #686 (704 total, 1 uniq crashes found, perf_score=258, exec_us=345, hits=8835, map=283)...[0m
[1;94m[*] [0mFuzzing test case #677 (704 total, 1 uniq crashes found, perf_score=229, exec_us=350, hits=1880, map=330)...[0m
[1;94m[*] [0mFuzzing test case #433 (704 total, 1 uniq crashes found, perf_score=229, exec_us=368, hits=3141, map=540)...[0m
[1;94m[*] [0mFuzzing test case #677 (704 total, 1 uniq crashes found, perf_score=229, exec_us=350, hits=1916, map=330)...[0m
[1;94m[*] [0mFuzzing test case #433 (704 total, 1 uniq crashes found, perf_score=229, exec_us=368, hits=3161, map=540)...[0m
[1;94m[*] [0mFuzzing test case #686 (704 total, 1 uniq crashes found, perf_score=258, exec_us=345, hits=8885, map=283)...[0m
[1;94m[*] [0mFuzzing test case #686 (704 total, 1 uniq crashes found, perf_score=258, exec_us=345, hits=8927, map=283)...[0m
[1;94m[*] [0mFuzzing test case #686 (704 total, 1 uniq crashes found, perf_score=258, exec_us=345, hits=8975, map=283)...[0m
[1;94m[*] [0mFuzzing test case #502 (704 total, 1 uniq crashes found, perf_score=229, exec_us=365, hits=924, map=494)...[0m
[1;94m[*] [0mFuzzing test case #697 (704 total, 1 uniq crashes found, perf_score=114, exec_us=461, hits=49, map=328)...[0m
[1;94m[*] [0mFuzzing test case #455 (704 total, 1 uniq crashes found, perf_score=114, exec_us=358, hits=9008, map=501)...[0m
[1;94m[*] [0mFuzzing test case #600 (704 total, 1 uniq crashes found, perf_score=229, exec_us=357, hits=437, map=292)...[0m
[1;94m[*] [0mFuzzing test case #677 (704 total, 1 uniq crashes found, perf_score=229, exec_us=350, hits=1956, map=330)...[0m
[1;94m[*] [0mFuzzing test case #686 (704 total, 1 uniq crashes found, perf_score=258, exec_us=345, hits=9031, map=283)...[0m
[1;94m[*] [0mFuzzing test case #433 (704 total, 1 uniq crashes found, perf_score=229, exec_us=368, hits=3180, map=540)...[0m
[1;94m[*] [0mFuzzing test case #415 (704 total, 1 uniq crashes found, perf_score=229, exec_us=372, hits=1826, map=531)...[0m
[1;94m[*] [0mFuzzing test case #41 (704 total, 1 uniq crashes found, perf_score=114, exec_us=369, hits=251, map=478)...[0m
[1;94m[*] [0mFuzzing test case #686 (704 total, 1 uniq crashes found, perf_score=258, exec_us=345, hits=9065, map=283)...[0m
[1;94m[*] [0mFuzzing test case #642 (704 total, 1 uniq crashes found, perf_score=229, exec_us=438, hits=234, map=519)...[0m
[1;94m[*] [0mFuzzing test case #384 (704 total, 1 uniq crashes found, perf_score=114, exec_us=370, hits=479, map=366)...[0m
[1;94m[*] [0mFuzzing test case #686 (704 total, 1 uniq crashes found, perf_score=258, exec_us=345, hits=9105, map=283)...[0m
[1;94m[*] [0mFuzzing test case #555 (704 total, 1 uniq crashes found, perf_score=229, exec_us=380, hits=1041, map=345)...[0m
[1;94m[*] [0mFuzzing test case #455 (704 total, 1 uniq crashes found, perf_score=114, exec_us=358, hits=9018, map=501)...[0m
[1;94m[*] [0mFuzzing test case #686 (704 total, 1 uniq crashes found, perf_score=258, exec_us=345, hits=9139, map=283)...[0m
[1;94m[*] [0mFuzzing test case #120 (704 total, 1 uniq crashes found, perf_score=86, exec_us=379, hits=884, map=240)...[0m
[1;94m[*] [0mFuzzing test case #455 (704 total, 1 uniq crashes found, perf_score=114, exec_us=358, hits=9030, map=501)...[0m
[1;94m[*] [0mFuzzing test case #455 (704 total, 1 uniq crashes found, perf_score=114, exec_us=358, hits=9047, map=501)...[0m
[1;94m[*] [0mFuzzing test case #686 (704 total, 1 uniq crashes found, perf_score=258, exec_us=345, hits=9185, map=283)...[0m
[1;94m[*] [0mFuzzing test case #686 (704 total, 1 uniq crashes found, perf_score=258, exec_us=345, hits=9220, map=283)...[0m
[1;94m[*] [0mFuzzing test case #686 (704 total, 1 uniq crashes found, perf_score=258, exec_us=345, hits=9260, map=283)...[0m
[1;94m[*] [0mFuzzing test case #261 (704 total, 1 uniq crashes found, perf_score=114, exec_us=356, hits=408, map=471)...[0m
[1;94m[*] [0mFuzzing test case #686 (704 total, 1 uniq crashes found, perf_score=258, exec_us=345, hits=9301, map=283)...[0m
[1;94m[*] [0mFuzzing test case #1 (704 total, 1 uniq crashes found, perf_score=459, exec_us=371, hits=0, map=496)...[0m
[1;94m[*] [0mFuzzing test case #348 (704 total, 1 uniq crashes found, perf_score=114, exec_us=355, hits=230, map=322)...[0m
[1;94m[*] [0mFuzzing test case #455 (704 total, 1 uniq crashes found, perf_score=114, exec_us=358, hits=9058, map=501)...[0m
[1;94m[*] [0mFuzzing test case #686 (704 total, 1 uniq crashes found, perf_score=258, exec_us=345, hits=9349, map=283)...[0m
[1;94m[*] [0mFuzzing test case #455 (704 total, 1 uniq crashes found, perf_score=114, exec_us=358, hits=9070, map=501)...[0m
[1;94m[*] [0mFuzzing test case #686 (704 total, 1 uniq crashes found, perf_score=258, exec_us=345, hits=9382, map=283)...[0m
[1;94m[*] [0mFuzzing test case #455 (704 total, 1 uniq crashes found, perf_score=114, exec_us=358, hits=9086, map=501)...[0m
[1;94m[*] [0mFuzzing test case #455 (704 total, 1 uniq crashes found, perf_score=114, exec_us=358, hits=9096, map=501)...[0m
[1;94m[*] [0mFuzzing test case #455 (704 total, 1 uniq crashes found, perf_score=114, exec_us=358, hits=9108, map=501)...[0m
[1;94m[*] [0mFuzzing test case #455 (704 total, 1 uniq crashes found, perf_score=114, exec_us=358, hits=9120, map=501)...[0m
[1;94m[*] [0mFuzzing test case #583 (704 total, 1 uniq crashes found, perf_score=229, exec_us=412, hits=405, map=512)...[0m
[1;94m[*] [0mFuzzing test case #455 (704 total, 1 uniq crashes found, perf_score=114, exec_us=358, hits=9127, map=501)...[0m
[1;94m[*] [0mFuzzing test case #213 (704 total, 1 uniq crashes found, perf_score=86, exec_us=411, hits=199, map=214)...[0m
[1;94m[*] [0mFuzzing test case #652 (704 total, 1 uniq crashes found, perf_score=229, exec_us=398, hits=3481, map=307)...[0m
[1;94m[*] [0mFuzzing test case #455 (704 total, 1 uniq crashes found, perf_score=114, exec_us=358, hits=9135, map=501)...[0m
[1;94m[*] [0mFuzzing test case #292 (704 total, 1 uniq crashes found, perf_score=114, exec_us=384, hits=821, map=287)...[0m
[?25h[1;91m

+++ Testing aborted by user +++
[0m[1;92m[+] [0mWe're done here. Have a nice day!
[0m
Campaign terminated at 2026-06-16 02:09
