[2026-06-16 02:09] Container for aflplusplus/libpng/libpng_read_fuzzer started in 1e7f474f65fd
Skipping startup seed prune for /magma_shared/input_corpus
Campaign launched at 2026-06-16 02:09
000000000046f780 W main
[1;92m[+] [0mLoaded environment variable AFL_NO_UI with value 1[0m
[1;92m[+] [0mLoaded environment variable AFL_SKIP_CPUFREQ with value 1[0m
[1;92m[+] [0mLoaded environment variable AFL_NO_AFFINITY with value 1[0m
[1;92m[+] [0mLoaded environment variable AFL_I_DONT_CARE_ABOUT_MISSING_CRASHES with value 1[0m
[1;93m[!] [1;97mWARNING: [0mMistyped AFL environment variable: AFL_DRIVER_DONT_DEFER=1[0m
[0;36mafl-fuzz++3.14a[0m based on afl by Michal Zalewski and a large online community
[1;92m[+] [0mafl++ is maintained by Marc "van Hauser" Heuse, Heiko "hexcoder" Eißfeldt, Andrea Fioraldi and Dominik Maier[0m
[1;92m[+] [0mafl++ is open source, get it at https://github.com/AFLplusplus/AFLplusplus[0m
[1;92m[+] [0mNOTE: This is v3.x which changes defaults and behaviours - see README.md[0m
[1;92m[+] [0mNo -M/-S set, autoconfiguring for "-S default"[0m
[1;94m[*] [0mGetting to work...[0m
[1;92m[+] [0mUsing exponential power schedule (FAST)[0m
[1;92m[+] [0mCmpLog level: 2[0m
[1;92m[+] [0mEnabled testcache with 50 MB[0m
[1;92m[+] [0mDisabling the UI because AFL_NO_UI is set.[0m
[1;94m[*] [0mChecking core_pattern...[0m

[1;91m[-] [0mHmm, your system is configured to send core dump notifications to an
    external utility. This will cause issues: there will be an extended delay
    between stumbling upon a crash and having this information relayed to the
    fuzzer via the standard waitpid() API.
    If you're just testing, set 'AFL_I_DONT_CARE_ABOUT_MISSING_CRASHES=1'.

    To avoid having crashes misinterpreted as timeouts, please log in as root
    and temporarily modify /proc/sys/kernel/core_pattern, like so:

    echo core >/proc/sys/kernel/core_pattern
[1;92m[+] [0mYou have 8 CPU cores and 1 runnable tasks (utilization: 12%).[0m
[1;92m[+] [0mTry parallel jobs - see docs/parallel_fuzzing.md.[0m
[1;94m[*] [0mSetting up output directories...[0m
[1;93m[!] [1;97mWARNING: [0mNot binding to a CPU core (AFL_NO_AFFINITY set).[0m
[1;94m[*] [0mScanning '/magma_shared/input_corpus'...[0m
[1;92m[+] [0mLoaded a total of 4 seeds.[0m
[1;94m[*] [0mCreating hard links for all input files...[0m
[1;94m[*] [0mValidating target binary...[0m
[1;92m[+] [0m[1;95mDeferred forkserver binary detected.[0m
[1;94m[*] [0mValidating target binary...[0m
[1;92m[+] [0m[1;95mDeferred forkserver binary detected.[0m
[1;94m[*] [0mSpinning up the fork server...[0m
[1;92m[+] [0mAll right - fork server is up.[0m
[1;94m[*] [0mTarget map size: 4514[0m
[1;94m[*] [0mSpawning cmplog forkserver[0m
[1;94m[*] [0mSpinning up the fork server...[0m
[1;92m[+] [0mAll right - fork server is up.[0m
[1;94m[*] [0mTarget map size: 4845[0m
[1;92m[+] [0mCmplog forkserver successfully started[0m
[1;94m[*] [0mNo auto-generated dictionary tokens to reuse.[0m
[1;94m[*] [0mAttempting dry run with 'id:000000,time:0,orig:id:000003,sha256:efaf0ebe0ef4a2ee'...[0m
[1;93m[!] [1;97mWARNING: [0minstability detected during calibration
[0m
[1;90m    len = 427, map size = 545, exec speed = 559 us
[0m[1;93m[!] [1;97mWARNING: [0mInstrumentation output varies across runs.[0m
[1;94m[*] [0mAttempting dry run with 'id:000001,time:0,orig:id:000002,sha256:44a793713f9aadc5'...[0m
[1;90m    len = 228, map size = 496, exec speed = 474 us
[0m[1;94m[*] [0mAttempting dry run with 'id:000002,time:0,orig:id:000001,sha256:382ac44ca2ee7323'...[0m
[1;90m    len = 376, map size = 511, exec speed = 494 us
[0m[1;94m[*] [0mAttempting dry run with 'id:000003,time:0,orig:id:000000,sha256:d4001d350292b08a'...[0m
[1;90m    len = 218, map size = 479, exec speed = 515 us
[0m[1;92m[+] [0mAll test cases processed.[0m
[1;92m[+] [0mHere are some useful stats:

[1;90m    Test case count : [0m4 favored, 1 variable, 0 ignored, 4 total
[1;90m       Bitmap range : [0m479 to 545 bits (average: 507.75 bits)
[1;90m        Exec timing : [0m474 to 559 us (average: 523 us)
[0m
[1;94m[*] [0mNo -t option specified, so I'll use exec timeout of 20 ms.[0m
[1;92m[+] [0mAll set and ready to roll![0m
[1;94m[*] [0mEntering queue cycle 1.[0m
[1;94m[*] [0mFuzzing test case #1 (4 total, 0 uniq crashes found, perf_score=100, exec_us=474, hits=0, map=496)...[0m
[1;94m[*] [0mFuzzing test case #148 (189 total, 0 uniq crashes found, perf_score=100, exec_us=331, hits=1, map=298)...[0m
[1;94m[*] [0mFuzzing test case #173 (189 total, 0 uniq crashes found, perf_score=150, exec_us=329, hits=1, map=515)...[0m
[1;94m[*] [0mFuzzing test case #173 (221 total, 0 uniq crashes found, perf_score=172, exec_us=329, hits=658, map=515)...[0m
[1;94m[*] [0mFuzzing test case #131 (221 total, 0 uniq crashes found, perf_score=100, exec_us=437, hits=1, map=432)...[0m
[1;94m[*] [0mFuzzing test case #182 (221 total, 0 uniq crashes found, perf_score=100, exec_us=404, hits=1, map=258)...[0m
[1;94m[*] [0mFuzzing test case #215 (222 total, 0 uniq crashes found, perf_score=100, exec_us=369, hits=1, map=265)...[0m
[1;94m[*] [0mFuzzing test case #221 (223 total, 0 uniq crashes found, perf_score=75, exec_us=422, hits=1, map=242)...[0m
[1;94m[*] [0mFuzzing test case #227 (231 total, 0 uniq crashes found, perf_score=150, exec_us=406, hits=1, map=226)...[0m
[1;94m[*] [0mFuzzing test case #164 (232 total, 0 uniq crashes found, perf_score=150, exec_us=441, hits=1, map=494)...[0m
[1;94m[*] [0mFuzzing test case #39 (280 total, 0 uniq crashes found, perf_score=75, exec_us=458, hits=411, map=213)...[0m
[1;94m[*] [0mFuzzing test case #109 (280 total, 0 uniq crashes found, perf_score=100, exec_us=560, hits=12, map=439)...[0m
[1;94m[*] [0mFuzzing test case #240 (280 total, 0 uniq crashes found, perf_score=100, exec_us=334, hits=1, map=494)...[0m
[1;94m[*] [0mFuzzing test case #50 (284 total, 0 uniq crashes found, perf_score=100, exec_us=380, hits=76, map=271)...[0m
[1;94m[*] [0mFuzzing test case #171 (284 total, 0 uniq crashes found, perf_score=100, exec_us=374, hits=2, map=439)...[0m
[1;94m[*] [0mFuzzing test case #192 (284 total, 0 uniq crashes found, perf_score=150, exec_us=473, hits=2, map=534)...[0m
[1;94m[*] [0mFuzzing test case #172 (336 total, 0 uniq crashes found, perf_score=75, exec_us=354, hits=1, map=221)...[0m
[1;94m[*] [0mFuzzing test case #17 (336 total, 0 uniq crashes found, perf_score=75, exec_us=670, hits=18, map=511)...[0m
[1;94m[*] [0mFuzzing test case #337 (354 total, 0 uniq crashes found, perf_score=100, exec_us=538, hits=1, map=503)...[0m
[1;94m[*] [0mFuzzing test case #212 (354 total, 0 uniq crashes found, perf_score=100, exec_us=497, hits=1, map=520)...[0m
[1;94m[*] [0mFuzzing test case #229 (360 total, 0 uniq crashes found, perf_score=150, exec_us=444, hits=1, map=227)...[0m
[1;94m[*] [0mFuzzing test case #352 (360 total, 0 uniq crashes found, perf_score=100, exec_us=514, hits=1, map=505)...[0m
[1;94m[*] [0mFuzzing test case #313 (361 total, 0 uniq crashes found, perf_score=200, exec_us=340, hits=1, map=275)...[0m
[1;94m[*] [0mFuzzing test case #345 (362 total, 0 uniq crashes found, perf_score=100, exec_us=433, hits=1, map=509)...[0m
[1;94m[*] [0mFuzzing test case #103 (362 total, 0 uniq crashes found, perf_score=75, exec_us=395, hits=1, map=274)...[0m
[1;94m[*] [0mFuzzing test case #168 (362 total, 0 uniq crashes found, perf_score=100, exec_us=444, hits=1, map=334)...[0m
[1;94m[*] [0mFuzzing test case #358 (397 total, 0 uniq crashes found, perf_score=200, exec_us=345, hits=1, map=508)...[0m
[1;94m[*] [0mFuzzing test case #334 (400 total, 0 uniq crashes found, perf_score=200, exec_us=340, hits=1, map=535)...[0m
[1;94m[*] [0mFuzzing test case #173 (420 total, 0 uniq crashes found, perf_score=114, exec_us=329, hits=668, map=515)...[0m
[1;94m[*] [0mFuzzing test case #348 (420 total, 0 uniq crashes found, perf_score=100, exec_us=510, hits=1, map=503)...[0m
[1;94m[*] [0mFuzzing test case #56 (420 total, 0 uniq crashes found, perf_score=75, exec_us=470, hits=175, map=231)...[0m
[1;94m[*] [0mFuzzing test case #108 (420 total, 0 uniq crashes found, perf_score=75, exec_us=430, hits=2, map=264)...[0m
[1;94m[*] [0mFuzzing test case #185 (420 total, 0 uniq crashes found, perf_score=75, exec_us=374, hits=1, map=219)...[0m
[1;94m[*] [0mFuzzing test case #184 (420 total, 0 uniq crashes found, perf_score=100, exec_us=348, hits=1, map=299)...[0m
[1;94m[*] [0mFuzzing test case #287 (421 total, 0 uniq crashes found, perf_score=200, exec_us=345, hits=1, map=528)...[0m
[1;94m[*] [0mFuzzing test case #235 (421 total, 0 uniq crashes found, perf_score=100, exec_us=366, hits=31, map=495)...[0m
[1;94m[*] [0mFuzzing test case #154 (421 total, 0 uniq crashes found, perf_score=100, exec_us=359, hits=3, map=274)...[0m
[1;94m[*] [0mFuzzing test case #296 (422 total, 0 uniq crashes found, perf_score=200, exec_us=402, hits=1, map=531)...[0m
[1;94m[*] [0mFuzzing test case #346 (440 total, 0 uniq crashes found, perf_score=100, exec_us=461, hits=1, map=502)...[0m
[1;94m[*] [0mFuzzing test case #32 (440 total, 0 uniq crashes found, perf_score=100, exec_us=477, hits=118, map=425)...[0m
[1;94m[*] [0mFuzzing test case #174 (440 total, 0 uniq crashes found, perf_score=100, exec_us=328, hits=1, map=281)...[0m
[1;94m[*] [0mFuzzing test case #0 (443 total, 0 uniq crashes found, perf_score=100, exec_us=559, hits=0, map=545)...[0m
[1;94m[*] [0mFuzzing test case #252 (513 total, 0 uniq crashes found, perf_score=75, exec_us=380, hits=1, map=273)...[0m
[1;94m[*] [0mFuzzing test case #197 (513 total, 0 uniq crashes found, perf_score=100, exec_us=596, hits=1, map=520)...[0m
[1;94m[*] [0mFuzzing test case #482 (514 total, 0 uniq crashes found, perf_score=100, exec_us=372, hits=1, map=336)...[0m
[1;94m[*] [0mFuzzing test case #162 (515 total, 0 uniq crashes found, perf_score=100, exec_us=431, hits=1, map=307)...[0m
[1;94m[*] [0mFuzzing test case #474 (515 total, 0 uniq crashes found, perf_score=75, exec_us=336, hits=1, map=268)...[0m
[1;94m[*] [0mFuzzing test case #210 (515 total, 0 uniq crashes found, perf_score=75, exec_us=375, hits=1, map=218)...[0m
[1;94m[*] [0mFuzzing test case #444 (515 total, 0 uniq crashes found, perf_score=100, exec_us=385, hits=7, map=547)...[0m
[1;94m[*] [0mFuzzing test case #336 (515 total, 0 uniq crashes found, perf_score=100, exec_us=602, hits=1, map=503)...[0m
[1;94m[*] [0mFuzzing test case #341 (515 total, 0 uniq crashes found, perf_score=100, exec_us=400, hits=1, map=509)...[0m
[1;94m[*] [0mFuzzing test case #4 (516 total, 0 uniq crashes found, perf_score=25, exec_us=360, hits=5297, map=73)...[0m
[1;94m[*] [0mFuzzing test case #512 (516 total, 0 uniq crashes found, perf_score=100, exec_us=441, hits=8, map=312)...[0m
[1;94m[*] [0mFuzzing test case #373 (516 total, 0 uniq crashes found, perf_score=100, exec_us=390, hits=1, map=330)...[0m
[1;94m[*] [0mFuzzing test case #369 (517 total, 0 uniq crashes found, perf_score=100, exec_us=396, hits=4, map=328)...[0m
[1;94m[*] [0mFuzzing test case #370 (518 total, 0 uniq crashes found, perf_score=100, exec_us=439, hits=13, map=335)...[0m
[1;94m[*] [0mFuzzing test case #183 (518 total, 0 uniq crashes found, perf_score=100, exec_us=410, hits=4, map=323)...[0m
[1;94m[*] [0mFuzzing test case #241 (519 total, 0 uniq crashes found, perf_score=100, exec_us=380, hits=1, map=504)...[0m
[1;94m[*] [0mFuzzing test case #485 (521 total, 0 uniq crashes found, perf_score=100, exec_us=608, hits=1, map=303)...[0m
[1;94m[*] [0mFuzzing test case #516 (521 total, 0 uniq crashes found, perf_score=200, exec_us=358, hits=1, map=337)...[0m
[1;94m[*] [0mFuzzing test case #147 (523 total, 0 uniq crashes found, perf_score=75, exec_us=389, hits=1, map=213)...[0m
[1;94m[*] [0mFuzzing test case #297 (523 total, 0 uniq crashes found, perf_score=200, exec_us=451, hits=1, map=545)...[0m
[1;94m[*] [0mFuzzing test case #327 (523 total, 0 uniq crashes found, perf_score=200, exec_us=396, hits=1, map=439)...[0m
[1;94m[*] [0mFuzzing test case #419 (524 total, 0 uniq crashes found, perf_score=150, exec_us=464, hits=1, map=258)...[0m
[1;94m[*] [0mFuzzing test case #268 (528 total, 0 uniq crashes found, perf_score=75, exec_us=381, hits=1, map=272)...[0m
[1;94m[*] [0mFuzzing test case #533 (536 total, 0 uniq crashes found, perf_score=200, exec_us=326, hits=1, map=308)...[0m
[1;94m[*] [0mFuzzing test case #122 (551 total, 0 uniq crashes found, perf_score=75, exec_us=461, hits=1, map=218)...[0m
[1;94m[*] [0mFuzzing test case #498 (551 total, 0 uniq crashes found, perf_score=100, exec_us=356, hits=1, map=328)...[0m
[1;94m[*] [0mFuzzing test case #338 (551 total, 0 uniq crashes found, perf_score=100, exec_us=439, hits=1, map=503)...[0m
[1;94m[*] [0mFuzzing test case #49 (551 total, 0 uniq crashes found, perf_score=75, exec_us=385, hits=249, map=263)...[0m
[1;94m[*] [0mFuzzing test case #491 (551 total, 0 uniq crashes found, perf_score=100, exec_us=378, hits=1, map=342)...[0m
[1;94m[*] [0mFuzzing test case #467 (551 total, 0 uniq crashes found, perf_score=100, exec_us=368, hits=4, map=545)...[0m
[1;94m[*] [0mFuzzing test case #523 (551 total, 0 uniq crashes found, perf_score=150, exec_us=407, hits=1, map=272)...[0m
[1;94m[*] [0mFuzzing test case #344 (554 total, 0 uniq crashes found, perf_score=100, exec_us=383, hits=1, map=503)...[0m
[1;94m[*] [0mFuzzing test case #469 (554 total, 0 uniq crashes found, perf_score=100, exec_us=404, hits=3, map=500)...[0m
[1;94m[*] [0mFuzzing test case #37 (554 total, 0 uniq crashes found, perf_score=100, exec_us=349, hits=11, map=503)...[0m
[1;94m[*] [0mFuzzing test case #224 (554 total, 0 uniq crashes found, perf_score=150, exec_us=594, hits=1, map=227)...[0m
[1;94m[*] [0mFuzzing test case #115 (554 total, 0 uniq crashes found, perf_score=100, exec_us=364, hits=2, map=322)...[0m
[1;94m[*] [0mFuzzing test case #214 (554 total, 0 uniq crashes found, perf_score=100, exec_us=384, hits=1, map=525)...[0m
[1;94m[*] [0mFuzzing test case #298 (554 total, 0 uniq crashes found, perf_score=200, exec_us=420, hits=1, map=420)...[0m
[1;94m[*] [0mFuzzing test case #372 (556 total, 0 uniq crashes found, perf_score=100, exec_us=369, hits=30, map=327)...[0m
[1;94m[*] [0mFuzzing test case #551 (556 total, 0 uniq crashes found, perf_score=150, exec_us=745, hits=1, map=274)...[0m
[1;94m[*] [0mFuzzing test case #218 (557 total, 0 uniq crashes found, perf_score=100, exec_us=475, hits=1, map=500)...[0m
[1;94m[*] [0mFuzzing test case #2 (562 total, 0 uniq crashes found, perf_score=100, exec_us=494, hits=0, map=511)...[0m
[1;94m[*] [0mFuzzing test case #396 (604 total, 0 uniq crashes found, perf_score=75, exec_us=409, hits=1, map=249)...[0m
[1;94m[*] [0mFuzzing test case #132 (604 total, 0 uniq crashes found, perf_score=75, exec_us=335, hits=1, map=218)...[0m
[1;94m[*] [0mFuzzing test case #227 (604 total, 0 uniq crashes found, perf_score=172, exec_us=406, hits=292, map=226)...[0m
[1;94m[*] [0mFuzzing test case #508 (604 total, 0 uniq crashes found, perf_score=100, exec_us=367, hits=1, map=327)...[0m
[1;94m[*] [0mFuzzing test case #598 (605 total, 0 uniq crashes found, perf_score=100, exec_us=380, hits=1, map=413)...[0m
[1;94m[*] [0mFuzzing test case #340 (605 total, 0 uniq crashes found, perf_score=100, exec_us=378, hits=3, map=500)...[0m
[1;94m[*] [0mFuzzing test case #458 (606 total, 0 uniq crashes found, perf_score=100, exec_us=381, hits=15, map=530)...[0m
[1;94m[*] [0mFuzzing test case #150 (606 total, 0 uniq crashes found, perf_score=75, exec_us=457, hits=1, map=218)...[0m
[1;94m[*] [0mFuzzing test case #278 (606 total, 0 uniq crashes found, perf_score=100, exec_us=446, hits=1, map=486)...[0m
[1;94m[*] [0mFuzzing test case #349 (609 total, 0 uniq crashes found, perf_score=100, exec_us=464, hits=1, map=503)...[0m
[1;94m[*] [0mFuzzing test case #520 (609 total, 0 uniq crashes found, perf_score=200, exec_us=463, hits=1, map=491)...[0m
[1;94m[*] [0mFuzzing test case #531 (614 total, 0 uniq crashes found, perf_score=200, exec_us=418, hits=3, map=290)...[0m
[1;94m[*] [0mFuzzing test case #636 (639 total, 0 uniq crashes found, perf_score=200, exec_us=329, hits=1, map=287)...[0m
[1;94m[*] [0mFuzzing test case #468 (640 total, 0 uniq crashes found, perf_score=100, exec_us=409, hits=2, map=539)...[0m
[1;94m[*] [0mFuzzing test case #181 (640 total, 0 uniq crashes found, perf_score=75, exec_us=415, hits=1, map=270)...[0m
[1;94m[*] [0mFuzzing test case #580 (641 total, 0 uniq crashes found, perf_score=100, exec_us=436, hits=4, map=512)...[0m
[1;94m[*] [0mFuzzing test case #532 (641 total, 0 uniq crashes found, perf_score=200, exec_us=331, hits=1, map=273)...[0m
[1;94m[*] [0mFuzzing test case #611 (642 total, 0 uniq crashes found, perf_score=200, exec_us=339, hits=1, map=498)...[0m
[1;94m[*] [0mFuzzing test case #141 (646 total, 0 uniq crashes found, perf_score=100, exec_us=575, hits=1, map=504)...[0m
[1;94m[*] [0mFuzzing test case #371 (646 total, 0 uniq crashes found, perf_score=100, exec_us=388, hits=1, map=329)...[0m
[1;94m[*] [0mFuzzing test case #635 (647 total, 0 uniq crashes found, perf_score=200, exec_us=339, hits=1, map=318)...[0m
[1;94m[*] [0mFuzzing test case #642 (647 total, 0 uniq crashes found, perf_score=200, exec_us=387, hits=2, map=488)...[0m
[1;94m[*] [0mFuzzing test case #256 (648 total, 0 uniq crashes found, perf_score=100, exec_us=425, hits=1, map=496)...[0m
[1;94m[*] [0mFuzzing test case #563 (649 total, 0 uniq crashes found, perf_score=100, exec_us=347, hits=13, map=289)...[0m
[1;94m[*] [0mFuzzing test case #112 (649 total, 0 uniq crashes found, perf_score=75, exec_us=361, hits=1, map=234)...[0m
[1;94m[*] [0mFuzzing test case #476 (649 total, 0 uniq crashes found, perf_score=100, exec_us=350, hits=1, map=333)...[0m
[1;94m[*] [0mFuzzing test case #591 (649 total, 0 uniq crashes found, perf_score=100, exec_us=349, hits=1, map=312)...[0m
[1;94m[*] [0mFuzzing test case #75 (649 total, 0 uniq crashes found, perf_score=75, exec_us=433, hits=1, map=233)...[0m
[1;94m[*] [0mFuzzing test case #275 (649 total, 0 uniq crashes found, perf_score=75, exec_us=556, hits=1, map=268)...[0m
[1;94m[*] [0mFuzzing test case #180 (649 total, 0 uniq crashes found, perf_score=56, exec_us=724, hits=1, map=234)...[0m
[1;94m[*] [0mFuzzing test case #635 (649 total, 0 uniq crashes found, perf_score=229, exec_us=339, hits=502, map=318)...[0m
[1;94m[*] [0mFuzzing test case #646 (649 total, 0 uniq crashes found, perf_score=200, exec_us=456, hits=1, map=343)...[0m
[1;94m[*] [0mFuzzing test case #454 (649 total, 0 uniq crashes found, perf_score=100, exec_us=438, hits=45, map=534)...[0m
[1;94m[*] [0mFuzzing test case #632 (649 total, 0 uniq crashes found, perf_score=200, exec_us=504, hits=49, map=283)...[0m
[1;94m[*] [0mFuzzing test case #322 (649 total, 0 uniq crashes found, perf_score=200, exec_us=353, hits=2, map=545)...[0m
[1;94m[*] [0mFuzzing test case #590 (650 total, 0 uniq crashes found, perf_score=100, exec_us=386, hits=1, map=283)...[0m
[1;94m[*] [0mFuzzing test case #211 (653 total, 0 uniq crashes found, perf_score=100, exec_us=482, hits=1, map=477)...[0m
[1;94m[*] [0mFuzzing test case #359 (655 total, 0 uniq crashes found, perf_score=200, exec_us=353, hits=1, map=294)...[0m
[1;94m[*] [0mFuzzing test case #617 (656 total, 0 uniq crashes found, perf_score=200, exec_us=500, hits=27, map=284)...[0m
[1;94m[*] [0mFuzzing test case #533 (656 total, 0 uniq crashes found, perf_score=229, exec_us=326, hits=3841, map=308)...[0m
[1;94m[*] [0mFuzzing test case #339 (656 total, 0 uniq crashes found, perf_score=100, exec_us=528, hits=1, map=506)...[0m
[1;94m[*] [0mFuzzing test case #593 (657 total, 0 uniq crashes found, perf_score=100, exec_us=422, hits=1, map=304)...[0m
[1;94m[*] [0mFuzzing test case #587 (659 total, 0 uniq crashes found, perf_score=100, exec_us=395, hits=1, map=486)...[0m
[1;94m[*] [0mFuzzing test case #530 (660 total, 0 uniq crashes found, perf_score=200, exec_us=359, hits=1, map=274)...[0m
[1;94m[*] [0mFuzzing test case #602 (661 total, 0 uniq crashes found, perf_score=100, exec_us=522, hits=1, map=301)...[0m
[1;94m[*] [0mFuzzing test case #206 (662 total, 0 uniq crashes found, perf_score=75, exec_us=444, hits=1, map=267)...[0m
[1;94m[*] [0mFuzzing test case #115 (662 total, 0 uniq crashes found, perf_score=229, exec_us=364, hits=20, map=322)...[0m
[1;94m[*] [0mFuzzing test case #479 (662 total, 0 uniq crashes found, perf_score=100, exec_us=386, hits=1, map=321)...[0m
[1;94m[*] [0mFuzzing test case #342 (662 total, 0 uniq crashes found, perf_score=100, exec_us=444, hits=1, map=503)...[0m
[1;94m[*] [0mFuzzing test case #363 (662 total, 0 uniq crashes found, perf_score=100, exec_us=579, hits=72, map=324)...[0m
[1;94m[*] [0mFuzzing test case #604 (662 total, 0 uniq crashes found, perf_score=100, exec_us=379, hits=1, map=345)...[0m
[1;94m[*] [0mFuzzing test case #478 (662 total, 0 uniq crashes found, perf_score=100, exec_us=404, hits=1, map=531)...[0m
[1;94m[*] [0mFuzzing test case #310 (662 total, 0 uniq crashes found, perf_score=200, exec_us=356, hits=1, map=542)...[0m
[1;94m[*] [0mFuzzing test case #606 (665 total, 0 uniq crashes found, perf_score=200, exec_us=360, hits=4, map=489)...[0m
[1;94m[*] [0mFuzzing test case #599 (665 total, 0 uniq crashes found, perf_score=100, exec_us=434, hits=1, map=492)...[0m
[1;94m[*] [0mFuzzing test case #465 (670 total, 0 uniq crashes found, perf_score=100, exec_us=352, hits=36, map=295)...[0m
[1;94m[*] [0mFuzzing test case #554 (670 total, 0 uniq crashes found, perf_score=200, exec_us=378, hits=11, map=420)...[0m
[1;94m[*] [0mFuzzing test case #639 (670 total, 0 uniq crashes found, perf_score=200, exec_us=633, hits=3, map=319)...[0m
[1;94m[*] [0mFuzzing test case #556 (670 total, 0 uniq crashes found, perf_score=200, exec_us=573, hits=1, map=284)...[0m
[1;94m[*] [0mFuzzing test case #436 (671 total, 0 uniq crashes found, perf_score=200, exec_us=484, hits=1, map=543)...[0m
[1;94m[*] [0mFuzzing test case #670 (671 total, 0 uniq crashes found, perf_score=300, exec_us=358, hits=1, map=284)...[0m
[1;94m[*] [0mFuzzing test case #619 (673 total, 0 uniq crashes found, perf_score=200, exec_us=525, hits=1, map=290)...[0m
[1;94m[*] [0mFuzzing test case #220 (673 total, 0 uniq crashes found, perf_score=75, exec_us=501, hits=1, map=218)...[0m
[1;94m[*] [0mFuzzing test case #138 (673 total, 0 uniq crashes found, perf_score=75, exec_us=406, hits=2, map=232)...[0m
[1;94m[*] [0mFuzzing test case #522 (673 total, 0 uniq crashes found, perf_score=200, exec_us=455, hits=1, map=333)...[0m
[1;94m[*] [0mFuzzing test case #504 (673 total, 0 uniq crashes found, perf_score=100, exec_us=547, hits=1, map=322)...[0m
[1;94m[*] [0mFuzzing test case #462 (673 total, 0 uniq crashes found, perf_score=100, exec_us=445, hits=3, map=541)...[0m
[1;94m[*] [0mFuzzing test case #473 (673 total, 0 uniq crashes found, perf_score=100, exec_us=322, hits=1, map=341)...[0m
[1;94m[*] [0mFuzzing test case #96 (673 total, 0 uniq crashes found, perf_score=100, exec_us=486, hits=1, map=312)...[0m
[1;94m[*] [0mFuzzing test case #672 (673 total, 0 uniq crashes found, perf_score=300, exec_us=345, hits=1, map=286)...[0m
[1;94m[*] [0mFuzzing test case #442 (673 total, 0 uniq crashes found, perf_score=100, exec_us=417, hits=1, map=285)...[0m
[1;94m[*] [0mFuzzing test case #440 (673 total, 0 uniq crashes found, perf_score=100, exec_us=473, hits=1, map=285)...[0m
[1;94m[*] [0mFuzzing test case #544 (673 total, 0 uniq crashes found, perf_score=200, exec_us=438, hits=1, map=294)...[0m
[1;94m[*] [0mFuzzing test case #226 (674 total, 0 uniq crashes found, perf_score=150, exec_us=465, hits=1, map=226)...[0m
[1;94m[*] [0mFuzzing test case #582 (674 total, 0 uniq crashes found, perf_score=100, exec_us=447, hits=11, map=511)...[0m
[1;94m[*] [0mFuzzing test case #550 (674 total, 0 uniq crashes found, perf_score=200, exec_us=520, hits=1, map=285)...[0m
[1;94m[*] [0mFuzzing test case #656 (674 total, 0 uniq crashes found, perf_score=200, exec_us=483, hits=4, map=503)...[0m
[1;94m[*] [0mFuzzing test case #653 (674 total, 0 uniq crashes found, perf_score=200, exec_us=429, hits=1, map=491)...[0m
[1;94m[*] [0mFuzzing test case #623 (680 total, 0 uniq crashes found, perf_score=200, exec_us=402, hits=1, map=287)...[0m
[1;94m[*] [0mFuzzing test case #668 (681 total, 0 uniq crashes found, perf_score=100, exec_us=373, hits=1, map=475)...[0m
[1;94m[*] [0mFuzzing test case #671 (684 total, 0 uniq crashes found, perf_score=300, exec_us=350, hits=7, map=284)...[0m
[1;94m[*] [0mFuzzing test case #157 (684 total, 0 uniq crashes found, perf_score=100, exec_us=448, hits=1, map=528)...[0m
[1;94m[*] [0mFuzzing test case #347 (690 total, 0 uniq crashes found, perf_score=100, exec_us=475, hits=1, map=503)...[0m
[1;94m[*] [0mFuzzing test case #393 (690 total, 0 uniq crashes found, perf_score=100, exec_us=418, hits=1, map=324)...[0m
[1;94m[*] [0mFuzzing test case #560 (690 total, 0 uniq crashes found, perf_score=200, exec_us=402, hits=1, map=499)...[0m
[1;94m[*] [0mFuzzing test case #350 (690 total, 0 uniq crashes found, perf_score=100, exec_us=524, hits=1, map=503)...[0m
[1;94m[*] [0mFuzzing test case #564 (690 total, 0 uniq crashes found, perf_score=100, exec_us=403, hits=4, map=528)...[0m
[1;94m[*] [0mFuzzing test case #549 (694 total, 0 uniq crashes found, perf_score=200, exec_us=389, hits=1, map=281)...[0m
[1;94m[*] [0mFuzzing test case #344 (694 total, 0 uniq crashes found, perf_score=114, exec_us=383, hits=99, map=503)...[0m
[1;94m[*] [0mFuzzing test case #680 (694 total, 0 uniq crashes found, perf_score=200, exec_us=371, hits=1, map=292)...[0m
[1;94m[*] [0mFuzzing test case #155 (696 total, 0 uniq crashes found, perf_score=100, exec_us=369, hits=1, map=525)...[0m
[1;94m[*] [0mFuzzing test case #277 (696 total, 0 uniq crashes found, perf_score=75, exec_us=319, hits=1, map=267)...[0m
[1;94m[*] [0mFuzzing test case #465 (696 total, 0 uniq crashes found, perf_score=114, exec_us=352, hits=39, map=295)...[0m
[1;94m[*] [0mFuzzing test case #681 (696 total, 0 uniq crashes found, perf_score=200, exec_us=354, hits=2, map=484)...[0m
[1;94m[*] [0mFuzzing test case #225 (707 total, 0 uniq crashes found, perf_score=150, exec_us=482, hits=2, map=226)...[0m
[1;94m[*] [0mFuzzing test case #279 (707 total, 0 uniq crashes found, perf_score=75, exec_us=380, hits=1, map=259)...[0m
[1;94m[*] [0mFuzzing test case #611 (707 total, 0 uniq crashes found, perf_score=229, exec_us=339, hits=125, map=498)...[0m
[1;94m[*] [0mFuzzing test case #351 (707 total, 0 uniq crashes found, perf_score=100, exec_us=460, hits=1, map=503)...[0m
[1;94m[*] [0mFuzzing test case #705 (707 total, 0 uniq crashes found, perf_score=150, exec_us=366, hits=1, map=266)...[0m
[1;94m[*] [0mFuzzing test case #492 (708 total, 0 uniq crashes found, perf_score=100, exec_us=454, hits=1, map=481)...[0m
[1;94m[*] [0mFuzzing test case #563 (708 total, 0 uniq crashes found, perf_score=114, exec_us=347, hits=808, map=289)...[0m
[1;94m[*] [0mFuzzing test case #228 (708 total, 0 uniq crashes found, perf_score=150, exec_us=456, hits=1, map=227)...[0m
[1;94m[*] [0mFuzzing test case #672 (708 total, 0 uniq crashes found, perf_score=345, exec_us=345, hits=180, map=286)...[0m
[1;94m[*] [0mFuzzing test case #480 (708 total, 0 uniq crashes found, perf_score=100, exec_us=386, hits=1, map=534)...[0m
[1;94m[*] [0mFuzzing test case #375 (708 total, 0 uniq crashes found, perf_score=100, exec_us=398, hits=5, map=337)...[0m
[1;94m[*] [0mFuzzing test case #491 (708 total, 0 uniq crashes found, perf_score=345, exec_us=378, hits=13, map=342)...[0m
[1;94m[*] [0mFuzzing test case #691 (708 total, 0 uniq crashes found, perf_score=100, exec_us=405, hits=2, map=527)...[0m
[1;94m[*] [0mFuzzing test case #343 (708 total, 0 uniq crashes found, perf_score=100, exec_us=447, hits=1, map=504)...[0m
[1;94m[*] [0mFuzzing test case #156 (708 total, 0 uniq crashes found, perf_score=75, exec_us=804, hits=1, map=517)...[0m
[1;94m[*] [0mFuzzing test case #652 (708 total, 0 uniq crashes found, perf_score=100, exec_us=373, hits=1, map=277)...[0m
[1;94m[*] [0mFuzzing test case #139 (709 total, 0 uniq crashes found, perf_score=75, exec_us=578, hits=1, map=218)...[0m
[1;94m[*] [0mFuzzing test case #507 (709 total, 0 uniq crashes found, perf_score=100, exec_us=510, hits=1, map=485)...[0m
[1;94m[*] [0mFuzzing test case #701 (710 total, 0 uniq crashes found, perf_score=200, exec_us=399, hits=1, map=491)...[0m
[1;94m[*] [0mFuzzing test case #128 (712 total, 0 uniq crashes found, perf_score=75, exec_us=456, hits=1, map=218)...[0m
[1;94m[*] [0mFuzzing test case #528 (712 total, 0 uniq crashes found, perf_score=150, exec_us=392, hits=1, map=273)...[0m
[1;94m[*] [0mFuzzing test case #527 (713 total, 0 uniq crashes found, perf_score=150, exec_us=416, hits=1, map=270)...[0m
[1;94m[*] [0mFuzzing test case #640 (713 total, 0 uniq crashes found, perf_score=75, exec_us=354, hits=1, map=272)...[0m
[1;94m[*] [0mFuzzing test case #102 (713 total, 0 uniq crashes found, perf_score=75, exec_us=512, hits=1, map=232)...[0m
[1;94m[*] [0mFuzzing test case #449 (713 total, 0 uniq crashes found, perf_score=100, exec_us=360, hits=9, map=536)...[0m
[1;94m[*] [0mFuzzing test case #362 (713 total, 0 uniq crashes found, perf_score=100, exec_us=542, hits=2, map=337)...[0m
[1;94m[*] [0mFuzzing test case #483 (713 total, 0 uniq crashes found, perf_score=100, exec_us=460, hits=1, map=314)...[0m
[1;94m[*] [0mFuzzing test case #357 (713 total, 0 uniq crashes found, perf_score=200, exec_us=423, hits=1, map=499)...[0m
[1;94m[*] [0mFuzzing test case #594 (714 total, 0 uniq crashes found, perf_score=100, exec_us=368, hits=1, map=279)...[0m
[1;94m[*] [0mFuzzing test case #222 (714 total, 0 uniq crashes found, perf_score=150, exec_us=449, hits=1, map=259)...[0m
[1;94m[*] [0mFuzzing test case #706 (728 total, 0 uniq crashes found, perf_score=200, exec_us=413, hits=1, map=289)...[0m
[1;94m[*] [0mFuzzing test case #130 (729 total, 0 uniq crashes found, perf_score=100, exec_us=583, hits=1, map=387)...[0m
[1;94m[*] [0mFuzzing test case #727 (729 total, 0 uniq crashes found, perf_score=150, exec_us=445, hits=1, map=268)...[0m
[1;94m[*] [0mFuzzing test case #718 (732 total, 0 uniq crashes found, perf_score=150, exec_us=351, hits=16, map=259)...[0m
[1;94m[*] [0mFuzzing test case #723 (732 total, 0 uniq crashes found, perf_score=150, exec_us=458, hits=1, map=255)...[0m
[1;94m[*] [0mFuzzing test case #231 (732 total, 0 uniq crashes found, perf_score=50, exec_us=448, hits=171, map=2)...[0m
[1;94m[*] [0mFuzzing test case #395 (732 total, 0 uniq crashes found, perf_score=100, exec_us=491, hits=1, map=308)...[0m
[1;94m[*] [0mFuzzing test case #636 (735 total, 0 uniq crashes found, perf_score=919, exec_us=329, hits=1, map=287)...[0m
[1;94m[*] [0mFuzzing test case #715 (735 total, 0 uniq crashes found, perf_score=150, exec_us=388, hits=20, map=259)...[0m
[1;94m[*] [0mFuzzing test case #731 (735 total, 0 uniq crashes found, perf_score=200, exec_us=358, hits=1, map=272)...[0m
[1;94m[*] [0mFuzzing test case #429 (735 total, 0 uniq crashes found, perf_score=200, exec_us=509, hits=1, map=539)...[0m
[1;94m[*] [0mFuzzing test case #120 (736 total, 0 uniq crashes found, perf_score=75, exec_us=491, hits=1, map=233)...[0m
[1;94m[*] [0mFuzzing test case #716 (736 total, 0 uniq crashes found, perf_score=150, exec_us=329, hits=13, map=259)...[0m
[1;94m[*] [0mFuzzing test case #383 (736 total, 0 uniq crashes found, perf_score=100, exec_us=348, hits=1, map=334)...[0m
[1;94m[*] [0mFuzzing test case #517 (736 total, 0 uniq crashes found, perf_score=200, exec_us=553, hits=2, map=343)...[0m
[1;94m[*] [0mFuzzing test case #553 (736 total, 0 uniq crashes found, perf_score=200, exec_us=505, hits=1, map=272)...[0m
[1;94m[*] [0mFuzzing test case #735 (736 total, 0 uniq crashes found, perf_score=200, exec_us=423, hits=1, map=505)...[0m
[1;94m[*] [0mFuzzing test case #605 (736 total, 0 uniq crashes found, perf_score=200, exec_us=426, hits=2, map=500)...[0m
[1;94m[*] [0mFuzzing test case #734 (736 total, 0 uniq crashes found, perf_score=200, exec_us=400, hits=1, map=311)...[0m
[1;94m[*] [0mFuzzing test case #503 (752 total, 0 uniq crashes found, perf_score=100, exec_us=544, hits=1, map=475)...[0m
[1;94m[*] [0mFuzzing test case #373 (772 total, 0 uniq crashes found, perf_score=114, exec_us=390, hits=600, map=330)...[0m
[1;94m[*] [0mFuzzing test case #754 (772 total, 0 uniq crashes found, perf_score=100, exec_us=384, hits=3, map=490)...[0m
[1;94m[*] [0mFuzzing test case #732 (776 total, 0 uniq crashes found, perf_score=200, exec_us=365, hits=1, map=311)...[0m
[1;94m[*] [0mFuzzing test case #741 (776 total, 0 uniq crashes found, perf_score=200, exec_us=376, hits=1, map=313)...[0m
[1;94m[*] [0mFuzzing test case #730 (783 total, 0 uniq crashes found, perf_score=150, exec_us=343, hits=1, map=260)...[0m
[1;94m[*] [0mFuzzing test case #759 (783 total, 0 uniq crashes found, perf_score=150, exec_us=389, hits=1, map=548)...[0m
[1;94m[*] [0mFuzzing test case #579 (783 total, 0 uniq crashes found, perf_score=100, exec_us=425, hits=3, map=511)...[0m
[1;94m[*] [0mFuzzing test case #782 (783 total, 0 uniq crashes found, perf_score=200, exec_us=312, hits=1, map=313)...[0m
[1;94m[*] [0mFuzzing test case #148 (784 total, 0 uniq crashes found, perf_score=400, exec_us=331, hits=1, map=298)...[0m
[1;94m[*] [0mFuzzing test case #636 (784 total, 0 uniq crashes found, perf_score=919, exec_us=329, hits=1, map=287)...[0m
[1;94m[*] [0mFuzzing test case #750 (784 total, 0 uniq crashes found, perf_score=200, exec_us=344, hits=1, map=313)...[0m
[1;94m[*] [0mFuzzing test case #173 (785 total, 0 uniq crashes found, perf_score=114, exec_us=329, hits=672, map=515)...[0m
[1;94m[*] [0mFuzzing test case #160 (785 total, 0 uniq crashes found, perf_score=75, exec_us=408, hits=1, map=260)...[0m
[1;94m[*] [0mFuzzing test case #744 (785 total, 0 uniq crashes found, perf_score=200, exec_us=371, hits=1, map=313)...[0m
[1;94m[*] [0mFuzzing test case #692 (786 total, 0 uniq crashes found, perf_score=100, exec_us=438, hits=1, map=513)...[0m
[1;94m[*] [0mFuzzing test case #746 (786 total, 0 uniq crashes found, perf_score=200, exec_us=403, hits=1, map=313)...[0m
[1;94m[*] [0mFuzzing test case #720 (787 total, 0 uniq crashes found, perf_score=150, exec_us=343, hits=2, map=259)...[0m
[1;94m[*] [0mFuzzing test case #187 (788 total, 0 uniq crashes found, perf_score=75, exec_us=415, hits=7, map=218)...[0m
[1;94m[*] [0mFuzzing test case #725 (788 total, 0 uniq crashes found, perf_score=150, exec_us=376, hits=2, map=269)...[0m
[1;94m[*] [0mFuzzing test case #776 (791 total, 0 uniq crashes found, perf_score=200, exec_us=430, hits=1, map=314)...[0m
[1;94m[*] [0mFuzzing test case #685 (792 total, 0 uniq crashes found, perf_score=100, exec_us=424, hits=1, map=503)...[0m
[1;94m[*] [0mFuzzing test case #373 (796 total, 0 uniq crashes found, perf_score=114, exec_us=390, hits=627, map=330)...[0m
[1;94m[*] [0mFuzzing test case #238 (796 total, 0 uniq crashes found, perf_score=100, exec_us=388, hits=44, map=504)...[0m
[1;94m[*] [0mFuzzing test case #778 (796 total, 0 uniq crashes found, perf_score=200, exec_us=318, hits=1, map=314)...[0m
[1;94m[*] [0mFuzzing test case #777 (797 total, 0 uniq crashes found, perf_score=200, exec_us=364, hits=2, map=316)...[0m
[1;94m[*] [0mFuzzing test case #745 (800 total, 0 uniq crashes found, perf_score=200, exec_us=398, hits=7, map=313)...[0m
[1;94m[*] [0mFuzzing test case #573 (802 total, 0 uniq crashes found, perf_score=56, exec_us=837, hits=77, map=269)...[0m
[1;94m[*] [0mFuzzing test case #790 (802 total, 0 uniq crashes found, perf_score=150, exec_us=432, hits=3, map=269)...[0m
[1;94m[*] [0mFuzzing test case #592 (804 total, 0 uniq crashes found, perf_score=100, exec_us=509, hits=1, map=333)...[0m
[1;94m[*] [0mFuzzing test case #747 (804 total, 0 uniq crashes found, perf_score=200, exec_us=409, hits=4, map=313)...[0m
[1;94m[*] [0mFuzzing test case #430 (805 total, 0 uniq crashes found, perf_score=200, exec_us=437, hits=1, map=506)...[0m
[1;94m[*] [0mFuzzing test case #548 (806 total, 0 uniq crashes found, perf_score=200, exec_us=376, hits=2, map=317)...[0m
[1;94m[*] [0mFuzzing test case #593 (806 total, 0 uniq crashes found, perf_score=459, exec_us=422, hits=2, map=304)...[0m
[1;94m[*] [0mFuzzing test case #545 (806 total, 0 uniq crashes found, perf_score=200, exec_us=456, hits=1, map=295)...[0m
[1;94m[*] [0mFuzzing test case #802 (806 total, 0 uniq crashes found, perf_score=200, exec_us=472, hits=3, map=273)...[0m
[1;94m[*] [0mFuzzing test case #655 (809 total, 0 uniq crashes found, perf_score=200, exec_us=377, hits=1, map=281)...[0m
[1;94m[*] [0mFuzzing test case #493 (813 total, 0 uniq crashes found, perf_score=150, exec_us=389, hits=1, map=543)...[0m
[1;94m[*] [0mFuzzing test case #789 (813 total, 0 uniq crashes found, perf_score=150, exec_us=402, hits=57, map=269)...[0m
[1;94m[*] [0mFuzzing test case #810 (813 total, 0 uniq crashes found, perf_score=200, exec_us=323, hits=1, map=304)...[0m
[1;94m[*] [0mFuzzing test case #726 (813 total, 0 uniq crashes found, perf_score=150, exec_us=536, hits=1, map=269)...[0m
[1;94m[*] [0mFuzzing test case #749 (813 total, 0 uniq crashes found, perf_score=200, exec_us=421, hits=2, map=313)...[0m
[1;94m[*] [0mFuzzing test case #742 (814 total, 0 uniq crashes found, perf_score=200, exec_us=371, hits=4, map=313)...[0m
[1;94m[*] [0mFuzzing test case #223 (815 total, 0 uniq crashes found, perf_score=112, exec_us=686, hits=2, map=226)...[0m
[1;94m[*] [0mFuzzing test case #808 (815 total, 0 uniq crashes found, perf_score=225, exec_us=332, hits=1, map=263)...[0m
[1;94m[*] [0mFuzzing test case #115 (820 total, 0 uniq crashes found, perf_score=229, exec_us=364, hits=30, map=322)...[0m
[1;94m[*] [0mFuzzing test case #743 (820 total, 0 uniq crashes found, perf_score=200, exec_us=345, hits=1, map=313)...[0m
[1;94m[*] [0mFuzzing test case #724 (821 total, 0 uniq crashes found, perf_score=200, exec_us=340, hits=1, map=280)...[0m
[1;94m[*] [0mFuzzing test case #798 (821 total, 0 uniq crashes found, perf_score=200, exec_us=379, hits=1, map=316)...[0m
[1;94m[*] [0mFuzzing test case #816 (821 total, 0 uniq crashes found, perf_score=300, exec_us=424, hits=1, map=273)...[0m
[1;94m[*] [0mFuzzing test case #791 (825 total, 0 uniq crashes found, perf_score=200, exec_us=327, hits=1, map=314)...[0m
[1;94m[*] [0mFuzzing test case #634 (827 total, 0 uniq crashes found, perf_score=200, exec_us=440, hits=1, map=311)...[0m
[1;94m[*] [0mFuzzing test case #32 (827 total, 0 uniq crashes found, perf_score=114, exec_us=477, hits=172, map=425)...[0m
[1;94m[*] [0mFuzzing test case #822 (827 total, 0 uniq crashes found, perf_score=300, exec_us=350, hits=2, map=274)...[0m
[1;94m[*] [0mFuzzing test case #533 (832 total, 0 uniq crashes found, perf_score=229, exec_us=326, hits=3925, map=308)...[0m
[1;94m[*] [0mFuzzing test case #819 (832 total, 0 uniq crashes found, perf_score=300, exec_us=358, hits=1, map=278)...[0m
[1;94m[*] [0mFuzzing test case #794 (832 total, 0 uniq crashes found, perf_score=200, exec_us=405, hits=1, map=499)...[0m
[1;94m[*] [0mFuzzing test case #779 (832 total, 0 uniq crashes found, perf_score=200, exec_us=403, hits=1, map=315)...[0m
[1;94m[*] [0mFuzzing test case #817 (835 total, 0 uniq crashes found, perf_score=225, exec_us=450, hits=4, map=261)...[0m
[1;94m[*] [0mFuzzing test case #661 (835 total, 0 uniq crashes found, perf_score=75, exec_us=690, hits=1, map=291)...[0m
[1;94m[*] [0mFuzzing test case #792 (836 total, 0 uniq crashes found, perf_score=200, exec_us=379, hits=1, map=511)...[0m
[1;94m[*] [0mFuzzing test case #73 (837 total, 0 uniq crashes found, perf_score=75, exec_us=483, hits=3, map=234)...[0m
[1;94m[*] [0mFuzzing test case #717 (837 total, 0 uniq crashes found, perf_score=150, exec_us=380, hits=29, map=259)...[0m
[1;94m[*] [0mFuzzing test case #788 (837 total, 0 uniq crashes found, perf_score=200, exec_us=362, hits=70, map=269)...[0m
[1;94m[*] [0mFuzzing test case #835 (837 total, 0 uniq crashes found, perf_score=200, exec_us=335, hits=8, map=288)...[0m
[1;94m[*] [0mFuzzing test case #740 (837 total, 0 uniq crashes found, perf_score=200, exec_us=389, hits=1, map=313)...[0m
[1;94m[*] [0mFuzzing test case #832 (838 total, 0 uniq crashes found, perf_score=200, exec_us=339, hits=1, map=317)...[0m
[1;94m[*] [0mFuzzing test case #550 (842 total, 0 uniq crashes found, perf_score=690, exec_us=520, hits=5, map=285)...[0m
[1;94m[*] [0mFuzzing test case #815 (842 total, 0 uniq crashes found, perf_score=300, exec_us=399, hits=1, map=271)...[0m
[1;94m[*] [0mFuzzing test case #56 (843 total, 0 uniq crashes found, perf_score=86, exec_us=470, hits=288, map=231)...[0m
[1;94m[*] [0mFuzzing test case #796 (843 total, 0 uniq crashes found, perf_score=200, exec_us=552, hits=1, map=305)...[0m
[1;94m[*] [0mFuzzing test case #821 (843 total, 0 uniq crashes found, perf_score=225, exec_us=548, hits=3, map=265)...[0m
[1;94m[*] [0mFuzzing test case #567 (843 total, 0 uniq crashes found, perf_score=100, exec_us=568, hits=17, map=475)...[0m
[1;94m[*] [0mFuzzing test case #636 (843 total, 0 uniq crashes found, perf_score=919, exec_us=329, hits=1, map=287)...[0m
[1;94m[*] [0mFuzzing test case #709 (843 total, 0 uniq crashes found, perf_score=100, exec_us=449, hits=1, map=485)...[0m
[1;94m[*] [0mFuzzing test case #833 (844 total, 0 uniq crashes found, perf_score=200, exec_us=351, hits=1, map=317)...[0m
[1;94m[*] [0mFuzzing test case #842 (845 total, 0 uniq crashes found, perf_score=300, exec_us=523, hits=1, map=271)...[0m
[1;94m[*] [0mFuzzing test case #824 (846 total, 0 uniq crashes found, perf_score=300, exec_us=418, hits=1, map=269)...[0m
[1;94m[*] [0mFuzzing test case #730 (846 total, 0 uniq crashes found, perf_score=690, exec_us=343, hits=1, map=260)...[0m
[1;94m[*] [0mFuzzing test case #845 (847 total, 0 uniq crashes found, perf_score=300, exec_us=506, hits=4, map=271)...[0m
[1;94m[*] [0mFuzzing test case #843 (847 total, 0 uniq crashes found, perf_score=200, exec_us=395, hits=1, map=325)...[0m
[1;94m[*] [0mFuzzing test case #786 (847 total, 0 uniq crashes found, perf_score=200, exec_us=355, hits=1, map=313)...[0m
[1;94m[*] [0mFuzzing test case #787 (848 total, 0 uniq crashes found, perf_score=200, exec_us=602, hits=1, map=279)...[0m
[1;94m[*] [0mFuzzing test case #797 (848 total, 0 uniq crashes found, perf_score=200, exec_us=429, hits=1, map=318)...[0m
[1;94m[*] [0mFuzzing test case #829 (851 total, 0 uniq crashes found, perf_score=300, exec_us=473, hits=1, map=271)...[0m
[1;94m[*] [0mFuzzing test case #841 (853 total, 0 uniq crashes found, perf_score=300, exec_us=361, hits=1, map=273)...[0m
[1;94m[*] [0mFuzzing test case #823 (853 total, 0 uniq crashes found, perf_score=300, exec_us=461, hits=5, map=270)...[0m
[1;94m[*] [0mFuzzing test case #851 (853 total, 0 uniq crashes found, perf_score=300, exec_us=343, hits=1, map=271)...[0m
[1;94m[*] [0mFuzzing test case #826 (854 total, 0 uniq crashes found, perf_score=300, exec_us=383, hits=1, map=311)...[0m
[1;94m[*] [0mFuzzing test case #841 (854 total, 0 uniq crashes found, perf_score=1035, exec_us=361, hits=6, map=273)...[0m
[1;94m[*] [0mFuzzing test case #852 (856 total, 0 uniq crashes found, perf_score=300, exec_us=358, hits=2, map=270)...[0m
[1;94m[*] [0mFuzzing test case #850 (856 total, 0 uniq crashes found, perf_score=300, exec_us=343, hits=1, map=320)...[0m
[1;94m[*] [0mFuzzing test case #855 (856 total, 0 uniq crashes found, perf_score=300, exec_us=606, hits=1, map=277)...[0m
[1;94m[*] [0mFuzzing test case #240 (856 total, 0 uniq crashes found, perf_score=114, exec_us=334, hits=112, map=494)...[0m
[1;94m[*] [0mFuzzing test case #853 (856 total, 0 uniq crashes found, perf_score=300, exec_us=363, hits=1, map=271)...[0m
[1;94m[*] [0mFuzzing test case #818 (856 total, 0 uniq crashes found, perf_score=300, exec_us=545, hits=8, map=266)...[0m
[1;94m[*] [0mFuzzing test case #783 (856 total, 0 uniq crashes found, perf_score=200, exec_us=582, hits=1, map=314)...[0m
[1;94m[*] [0mFuzzing test case #827 (856 total, 0 uniq crashes found, perf_score=300, exec_us=452, hits=4, map=271)...[0m
[1;94m[*] [0mFuzzing test case #563 (856 total, 0 uniq crashes found, perf_score=114, exec_us=347, hits=880, map=289)...[0m
[1;94m[*] [0mFuzzing test case #848 (856 total, 0 uniq crashes found, perf_score=300, exec_us=398, hits=1, map=319)...[0m
[1;94m[*] [0mFuzzing test case #831 (857 total, 0 uniq crashes found, perf_score=300, exec_us=380, hits=1, map=280)...[0m
[1;94m[*] [0mFuzzing test case #373 (858 total, 0 uniq crashes found, perf_score=114, exec_us=390, hits=654, map=330)...[0m
[1;94m[*] [0mFuzzing test case #828 (858 total, 0 uniq crashes found, perf_score=225, exec_us=495, hits=3, map=264)...[0m
[1;94m[*] [0mFuzzing test case #767 (858 total, 0 uniq crashes found, perf_score=150, exec_us=399, hits=5, map=535)...[0m
[1;94m[*] [0mFuzzing test case #95 (858 total, 0 uniq crashes found, perf_score=75, exec_us=450, hits=1, map=240)...[0m
[1;94m[*] [0mFuzzing test case #240 (858 total, 0 uniq crashes found, perf_score=114, exec_us=334, hits=116, map=494)...[0m
[1;94m[*] [0mFuzzing test case #857 (858 total, 0 uniq crashes found, perf_score=300, exec_us=396, hits=1, map=282)...[0m
[1;94m[*] [0mFuzzing test case #839 (862 total, 0 uniq crashes found, perf_score=300, exec_us=349, hits=1, map=318)...[0m
[1;94m[*] [0mFuzzing test case #358 (862 total, 0 uniq crashes found, perf_score=229, exec_us=345, hits=397, map=508)...[0m
[1;94m[*] [0mFuzzing test case #801 (862 total, 0 uniq crashes found, perf_score=200, exec_us=352, hits=2, map=307)...[0m
[1;94m[*] [0mFuzzing test case #563 (865 total, 0 uniq crashes found, perf_score=114, exec_us=347, hits=928, map=289)...[0m
[1;94m[*] [0mFuzzing test case #707 (865 total, 0 uniq crashes found, perf_score=200, exec_us=490, hits=1, map=266)...[0m
[1;94m[*] [0mFuzzing test case #817 (866 total, 0 uniq crashes found, perf_score=258, exec_us=450, hits=1010, map=261)...[0m
[1;94m[*] [0mFuzzing test case #854 (866 total, 0 uniq crashes found, perf_score=300, exec_us=379, hits=1, map=271)...[0m
[1;94m[*] [0mFuzzing test case #748 (867 total, 0 uniq crashes found, perf_score=200, exec_us=409, hits=1, map=312)...[0m
[1;94m[*] [0mFuzzing test case #866 (867 total, 0 uniq crashes found, perf_score=300, exec_us=345, hits=1, map=275)...[0m
[1;94m[*] [0mFuzzing test case #737 (868 total, 0 uniq crashes found, perf_score=200, exec_us=490, hits=1, map=314)...[0m
[1;94m[*] [0mFuzzing test case #334 (869 total, 0 uniq crashes found, perf_score=1035, exec_us=340, hits=9, map=535)...[0m
[1;94m[*] [0mFuzzing test case #640 (869 total, 0 uniq crashes found, perf_score=459, exec_us=354, hits=2, map=272)...[0m
[1;94m[*] [0mFuzzing test case #869 (871 total, 0 uniq crashes found, perf_score=200, exec_us=441, hits=1, map=282)...[0m
[1;94m[*] [0mFuzzing test case #240 (872 total, 0 uniq crashes found, perf_score=114, exec_us=334, hits=119, map=494)...[0m
[1;94m[*] [0mFuzzing test case #576 (872 total, 0 uniq crashes found, perf_score=100, exec_us=567, hits=5, map=484)...[0m
[1;94m[*] [0mFuzzing test case #431 (872 total, 0 uniq crashes found, perf_score=300, exec_us=395, hits=1, map=537)...[0m
[1;94m[*] [0mFuzzing test case #859 (872 total, 0 uniq crashes found, perf_score=300, exec_us=465, hits=6, map=282)...[0m
[1;94m[*] [0mFuzzing test case #636 (872 total, 0 uniq crashes found, perf_score=919, exec_us=329, hits=1, map=287)...[0m
[1;94m[*] [0mFuzzing test case #611 (872 total, 0 uniq crashes found, perf_score=229, exec_us=339, hits=149, map=498)...[0m
[1;94m[*] [0mFuzzing test case #240 (872 total, 0 uniq crashes found, perf_score=114, exec_us=334, hits=127, map=494)...[0m
[1;94m[*] [0mFuzzing test case #862 (872 total, 0 uniq crashes found, perf_score=200, exec_us=326, hits=1, map=307)...[0m
[1;94m[*] [0mFuzzing test case #843 (873 total, 0 uniq crashes found, perf_score=229, exec_us=395, hits=77, map=325)...[0m
[1;94m[*] [0mFuzzing test case #346 (873 total, 0 uniq crashes found, perf_score=114, exec_us=461, hits=79, map=502)...[0m
[1;94m[*] [0mFuzzing test case #865 (873 total, 0 uniq crashes found, perf_score=200, exec_us=361, hits=1, map=268)...[0m
[1;94m[*] [0mFuzzing test case #334 (873 total, 0 uniq crashes found, perf_score=1035, exec_us=340, hits=9, map=535)...[0m
[1;94m[*] [0mFuzzing test case #813 (874 total, 0 uniq crashes found, perf_score=200, exec_us=346, hits=1, map=313)...[0m
[1;94m[*] [0mFuzzing test case #458 (875 total, 0 uniq crashes found, perf_score=172, exec_us=381, hits=127, map=530)...[0m
[1;94m[*] [0mFuzzing test case #868 (875 total, 0 uniq crashes found, perf_score=200, exec_us=472, hits=1, map=315)...[0m
[1;94m[*] [0mFuzzing test case #636 (875 total, 0 uniq crashes found, perf_score=919, exec_us=329, hits=1, map=287)...[0m
[1;94m[*] [0mFuzzing test case #636 (875 total, 0 uniq crashes found, perf_score=919, exec_us=329, hits=1, map=287)...[0m
[1;94m[*] [0mFuzzing test case #240 (875 total, 0 uniq crashes found, perf_score=114, exec_us=334, hits=129, map=494)...[0m
[1;94m[*] [0mFuzzing test case #860 (875 total, 0 uniq crashes found, perf_score=300, exec_us=460, hits=1, map=286)...[0m
[1;94m[*] [0mFuzzing test case #861 (875 total, 0 uniq crashes found, perf_score=300, exec_us=560, hits=13, map=286)...[0m
[1;94m[*] [0mFuzzing test case #639 (875 total, 0 uniq crashes found, perf_score=172, exec_us=633, hits=70, map=319)...[0m
[1;94m[*] [0mFuzzing test case #873 (875 total, 0 uniq crashes found, perf_score=300, exec_us=581, hits=1, map=538)...[0m
[1;94m[*] [0mFuzzing test case #862 (882 total, 0 uniq crashes found, perf_score=229, exec_us=326, hits=95, map=307)...[0m
[1;94m[*] [0mFuzzing test case #815 (882 total, 0 uniq crashes found, perf_score=345, exec_us=399, hits=309, map=271)...[0m
[1;94m[*] [0mFuzzing test case #880 (882 total, 0 uniq crashes found, perf_score=200, exec_us=404, hits=1, map=511)...[0m
[1;94m[*] [0mFuzzing test case #822 (884 total, 0 uniq crashes found, perf_score=345, exec_us=350, hits=928, map=274)...[0m
[1;94m[*] [0mFuzzing test case #226 (884 total, 0 uniq crashes found, perf_score=172, exec_us=465, hits=76, map=226)...[0m
[1;94m[*] [0mFuzzing test case #882 (884 total, 0 uniq crashes found, perf_score=200, exec_us=377, hits=1, map=513)...[0m
[1;94m[*] [0mFuzzing test case #871 (886 total, 0 uniq crashes found, perf_score=200, exec_us=375, hits=1, map=316)...[0m
[1;94m[*] [0mFuzzing test case #887 (888 total, 0 uniq crashes found, perf_score=200, exec_us=480, hits=1, map=291)...[0m
[1;94m[*] [0mFuzzing test case #592 (888 total, 0 uniq crashes found, perf_score=114, exec_us=509, hits=110, map=333)...[0m
[1;94m[*] [0mFuzzing test case #329 (889 total, 0 uniq crashes found, perf_score=200, exec_us=524, hits=1, map=527)...[0m
[1;94m[*] [0mFuzzing test case #855 (890 total, 0 uniq crashes found, perf_score=345, exec_us=606, hits=188, map=277)...[0m
[1;94m[*] [0mFuzzing test case #533 (890 total, 0 uniq crashes found, perf_score=229, exec_us=326, hits=3988, map=308)...[0m
[1;94m[*] [0mFuzzing test case #465 (890 total, 0 uniq crashes found, perf_score=114, exec_us=352, hits=44, map=295)...[0m
[1;94m[*] [0mFuzzing test case #533 (890 total, 0 uniq crashes found, perf_score=229, exec_us=326, hits=4051, map=308)...[0m
[1;94m[*] [0mFuzzing test case #533 (890 total, 0 uniq crashes found, perf_score=229, exec_us=326, hits=4125, map=308)...[0m
[1;94m[*] [0mFuzzing test case #174 (890 total, 0 uniq crashes found, perf_score=345, exec_us=328, hits=14, map=281)...[0m
[1;94m[*] [0mFuzzing test case #580 (890 total, 0 uniq crashes found, perf_score=114, exec_us=436, hits=181, map=512)...[0m
[1;94m[*] [0mFuzzing test case #482 (890 total, 0 uniq crashes found, perf_score=459, exec_us=372, hits=1, map=336)...[0m
[1;94m[*] [0mFuzzing test case #861 (890 total, 0 uniq crashes found, perf_score=345, exec_us=560, hits=371, map=286)...[0m
[1;94m[*] [0mFuzzing test case #884 (890 total, 0 uniq crashes found, perf_score=300, exec_us=373, hits=1, map=505)...[0m
[1;94m[*] [0mFuzzing test case #636 (891 total, 0 uniq crashes found, perf_score=919, exec_us=329, hits=1, map=287)...[0m
[1;94m[*] [0mFuzzing test case #636 (891 total, 0 uniq crashes found, perf_score=919, exec_us=329, hits=1, map=287)...[0m
[1;94m[*] [0mFuzzing test case #454 (891 total, 0 uniq crashes found, perf_score=172, exec_us=438, hits=118, map=534)...[0m
[1;94m[*] [0mFuzzing test case #473 (891 total, 0 uniq crashes found, perf_score=459, exec_us=322, hits=1, map=341)...[0m
[1;94m[*] [0mFuzzing test case #819 (891 total, 0 uniq crashes found, perf_score=1380, exec_us=358, hits=2, map=278)...[0m
[1;94m[*] [0mFuzzing test case #173 (891 total, 0 uniq crashes found, perf_score=114, exec_us=329, hits=679, map=515)...[0m
[1;94m[*] [0mFuzzing test case #579 (891 total, 0 uniq crashes found, perf_score=114, exec_us=425, hits=72, map=511)...[0m
[1;94m[*] [0mFuzzing test case #240 (891 total, 0 uniq crashes found, perf_score=114, exec_us=334, hits=136, map=494)...[0m
[1;94m[*] [0mFuzzing test case #240 (891 total, 0 uniq crashes found, perf_score=114, exec_us=334, hits=139, map=494)...[0m
[1;94m[*] [0mFuzzing test case #735 (891 total, 0 uniq crashes found, perf_score=919, exec_us=423, hits=2, map=505)...[0m
[1;94m[*] [0mFuzzing test case #623 (891 total, 0 uniq crashes found, perf_score=229, exec_us=402, hits=121, map=287)...[0m
[1;94m[*] [0mFuzzing test case #115 (891 total, 0 uniq crashes found, perf_score=114, exec_us=364, hits=37, map=322)...[0m
[1;94m[*] [0mFuzzing test case #240 (891 total, 0 uniq crashes found, perf_score=114, exec_us=334, hits=141, map=494)...[0m
[1;94m[*] [0mFuzzing test case #240 (891 total, 0 uniq crashes found, perf_score=114, exec_us=334, hits=143, map=494)...[0m
[1;94m[*] [0mFuzzing test case #533 (891 total, 0 uniq crashes found, perf_score=229, exec_us=326, hits=4186, map=308)...[0m
[1;94m[*] [0mFuzzing test case #431 (891 total, 0 uniq crashes found, perf_score=345, exec_us=395, hits=63, map=537)...[0m
[1;94m[*] [0mFuzzing test case #672 (892 total, 0 uniq crashes found, perf_score=345, exec_us=345, hits=261, map=286)...[0m
[1;94m[*] [0mFuzzing test case #240 (893 total, 0 uniq crashes found, perf_score=114, exec_us=334, hits=145, map=494)...[0m
[1;94m[*] [0mFuzzing test case #636 (893 total, 0 uniq crashes found, perf_score=919, exec_us=329, hits=1, map=287)...[0m
[1;94m[*] [0mFuzzing test case #240 (893 total, 0 uniq crashes found, perf_score=114, exec_us=334, hits=147, map=494)...[0m
[1;94m[*] [0mFuzzing test case #843 (893 total, 0 uniq crashes found, perf_score=229, exec_us=395, hits=136, map=325)...[0m
[1;94m[*] [0mFuzzing test case #240 (893 total, 0 uniq crashes found, perf_score=114, exec_us=334, hits=148, map=494)...[0m
[1;94m[*] [0mFuzzing test case #473 (893 total, 0 uniq crashes found, perf_score=459, exec_us=322, hits=1, map=341)...[0m
[1;94m[*] [0mFuzzing test case #4 (893 total, 0 uniq crashes found, perf_score=28, exec_us=360, hits=9915, map=73)...[0m
[1;94m[*] [0mFuzzing test case #653 (893 total, 0 uniq crashes found, perf_score=229, exec_us=429, hits=47, map=491)...[0m
[1;94m[*] [0mFuzzing test case #449 (893 total, 0 uniq crashes found, perf_score=172, exec_us=360, hits=74, map=536)...[0m
[1;94m[*] [0mFuzzing test case #636 (893 total, 0 uniq crashes found, perf_score=919, exec_us=329, hits=2, map=287)...[0m
[1;94m[*] [0mFuzzing test case #115 (893 total, 0 uniq crashes found, perf_score=114, exec_us=364, hits=43, map=322)...[0m
[1;94m[*] [0mFuzzing test case #240 (893 total, 0 uniq crashes found, perf_score=114, exec_us=334, hits=149, map=494)...[0m
[1;94m[*] [0mFuzzing test case #49 (893 total, 0 uniq crashes found, perf_score=86, exec_us=385, hits=338, map=263)...[0m
[1;94m[*] [0mFuzzing test case #334 (893 total, 0 uniq crashes found, perf_score=690, exec_us=340, hits=27, map=535)...[0m
[1;94m[*] [0mFuzzing test case #608 (893 total, 0 uniq crashes found, perf_score=200, exec_us=423, hits=12, map=494)...[0m
[1;94m[*] [0mFuzzing test case #681 (893 total, 0 uniq crashes found, perf_score=229, exec_us=354, hits=3453, map=484)...[0m
[1;94m[*] [0mFuzzing test case #892 (893 total, 0 uniq crashes found, perf_score=300, exec_us=427, hits=1, map=286)...[0m
[1;94m[*] [0mFuzzing test case #185 (893 total, 0 uniq crashes found, perf_score=345, exec_us=374, hits=2, map=219)...[0m
[1;94m[*] [0mFuzzing test case #792 (893 total, 0 uniq crashes found, perf_score=229, exec_us=379, hits=44, map=511)...[0m
[1;94m[*] [0mFuzzing test case #351 (893 total, 0 uniq crashes found, perf_score=229, exec_us=460, hits=28, map=503)...[0m
[1;94m[*] [0mFuzzing test case #240 (893 total, 0 uniq crashes found, perf_score=114, exec_us=334, hits=152, map=494)...[0m
[1;94m[*] [0mFuzzing test case #240 (893 total, 0 uniq crashes found, perf_score=114, exec_us=334, hits=155, map=494)...[0m
[1;94m[*] [0mFuzzing test case #458 (893 total, 0 uniq crashes found, perf_score=114, exec_us=381, hits=146, map=530)...[0m
[1;94m[*] [0mFuzzing test case #606 (893 total, 0 uniq crashes found, perf_score=229, exec_us=360, hits=89, map=489)...[0m
[1;94m[*] [0mFuzzing test case #857 (893 total, 0 uniq crashes found, perf_score=345, exec_us=396, hits=1120, map=282)...[0m
[1;94m[*] [0mFuzzing test case #373 (893 total, 0 uniq crashes found, perf_score=114, exec_us=390, hits=674, map=330)...[0m
[1;94m[*] [0mFuzzing test case #240 (893 total, 0 uniq crashes found, perf_score=114, exec_us=334, hits=158, map=494)...[0m
[1;94m[*] [0mFuzzing test case #527 (893 total, 0 uniq crashes found, perf_score=229, exec_us=416, hits=121, map=270)...[0m
[1;94m[*] [0mFuzzing test case #533 (893 total, 0 uniq crashes found, perf_score=229, exec_us=326, hits=4242, map=308)...[0m
[1;94m[*] [0mFuzzing test case #822 (893 total, 0 uniq crashes found, perf_score=345, exec_us=350, hits=1037, map=274)...[0m
[1;94m[*] [0mFuzzing test case #533 (893 total, 0 uniq crashes found, perf_score=229, exec_us=326, hits=4305, map=308)...[0m
[1;94m[*] [0mFuzzing test case #822 (893 total, 0 uniq crashes found, perf_score=345, exec_us=350, hits=1114, map=274)...[0m
[1;94m[*] [0mFuzzing test case #672 (893 total, 0 uniq crashes found, perf_score=345, exec_us=345, hits=442, map=286)...[0m
[1;94m[*] [0mFuzzing test case #636 (893 total, 0 uniq crashes found, perf_score=919, exec_us=329, hits=2, map=287)...[0m
[1;94m[*] [0mFuzzing test case #744 (893 total, 0 uniq crashes found, perf_score=229, exec_us=371, hits=102, map=313)...[0m
[1;94m[*] [0mFuzzing test case #854 (893 total, 0 uniq crashes found, perf_score=345, exec_us=379, hits=144, map=271)...[0m
[1;94m[*] [0mFuzzing test case #171 (893 total, 0 uniq crashes found, perf_score=229, exec_us=374, hits=26, map=439)...[0m
[1;94m[*] [0mFuzzing test case #606 (893 total, 0 uniq crashes found, perf_score=229, exec_us=360, hits=107, map=489)...[0m
[1;94m[*] [0mFuzzing test case #636 (893 total, 0 uniq crashes found, perf_score=919, exec_us=329, hits=2, map=287)...[0m
[1;94m[*] [0mFuzzing test case #810 (893 total, 0 uniq crashes found, perf_score=229, exec_us=323, hits=67, map=304)...[0m
[1;94m[*] [0mFuzzing test case #220 (894 total, 0 uniq crashes found, perf_score=345, exec_us=501, hits=2, map=218)...[0m
[1;94m[*] [0mFuzzing test case #636 (894 total, 0 uniq crashes found, perf_score=919, exec_us=329, hits=2, map=287)...[0m
[1;94m[*] [0mFuzzing test case #73 (894 total, 0 uniq crashes found, perf_score=258, exec_us=483, hits=6, map=234)...[0m
[1;94m[*] [0mFuzzing test case #458 (894 total, 0 uniq crashes found, perf_score=114, exec_us=381, hits=164, map=530)...[0m
[1;94m[*] [0mFuzzing test case #672 (894 total, 0 uniq crashes found, perf_score=345, exec_us=345, hits=515, map=286)...[0m
[1;94m[*] [0mFuzzing test case #516 (894 total, 0 uniq crashes found, perf_score=229, exec_us=358, hits=629, map=337)...[0m
[1;94m[*] [0mFuzzing test case #636 (894 total, 0 uniq crashes found, perf_score=919, exec_us=329, hits=2, map=287)...[0m
[1;94m[*] [0mFuzzing test case #636 (894 total, 0 uniq crashes found, perf_score=919, exec_us=329, hits=2, map=287)...[0m
[1;94m[*] [0mFuzzing test case #835 (894 total, 0 uniq crashes found, perf_score=229, exec_us=335, hits=98, map=288)...[0m
[1;94m[*] [0mFuzzing test case #240 (894 total, 0 uniq crashes found, perf_score=114, exec_us=334, hits=160, map=494)...[0m
[1;94m[*] [0mFuzzing test case #681 (894 total, 0 uniq crashes found, perf_score=229, exec_us=354, hits=3511, map=484)...[0m
[1;94m[*] [0mFuzzing test case #32 (894 total, 0 uniq crashes found, perf_score=114, exec_us=477, hits=172, map=425)...[0m
[1;94m[*] [0mFuzzing test case #533 (894 total, 0 uniq crashes found, perf_score=229, exec_us=326, hits=4364, map=308)...[0m
[1;94m[*] [0mFuzzing test case #240 (894 total, 0 uniq crashes found, perf_score=114, exec_us=334, hits=164, map=494)...[0m
[1;94m[*] [0mFuzzing test case #813 (894 total, 0 uniq crashes found, perf_score=229, exec_us=346, hits=100, map=313)...[0m
[1;94m[*] [0mFuzzing test case #240 (894 total, 0 uniq crashes found, perf_score=114, exec_us=334, hits=169, map=494)...[0m
[1;94m[*] [0mFuzzing test case #115 (894 total, 0 uniq crashes found, perf_score=114, exec_us=364, hits=50, map=322)...[0m
[1;94m[*] [0mFuzzing test case #476 (894 total, 0 uniq crashes found, perf_score=459, exec_us=350, hits=3, map=333)...[0m
[1;94m[*] [0mFuzzing test case #313 (894 total, 0 uniq crashes found, perf_score=229, exec_us=340, hits=2233, map=275)...[0m
[1;94m[*] [0mFuzzing test case #636 (894 total, 0 uniq crashes found, perf_score=919, exec_us=329, hits=2, map=287)...[0m
[1;94m[*] [0mFuzzing test case #240 (894 total, 0 uniq crashes found, perf_score=114, exec_us=334, hits=172, map=494)...[0m
[1;94m[*] [0mFuzzing test case #560 (894 total, 0 uniq crashes found, perf_score=229, exec_us=402, hits=55, map=499)...[0m
[1;94m[*] [0mFuzzing test case #554 (894 total, 0 uniq crashes found, perf_score=229, exec_us=378, hits=139, map=420)...[0m
[1;94m[*] [0mFuzzing test case #240 (894 total, 0 uniq crashes found, perf_score=114, exec_us=334, hits=175, map=494)...[0m
[1;94m[*] [0mFuzzing test case #723 (894 total, 0 uniq crashes found, perf_score=172, exec_us=458, hits=220, map=255)...[0m
[1;94m[*] [0mFuzzing test case #240 (894 total, 0 uniq crashes found, perf_score=114, exec_us=334, hits=180, map=494)...[0m
[1;94m[*] [0mFuzzing test case #866 (894 total, 0 uniq crashes found, perf_score=345, exec_us=345, hits=126, map=275)...[0m
[1;94m[*] [0mFuzzing test case #822 (894 total, 0 uniq crashes found, perf_score=345, exec_us=350, hits=1208, map=274)...[0m
[1;94m[*] [0mFuzzing test case #563 (894 total, 0 uniq crashes found, perf_score=114, exec_us=347, hits=977, map=289)...[0m
[1;94m[*] [0mFuzzing test case #726 (894 total, 0 uniq crashes found, perf_score=229, exec_us=536, hits=1194, map=269)...[0m
[1;94m[*] [0mFuzzing test case #220 (894 total, 0 uniq crashes found, perf_score=345, exec_us=501, hits=3, map=218)...[0m
[1;94m[*] [0mFuzzing test case #533 (894 total, 0 uniq crashes found, perf_score=229, exec_us=326, hits=4424, map=308)...[0m
[1;94m[*] [0mFuzzing test case #636 (894 total, 0 uniq crashes found, perf_score=919, exec_us=329, hits=2, map=287)...[0m
[1;94m[*] [0mFuzzing test case #352 (894 total, 0 uniq crashes found, perf_score=114, exec_us=514, hits=65, map=505)...[0m
[1;94m[*] [0mFuzzing test case #240 (894 total, 0 uniq crashes found, perf_score=114, exec_us=334, hits=184, map=494)...[0m
[1;94m[*] [0mFuzzing test case #493 (894 total, 0 uniq crashes found, perf_score=172, exec_us=389, hits=114, map=543)...[0m
[1;94m[*] [0mFuzzing test case #313 (895 total, 0 uniq crashes found, perf_score=229, exec_us=340, hits=2320, map=275)...[0m
[1;94m[*] [0mFuzzing test case #894 (895 total, 0 uniq crashes found, perf_score=150, exec_us=332, hits=1, map=546)...[0m
[1;94m[*] [0mFuzzing test case #50 (895 total, 0 uniq crashes found, perf_score=114, exec_us=380, hits=186, map=271)...[0m
[1;94m[*] [0mFuzzing test case #684 (895 total, 0 uniq crashes found, perf_score=100, exec_us=517, hits=2, map=510)...[0m
[1;94m[*] [0mFuzzing test case #845 (896 total, 0 uniq crashes found, perf_score=345, exec_us=506, hits=384, map=271)...[0m
[1;94m[*] [0mFuzzing test case #735 (896 total, 0 uniq crashes found, perf_score=919, exec_us=423, hits=3, map=505)...[0m
[1;94m[*] [0mFuzzing test case #226 (896 total, 0 uniq crashes found, perf_score=172, exec_us=465, hits=178, map=226)...[0m
[1;94m[*] [0mFuzzing test case #717 (896 total, 0 uniq crashes found, perf_score=172, exec_us=380, hits=161, map=259)...[0m
[1;94m[*] [0mFuzzing test case #375 (896 total, 0 uniq crashes found, perf_score=114, exec_us=398, hits=73, map=337)...[0m
[1;94m[*] [0mFuzzing test case #527 (896 total, 0 uniq crashes found, perf_score=229, exec_us=416, hits=204, map=270)...[0m
[1;94m[*] [0mFuzzing test case #173 (896 total, 0 uniq crashes found, perf_score=114, exec_us=329, hits=684, map=515)...[0m
[1;94m[*] [0mFuzzing test case #75 (896 total, 0 uniq crashes found, perf_score=258, exec_us=433, hits=4, map=233)...[0m
[1;94m[*] [0mFuzzing test case #533 (896 total, 0 uniq crashes found, perf_score=229, exec_us=326, hits=4491, map=308)...[0m
[1;94m[*] [0mFuzzing test case #347 (896 total, 0 uniq crashes found, perf_score=114, exec_us=475, hits=33, map=503)...[0m
[1;94m[*] [0mFuzzing test case #587 (896 total, 0 uniq crashes found, perf_score=114, exec_us=395, hits=148, map=486)...[0m
[1;94m[*] [0mFuzzing test case #810 (896 total, 0 uniq crashes found, perf_score=229, exec_us=323, hits=111, map=304)...[0m
[1;94m[*] [0mFuzzing test case #358 (896 total, 0 uniq crashes found, perf_score=229, exec_us=345, hits=436, map=508)...[0m
[1;94m[*] [0mFuzzing test case #640 (896 total, 0 uniq crashes found, perf_score=459, exec_us=354, hits=2, map=272)...[0m
[1;94m[*] [0mFuzzing test case #866 (896 total, 0 uniq crashes found, perf_score=345, exec_us=345, hits=300, map=275)...[0m
[1;94m[*] [0mFuzzing test case #636 (896 total, 0 uniq crashes found, perf_score=919, exec_us=329, hits=2, map=287)...[0m
[1;94m[*] [0mFuzzing test case #619 (896 total, 0 uniq crashes found, perf_score=229, exec_us=525, hits=191, map=290)...[0m
[1;94m[*] [0mFuzzing test case #857 (896 total, 0 uniq crashes found, perf_score=345, exec_us=396, hits=1240, map=282)...[0m
[1;94m[*] [0mFuzzing test case #115 (896 total, 0 uniq crashes found, perf_score=114, exec_us=364, hits=59, map=322)...[0m
[1;94m[*] [0mFuzzing test case #730 (896 total, 0 uniq crashes found, perf_score=690, exec_us=343, hits=3, map=260)...[0m
[1;94m[*] [0mFuzzing test case #560 (896 total, 0 uniq crashes found, perf_score=229, exec_us=402, hits=65, map=499)...[0m
[1;94m[*] [0mFuzzing test case #640 (896 total, 0 uniq crashes found, perf_score=459, exec_us=354, hits=3, map=272)...[0m
[1;94m[*] [0mFuzzing test case #313 (897 total, 0 uniq crashes found, perf_score=229, exec_us=340, hits=2408, map=275)...[0m
[1;94m[*] [0mFuzzing test case #611 (897 total, 0 uniq crashes found, perf_score=229, exec_us=339, hits=160, map=498)...[0m
[1;94m[*] [0mFuzzing test case #681 (897 total, 0 uniq crashes found, perf_score=229, exec_us=354, hits=3576, map=484)...[0m
[1;94m[*] [0mFuzzing test case #723 (897 total, 0 uniq crashes found, perf_score=172, exec_us=458, hits=292, map=255)...[0m
[1;94m[*] [0mFuzzing test case #334 (897 total, 0 uniq crashes found, perf_score=690, exec_us=340, hits=27, map=535)...[0m
[1;94m[*] [0mFuzzing test case #73 (898 total, 0 uniq crashes found, perf_score=258, exec_us=483, hits=13, map=234)...[0m
[1;94m[*] [0mFuzzing test case #527 (898 total, 0 uniq crashes found, perf_score=229, exec_us=416, hits=280, map=270)...[0m
[1;94m[*] [0mFuzzing test case #240 (900 total, 0 uniq crashes found, perf_score=114, exec_us=334, hits=185, map=494)...[0m
[1;94m[*] [0mFuzzing test case #115 (900 total, 0 uniq crashes found, perf_score=114, exec_us=364, hits=62, map=322)...[0m
[1;94m[*] [0mFuzzing test case #636 (900 total, 0 uniq crashes found, perf_score=919, exec_us=329, hits=2, map=287)...[0m
[1;94m[*] [0mFuzzing test case #370 (900 total, 0 uniq crashes found, perf_score=114, exec_us=439, hits=615, map=335)...[0m
[1;94m[*] [0mFuzzing test case #504 (900 total, 0 uniq crashes found, perf_score=459, exec_us=547, hits=2, map=322)...[0m
[1;94m[*] [0mFuzzing test case #240 (900 total, 0 uniq crashes found, perf_score=114, exec_us=334, hits=190, map=494)...[0m
[1;94m[*] [0mFuzzing test case #334 (900 total, 0 uniq crashes found, perf_score=690, exec_us=340, hits=29, map=535)...[0m
[1;94m[*] [0mFuzzing test case #240 (900 total, 0 uniq crashes found, perf_score=114, exec_us=334, hits=191, map=494)...[0m
[1;94m[*] [0mFuzzing test case #227 (900 total, 0 uniq crashes found, perf_score=172, exec_us=406, hits=411, map=226)...[0m
[1;94m[*] [0mFuzzing test case #240 (900 total, 0 uniq crashes found, perf_score=114, exec_us=334, hits=193, map=494)...[0m
[1;94m[*] [0mFuzzing test case #334 (900 total, 0 uniq crashes found, perf_score=690, exec_us=340, hits=66, map=535)...[0m
[1;94m[*] [0mFuzzing test case #759 (900 total, 0 uniq crashes found, perf_score=172, exec_us=389, hits=122, map=548)...[0m
[1;94m[*] [0mFuzzing test case #810 (900 total, 0 uniq crashes found, perf_score=229, exec_us=323, hits=145, map=304)...[0m
[1;94m[*] [0mFuzzing test case #334 (900 total, 0 uniq crashes found, perf_score=690, exec_us=340, hits=78, map=535)...[0m
[1;94m[*] [0mFuzzing test case #866 (900 total, 0 uniq crashes found, perf_score=345, exec_us=345, hits=451, map=275)...[0m
[1;94m[*] [0mFuzzing test case #788 (900 total, 0 uniq crashes found, perf_score=229, exec_us=362, hits=823, map=269)...[0m
[1;94m[*] [0mFuzzing test case #824 (900 total, 0 uniq crashes found, perf_score=345, exec_us=418, hits=657, map=269)...[0m
[1;94m[*] [0mFuzzing test case #334 (900 total, 0 uniq crashes found, perf_score=690, exec_us=340, hits=97, map=535)...[0m
[1;94m[*] [0mFuzzing test case #229 (900 total, 0 uniq crashes found, perf_score=172, exec_us=444, hits=198, map=227)...[0m
[1;94m[*] [0mFuzzing test case #843 (900 total, 0 uniq crashes found, perf_score=229, exec_us=395, hits=186, map=325)...[0m
[1;94m[*] [0mFuzzing test case #240 (900 total, 0 uniq crashes found, perf_score=114, exec_us=334, hits=198, map=494)...[0m
[1;94m[*] [0mFuzzing test case #726 (900 total, 0 uniq crashes found, perf_score=229, exec_us=536, hits=1273, map=269)...[0m
[1;94m[*] [0mFuzzing test case #694 (900 total, 0 uniq crashes found, perf_score=200, exec_us=325, hits=6, map=290)...[0m
[1;94m[*] [0mFuzzing test case #563 (901 total, 0 uniq crashes found, perf_score=114, exec_us=347, hits=1027, map=289)...[0m
[1;94m[*] [0mFuzzing test case #112 (901 total, 0 uniq crashes found, perf_score=258, exec_us=361, hits=4, map=234)...[0m
[1;94m[*] [0mFuzzing test case #636 (901 total, 0 uniq crashes found, perf_score=919, exec_us=329, hits=2, map=287)...[0m
[1;94m[*] [0mFuzzing test case #334 (901 total, 0 uniq crashes found, perf_score=345, exec_us=340, hits=97, map=535)...[0m
[1;94m[*] [0mFuzzing test case #564 (901 total, 0 uniq crashes found, perf_score=114, exec_us=403, hits=140, map=528)...[0m
[1;94m[*] [0mFuzzing test case #839 (901 total, 0 uniq crashes found, perf_score=345, exec_us=349, hits=115, map=318)...[0m
[1;94m[*] [0mFuzzing test case #442 (901 total, 0 uniq crashes found, perf_score=114, exec_us=417, hits=172, map=285)...[0m
[1;94m[*] [0mFuzzing test case #227 (901 total, 0 uniq crashes found, perf_score=172, exec_us=406, hits=494, map=226)...[0m
[1;94m[*] [0mFuzzing test case #240 (901 total, 0 uniq crashes found, perf_score=114, exec_us=334, hits=201, map=494)...[0m
[1;94m[*] [0mFuzzing test case #810 (901 total, 0 uniq crashes found, perf_score=229, exec_us=323, hits=190, map=304)...[0m
[1;94m[*] [0mFuzzing test case #240 (901 total, 0 uniq crashes found, perf_score=114, exec_us=334, hits=206, map=494)...[0m
[1;94m[*] [0mFuzzing test case #240 (901 total, 0 uniq crashes found, perf_score=114, exec_us=334, hits=208, map=494)...[0m
[1;94m[*] [0mFuzzing test case #491 (901 total, 0 uniq crashes found, perf_score=345, exec_us=378, hits=13, map=342)...[0m
[1;94m[*] [0mFuzzing test case #744 (901 total, 0 uniq crashes found, perf_score=229, exec_us=371, hits=156, map=313)...[0m
[1;94m[*] [0mFuzzing test case #604 (901 total, 0 uniq crashes found, perf_score=114, exec_us=379, hits=116, map=345)...[0m
[1;94m[*] [0mFuzzing test case #131 (901 total, 0 uniq crashes found, perf_score=345, exec_us=437, hits=10, map=432)...[0m
[1;94m[*] [0mFuzzing test case #611 (901 total, 0 uniq crashes found, perf_score=229, exec_us=339, hits=184, map=498)...[0m
[1;94m[*] [0mFuzzing test case #642 (902 total, 0 uniq crashes found, perf_score=229, exec_us=387, hits=193, map=488)...[0m
[1;94m[*] [0mFuzzing test case #473 (902 total, 0 uniq crashes found, perf_score=459, exec_us=322, hits=1, map=341)...[0m
[1;94m[*] [0mFuzzing test case #848 (902 total, 0 uniq crashes found, perf_score=345, exec_us=398, hits=138, map=319)...[0m
[1;94m[*] [0mFuzzing test case #553 (902 total, 0 uniq crashes found, perf_score=229, exec_us=505, hits=74, map=272)...[0m
[1;94m[*] [0mFuzzing test case #240 (902 total, 0 uniq crashes found, perf_score=114, exec_us=334, hits=213, map=494)...[0m
[1;94m[*] [0mFuzzing test case #171 (902 total, 0 uniq crashes found, perf_score=114, exec_us=374, hits=39, map=439)...[0m
[1;94m[*] [0mFuzzing test case #636 (902 total, 0 uniq crashes found, perf_score=919, exec_us=329, hits=2, map=287)...[0m
[1;94m[*] [0mFuzzing test case #636 (902 total, 0 uniq crashes found, perf_score=919, exec_us=329, hits=2, map=287)...[0m
[1;94m[*] [0mFuzzing test case #611 (902 total, 0 uniq crashes found, perf_score=229, exec_us=339, hits=214, map=498)...[0m
[1;94m[*] [0mFuzzing test case #240 (902 total, 0 uniq crashes found, perf_score=114, exec_us=334, hits=215, map=494)...[0m
[1;94m[*] [0mFuzzing test case #465 (902 total, 0 uniq crashes found, perf_score=114, exec_us=352, hits=46, map=295)...[0m
[1;94m[*] [0mFuzzing test case #130 (902 total, 0 uniq crashes found, perf_score=459, exec_us=583, hits=1, map=387)...[0m
[1;94m[*] [0mFuzzing test case #240 (902 total, 0 uniq crashes found, perf_score=114, exec_us=334, hits=216, map=494)...[0m
[1;94m[*] [0mFuzzing test case #681 (902 total, 0 uniq crashes found, perf_score=229, exec_us=354, hits=3640, map=484)...[0m
[1;94m[*] [0mFuzzing test case #132 (902 total, 0 uniq crashes found, perf_score=258, exec_us=335, hits=4, map=218)...[0m
[1;94m[*] [0mFuzzing test case #334 (902 total, 0 uniq crashes found, perf_score=345, exec_us=340, hits=97, map=535)...[0m
[1;94m[*] [0mFuzzing test case #672 (903 total, 0 uniq crashes found, perf_score=345, exec_us=345, hits=611, map=286)...[0m
[1;94m[*] [0mFuzzing test case #824 (903 total, 0 uniq crashes found, perf_score=345, exec_us=418, hits=734, map=269)...[0m
[1;94m[*] [0mFuzzing test case #894 (903 total, 0 uniq crashes found, perf_score=690, exec_us=332, hits=1, map=546)...[0m
[1;94m[*] [0mFuzzing test case #652 (904 total, 0 uniq crashes found, perf_score=114, exec_us=373, hits=118, map=277)...[0m
[1;94m[*] [0mFuzzing test case #582 (904 total, 0 uniq crashes found, perf_score=114, exec_us=447, hits=70, map=511)...[0m
[1;94m[*] [0mFuzzing test case #636 (904 total, 0 uniq crashes found, perf_score=919, exec_us=329, hits=2, map=287)...[0m
[1;94m[*] [0mFuzzing test case #611 (904 total, 0 uniq crashes found, perf_score=229, exec_us=339, hits=229, map=498)...[0m
[1;94m[*] [0mFuzzing test case #532 (905 total, 0 uniq crashes found, perf_score=229, exec_us=331, hits=612, map=273)...[0m
[1;94m[*] [0mFuzzing test case #240 (905 total, 0 uniq crashes found, perf_score=114, exec_us=334, hits=218, map=494)...[0m
[1;94m[*] [0mFuzzing test case #334 (905 total, 0 uniq crashes found, perf_score=345, exec_us=340, hits=104, map=535)...[0m
[1;94m[*] [0mFuzzing test case #636 (905 total, 0 uniq crashes found, perf_score=919, exec_us=329, hits=2, map=287)...[0m
[1;94m[*] [0mFuzzing test case #367 (905 total, 0 uniq crashes found, perf_score=100, exec_us=585, hits=6, map=335)...[0m
[1;94m[*] [0mFuzzing test case #649 (905 total, 0 uniq crashes found, perf_score=300, exec_us=437, hits=1, map=550)...[0m
[1;94m[*] [0mFuzzing test case #652 (905 total, 0 uniq crashes found, perf_score=114, exec_us=373, hits=160, map=277)...[0m
[1;94m[*] [0mFuzzing test case #287 (905 total, 0 uniq crashes found, perf_score=690, exec_us=345, hits=10, map=528)...[0m
[1;94m[*] [0mFuzzing test case #636 (905 total, 0 uniq crashes found, perf_score=919, exec_us=329, hits=2, map=287)...[0m
[1;94m[*] [0mFuzzing test case #364 (905 total, 0 uniq crashes found, perf_score=100, exec_us=530, hits=9, map=337)...[0m
[1;94m[*] [0mFuzzing test case #240 (905 total, 0 uniq crashes found, perf_score=114, exec_us=334, hits=223, map=494)...[0m
[1;94m[*] [0mFuzzing test case #240 (905 total, 0 uniq crashes found, perf_score=114, exec_us=334, hits=226, map=494)...[0m
[1;94m[*] [0mFuzzing test case #228 (905 total, 0 uniq crashes found, perf_score=172, exec_us=456, hits=80, map=227)...[0m
[1;94m[*] [0mFuzzing test case #240 (905 total, 0 uniq crashes found, perf_score=114, exec_us=334, hits=228, map=494)...[0m
[1;94m[*] [0mFuzzing test case #824 (905 total, 0 uniq crashes found, perf_score=345, exec_us=418, hits=833, map=269)...[0m
[1;94m[*] [0mFuzzing test case #516 (905 total, 0 uniq crashes found, perf_score=229, exec_us=358, hits=667, map=337)...[0m
[1;94m[*] [0mFuzzing test case #444 (905 total, 0 uniq crashes found, perf_score=172, exec_us=385, hits=209, map=547)...[0m
[1;94m[*] [0mFuzzing test case #636 (905 total, 0 uniq crashes found, perf_score=919, exec_us=329, hits=2, map=287)...[0m
[1;94m[*] [0mFuzzing test case #636 (905 total, 0 uniq crashes found, perf_score=919, exec_us=329, hits=3, map=287)...[0m
[1;94m[*] [0mFuzzing test case #903 (905 total, 0 uniq crashes found, perf_score=200, exec_us=527, hits=1, map=419)...[0m
[1;94m[*] [0mFuzzing test case #240 (906 total, 0 uniq crashes found, perf_score=114, exec_us=334, hits=229, map=494)...[0m
[1;94m[*] [0mFuzzing test case #240 (906 total, 0 uniq crashes found, perf_score=114, exec_us=334, hits=232, map=494)...[0m
[1;94m[*] [0mFuzzing test case #337 (906 total, 0 uniq crashes found, perf_score=114, exec_us=538, hits=62, map=503)...[0m
[1;94m[*] [0mFuzzing test case #808 (906 total, 0 uniq crashes found, perf_score=776, exec_us=332, hits=4, map=263)...[0m
[1;94m[*] [0mFuzzing test case #726 (906 total, 0 uniq crashes found, perf_score=229, exec_us=536, hits=1371, map=269)...[0m
[1;94m[*] [0mFuzzing test case #576 (906 total, 0 uniq crashes found, perf_score=200, exec_us=567, hits=20, map=484)...[0m
[1;94m[*] [0mFuzzing test case #672 (907 total, 0 uniq crashes found, perf_score=345, exec_us=345, hits=706, map=286)...[0m
[1;94m[*] [0mFuzzing test case #338 (907 total, 0 uniq crashes found, perf_score=114, exec_us=439, hits=62, map=503)...[0m
[1;94m[*] [0mFuzzing test case #636 (907 total, 0 uniq crashes found, perf_score=919, exec_us=329, hits=3, map=287)...[0m
[1;94m[*] [0mFuzzing test case #843 (907 total, 0 uniq crashes found, perf_score=229, exec_us=395, hits=251, map=325)...[0m
[1;94m[*] [0mFuzzing test case #533 (907 total, 0 uniq crashes found, perf_score=229, exec_us=326, hits=4550, map=308)...[0m
[1;94m[*] [0mFuzzing test case #822 (907 total, 0 uniq crashes found, perf_score=345, exec_us=350, hits=1290, map=274)...[0m
[1;94m[*] [0mFuzzing test case #532 (907 total, 0 uniq crashes found, perf_score=229, exec_us=331, hits=682, map=273)...[0m
[1;94m[*] [0mFuzzing test case #287 (907 total, 0 uniq crashes found, perf_score=690, exec_us=345, hits=10, map=528)...[0m
[1;94m[*] [0mFuzzing test case #672 (907 total, 0 uniq crashes found, perf_score=345, exec_us=345, hits=790, map=286)...[0m
[1;94m[*] [0mFuzzing test case #822 (907 total, 0 uniq crashes found, perf_score=345, exec_us=350, hits=1371, map=274)...[0m
[1;94m[*] [0mFuzzing test case #387 (907 total, 0 uniq crashes found, perf_score=100, exec_us=330, hits=1, map=337)...[0m
[1;94m[*] [0mFuzzing test case #39 (908 total, 0 uniq crashes found, perf_score=86, exec_us=458, hits=2223, map=213)...[0m
[1;94m[*] [0mFuzzing test case #636 (908 total, 0 uniq crashes found, perf_score=919, exec_us=329, hits=3, map=287)...[0m
[1;94m[*] [0mFuzzing test case #843 (908 total, 0 uniq crashes found, perf_score=229, exec_us=395, hits=311, map=325)...[0m
[1;94m[*] [0mFuzzing test case #905 (908 total, 0 uniq crashes found, perf_score=200, exec_us=408, hits=1, map=412)...[0m
[1;94m[*] [0mFuzzing test case #841 (909 total, 0 uniq crashes found, perf_score=690, exec_us=361, hits=24, map=273)...[0m
[1;94m[*] [0mFuzzing test case #908 (909 total, 0 uniq crashes found, perf_score=200, exec_us=503, hits=1, map=312)...[0m
[1;94m[*] [0mFuzzing test case #240 (909 total, 0 uniq crashes found, perf_score=114, exec_us=334, hits=232, map=494)...[0m
[1;94m[*] [0mFuzzing test case #240 (909 total, 0 uniq crashes found, perf_score=114, exec_us=334, hits=239, map=494)...[0m
[1;94m[*] [0mFuzzing test case #240 (909 total, 0 uniq crashes found, perf_score=114, exec_us=334, hits=243, map=494)...[0m
[1;94m[*] [0mFuzzing test case #334 (909 total, 0 uniq crashes found, perf_score=345, exec_us=340, hits=104, map=535)...[0m
[1;94m[*] [0mFuzzing test case #533 (909 total, 0 uniq crashes found, perf_score=229, exec_us=326, hits=4611, map=308)...[0m
[1;94m[*] [0mFuzzing test case #229 (909 total, 0 uniq crashes found, perf_score=172, exec_us=444, hits=304, map=227)...[0m
[1;94m[*] [0mFuzzing test case #358 (909 total, 0 uniq crashes found, perf_score=229, exec_us=345, hits=459, map=508)...[0m
[1;94m[*] [0mFuzzing test case #240 (909 total, 0 uniq crashes found, perf_score=114, exec_us=334, hits=248, map=494)...[0m
[1;94m[*] [0mFuzzing test case #636 (909 total, 0 uniq crashes found, perf_score=919, exec_us=329, hits=3, map=287)...[0m
[1;94m[*] [0mFuzzing test case #841 (909 total, 0 uniq crashes found, perf_score=690, exec_us=361, hits=29, map=273)...[0m
[1;94m[*] [0mFuzzing test case #240 (909 total, 0 uniq crashes found, perf_score=114, exec_us=334, hits=249, map=494)...[0m
[1;94m[*] [0mFuzzing test case #636 (909 total, 0 uniq crashes found, perf_score=919, exec_us=329, hits=3, map=287)...[0m
[1;94m[*] [0mFuzzing test case #564 (909 total, 0 uniq crashes found, perf_score=114, exec_us=403, hits=147, map=528)...[0m
[1;94m[*] [0mFuzzing test case #533 (909 total, 0 uniq crashes found, perf_score=229, exec_us=326, hits=4681, map=308)...[0m
[1;94m[*] [0mFuzzing test case #819 (909 total, 0 uniq crashes found, perf_score=1380, exec_us=358, hits=3, map=278)...[0m
[1;94m[*] [0mFuzzing test case #240 (909 total, 0 uniq crashes found, perf_score=114, exec_us=334, hits=252, map=494)...[0m
[1;94m[*] [0mFuzzing test case #857 (909 total, 0 uniq crashes found, perf_score=345, exec_us=396, hits=1374, map=282)...[0m
[1;94m[*] [0mFuzzing test case #334 (909 total, 0 uniq crashes found, perf_score=345, exec_us=340, hits=111, map=535)...[0m
[1;94m[*] [0mFuzzing test case #492 (909 total, 0 uniq crashes found, perf_score=459, exec_us=454, hits=1, map=481)...[0m
[1;94m[*] [0mFuzzing test case #636 (909 total, 0 uniq crashes found, perf_score=919, exec_us=329, hits=3, map=287)...[0m
[1;94m[*] [0mFuzzing test case #639 (909 total, 0 uniq crashes found, perf_score=172, exec_us=633, hits=100, map=319)...[0m
[1;94m[*] [0mFuzzing test case #533 (909 total, 0 uniq crashes found, perf_score=229, exec_us=326, hits=4762, map=308)...[0m
[1;94m[*] [0mFuzzing test case #334 (909 total, 0 uniq crashes found, perf_score=345, exec_us=340, hits=117, map=535)...[0m
[1;94m[*] [0mFuzzing test case #469 (909 total, 0 uniq crashes found, perf_score=114, exec_us=404, hits=158, map=500)...[0m
[1;94m[*] [0mFuzzing test case #229 (909 total, 0 uniq crashes found, perf_score=172, exec_us=444, hits=387, map=227)...[0m
[1;94m[*] [0mFuzzing test case #636 (909 total, 0 uniq crashes found, perf_score=919, exec_us=329, hits=3, map=287)...[0m
[1;94m[*] [0mFuzzing test case #240 (909 total, 0 uniq crashes found, perf_score=114, exec_us=334, hits=257, map=494)...[0m
[1;94m[*] [0mFuzzing test case #533 (910 total, 0 uniq crashes found, perf_score=229, exec_us=326, hits=4831, map=308)...[0m
[1;94m[*] [0mFuzzing test case #636 (910 total, 0 uniq crashes found, perf_score=919, exec_us=329, hits=3, map=287)...[0m
[1;94m[*] [0mFuzzing test case #592 (910 total, 0 uniq crashes found, perf_score=114, exec_us=509, hits=136, map=333)...[0m
[1;94m[*] [0mFuzzing test case #861 (910 total, 0 uniq crashes found, perf_score=345, exec_us=560, hits=517, map=286)...[0m
[1;94m[*] [0mFuzzing test case #347 (911 total, 0 uniq crashes found, perf_score=114, exec_us=475, hits=33, map=503)...[0m
[1;94m[*] [0mFuzzing test case #533 (911 total, 0 uniq crashes found, perf_score=229, exec_us=326, hits=4902, map=308)...[0m
[1;94m[*] [0mFuzzing test case #910 (911 total, 0 uniq crashes found, perf_score=400, exec_us=375, hits=1, map=286)...[0m
[1;94m[*] [0mFuzzing test case #287 (912 total, 0 uniq crashes found, perf_score=459, exec_us=345, hits=22, map=528)...[0m
[1;94m[*] [0mFuzzing test case #857 (912 total, 0 uniq crashes found, perf_score=345, exec_us=396, hits=1512, map=282)...[0m
[1;94m[*] [0mFuzzing test case #911 (912 total, 0 uniq crashes found, perf_score=400, exec_us=590, hits=3, map=286)...[0m
[1;94m[*] [0mFuzzing test case #851 (912 total, 0 uniq crashes found, perf_score=345, exec_us=343, hits=298, map=271)...[0m
[1;94m[*] [0mFuzzing test case #240 (912 total, 0 uniq crashes found, perf_score=114, exec_us=334, hits=262, map=494)...[0m
[1;94m[*] [0mFuzzing test case #866 (912 total, 0 uniq crashes found, perf_score=345, exec_us=345, hits=590, map=275)...[0m
[1;94m[*] [0mFuzzing test case #859 (912 total, 0 uniq crashes found, perf_score=345, exec_us=465, hits=1676, map=282)...[0m
[1;94m[*] [0mFuzzing test case #240 (912 total, 0 uniq crashes found, perf_score=114, exec_us=334, hits=264, map=494)...[0m
[1;94m[*] [0mFuzzing test case #810 (912 total, 0 uniq crashes found, perf_score=229, exec_us=323, hits=238, map=304)...[0m
[1;94m[*] [0mFuzzing test case #240 (912 total, 0 uniq crashes found, perf_score=114, exec_us=334, hits=266, map=494)...[0m
[1;94m[*] [0mFuzzing test case #744 (913 total, 0 uniq crashes found, perf_score=229, exec_us=371, hits=220, map=313)...[0m
[1;94m[*] [0mFuzzing test case #672 (913 total, 0 uniq crashes found, perf_score=345, exec_us=345, hits=862, map=286)...[0m
[1;94m[*] [0mFuzzing test case #563 (913 total, 0 uniq crashes found, perf_score=114, exec_us=347, hits=1068, map=289)...[0m
[1;94m[*] [0mFuzzing test case #843 (913 total, 0 uniq crashes found, perf_score=229, exec_us=395, hits=383, map=325)...[0m
[1;94m[*] [0mFuzzing test case #905 (913 total, 0 uniq crashes found, perf_score=229, exec_us=408, hits=182, map=412)...[0m
[1;94m[*] [0mFuzzing test case #553 (913 total, 0 uniq crashes found, perf_score=229, exec_us=505, hits=174, map=272)...[0m
[1;94m[*] [0mFuzzing test case #155 (913 total, 0 uniq crashes found, perf_score=459, exec_us=369, hits=1, map=525)...[0m
[1;94m[*] [0mFuzzing test case #133 (914 total, 0 uniq crashes found, perf_score=100, exec_us=340, hits=1, map=524)...[0m
[1;94m[*] [0mFuzzing test case #593 (914 total, 0 uniq crashes found, perf_score=459, exec_us=422, hits=2, map=304)...[0m
[1;94m[*] [0mFuzzing test case #636 (914 total, 0 uniq crashes found, perf_score=919, exec_us=329, hits=3, map=287)...[0m
[1;94m[*] [0mFuzzing test case #636 (914 total, 0 uniq crashes found, perf_score=919, exec_us=329, hits=4, map=287)...[0m
[1;94m[*] [0mFuzzing test case #240 (914 total, 0 uniq crashes found, perf_score=114, exec_us=334, hits=273, map=494)...[0m
[1;94m[*] [0mFuzzing test case #913 (914 total, 0 uniq crashes found, perf_score=100, exec_us=397, hits=1, map=495)...[0m
[1;94m[*] [0mFuzzing test case #636 (916 total, 0 uniq crashes found, perf_score=690, exec_us=329, hits=8, map=287)...[0m
[1;94m[*] [0mFuzzing test case #636 (916 total, 0 uniq crashes found, perf_score=690, exec_us=329, hits=8, map=287)...[0m
[1;94m[*] [0mFuzzing test case #240 (916 total, 0 uniq crashes found, perf_score=114, exec_us=334, hits=276, map=494)...[0m
[1;94m[*] [0mFuzzing test case #458 (916 total, 0 uniq crashes found, perf_score=114, exec_us=381, hits=179, map=530)...[0m
[1;94m[*] [0mFuzzing test case #334 (916 total, 0 uniq crashes found, perf_score=345, exec_us=340, hits=126, map=535)...[0m
[1;94m[*] [0mFuzzing test case #341 (916 total, 0 uniq crashes found, perf_score=114, exec_us=400, hits=68, map=509)...[0m
[1;94m[*] [0mFuzzing test case #240 (916 total, 0 uniq crashes found, perf_score=114, exec_us=334, hits=278, map=494)...[0m
[1;94m[*] [0mFuzzing test case #636 (916 total, 0 uniq crashes found, perf_score=690, exec_us=329, hits=8, map=287)...[0m
[1;94m[*] [0mFuzzing test case #681 (916 total, 0 uniq crashes found, perf_score=229, exec_us=354, hits=3704, map=484)...[0m
[1;94m[*] [0mFuzzing test case #227 (916 total, 0 uniq crashes found, perf_score=172, exec_us=406, hits=606, map=226)...[0m
[1;94m[*] [0mFuzzing test case #240 (916 total, 0 uniq crashes found, perf_score=114, exec_us=334, hits=280, map=494)...[0m
[1;94m[*] [0mFuzzing test case #49 (916 total, 0 uniq crashes found, perf_score=86, exec_us=385, hits=392, map=263)...[0m
[1;94m[*] [0mFuzzing test case #240 (916 total, 0 uniq crashes found, perf_score=114, exec_us=334, hits=283, map=494)...[0m
[1;94m[*] [0mFuzzing test case #115 (916 total, 0 uniq crashes found, perf_score=114, exec_us=364, hits=72, map=322)...[0m
[1;94m[*] [0mFuzzing test case #240 (916 total, 0 uniq crashes found, perf_score=114, exec_us=334, hits=285, map=494)...[0m
[1;94m[*] [0mFuzzing test case #220 (916 total, 0 uniq crashes found, perf_score=258, exec_us=501, hits=7, map=218)...[0m
[1;94m[*] [0mFuzzing test case #156 (916 total, 0 uniq crashes found, perf_score=345, exec_us=804, hits=1, map=517)...[0m
[1;94m[*] [0mFuzzing test case #75 (916 total, 0 uniq crashes found, perf_score=258, exec_us=433, hits=5, map=233)...[0m
[1;94m[*] [0mFuzzing test case #829 (916 total, 0 uniq crashes found, perf_score=345, exec_us=473, hits=409, map=271)...[0m
[1;94m[*] [0mFuzzing test case #636 (916 total, 0 uniq crashes found, perf_score=690, exec_us=329, hits=8, map=287)...[0m
[1;94m[*] [0mFuzzing test case #843 (916 total, 0 uniq crashes found, perf_score=229, exec_us=395, hits=436, map=325)...[0m
[1;94m[*] [0mFuzzing test case #173 (916 total, 0 uniq crashes found, perf_score=114, exec_us=329, hits=691, map=515)...[0m
[1;94m[*] [0mFuzzing test case #240 (916 total, 0 uniq crashes found, perf_score=114, exec_us=334, hits=289, map=494)...[0m
[1;94m[*] [0mFuzzing test case #636 (916 total, 0 uniq crashes found, perf_score=690, exec_us=329, hits=8, map=287)...[0m
[1;94m[*] [0mFuzzing test case #653 (916 total, 0 uniq crashes found, perf_score=229, exec_us=429, hits=54, map=491)...[0m
[1;94m[*] [0mFuzzing test case #533 (916 total, 0 uniq crashes found, perf_score=229, exec_us=326, hits=4951, map=308)...[0m
[1;94m[*] [0mFuzzing test case #636 (916 total, 0 uniq crashes found, perf_score=690, exec_us=329, hits=8, map=287)...[0m
[1;94m[*] [0mFuzzing test case #582 (916 total, 0 uniq crashes found, perf_score=114, exec_us=447, hits=82, map=511)...[0m
[1;94m[*] [0mFuzzing test case #833 (916 total, 0 uniq crashes found, perf_score=229, exec_us=351, hits=95, map=317)...[0m
[1;94m[*] [0mFuzzing test case #866 (916 total, 0 uniq crashes found, perf_score=345, exec_us=345, hits=717, map=275)...[0m
[1;94m[*] [0mFuzzing test case #334 (916 total, 0 uniq crashes found, perf_score=345, exec_us=340, hits=128, map=535)...[0m
[1;94m[*] [0mFuzzing test case #726 (916 total, 0 uniq crashes found, perf_score=229, exec_us=536, hits=1460, map=269)...[0m
[1;94m[*] [0mFuzzing test case #894 (916 total, 0 uniq crashes found, perf_score=690, exec_us=332, hits=1, map=546)...[0m
[1;94m[*] [0mFuzzing test case #827 (916 total, 0 uniq crashes found, perf_score=345, exec_us=452, hits=427, map=271)...[0m
[1;94m[*] [0mFuzzing test case #327 (916 total, 0 uniq crashes found, perf_score=229, exec_us=396, hits=71, map=439)...[0m
[1;94m[*] [0mFuzzing test case #563 (916 total, 0 uniq crashes found, perf_score=114, exec_us=347, hits=1125, map=289)...[0m
[1;94m[*] [0mFuzzing test case #859 (916 total, 0 uniq crashes found, perf_score=345, exec_us=465, hits=1833, map=282)...[0m
[1;94m[*] [0mFuzzing test case #365 (916 total, 0 uniq crashes found, perf_score=100, exec_us=567, hits=16, map=337)...[0m
[1;94m[*] [0mFuzzing test case #636 (916 total, 0 uniq crashes found, perf_score=690, exec_us=329, hits=8, map=287)...[0m
[1;94m[*] [0mFuzzing test case #347 (916 total, 0 uniq crashes found, perf_score=114, exec_us=475, hits=36, map=503)...[0m
[1;94m[*] [0mFuzzing test case #210 (916 total, 0 uniq crashes found, perf_score=258, exec_us=375, hits=6, map=218)...[0m
[1;94m[*] [0mFuzzing test case #636 (916 total, 0 uniq crashes found, perf_score=690, exec_us=329, hits=8, map=287)...[0m
[1;94m[*] [0mFuzzing test case #173 (916 total, 0 uniq crashes found, perf_score=114, exec_us=329, hits=700, map=515)...[0m
[1;94m[*] [0mFuzzing test case #636 (916 total, 0 uniq crashes found, perf_score=690, exec_us=329, hits=8, map=287)...[0m
[1;94m[*] [0mFuzzing test case #533 (916 total, 0 uniq crashes found, perf_score=229, exec_us=326, hits=5003, map=308)...[0m
[1;94m[*] [0mFuzzing test case #579 (916 total, 0 uniq crashes found, perf_score=114, exec_us=425, hits=84, map=511)...[0m
[1;94m[*] [0mFuzzing test case #173 (916 total, 0 uniq crashes found, perf_score=114, exec_us=329, hits=705, map=515)...[0m
[1;94m[*] [0mFuzzing test case #731 (916 total, 0 uniq crashes found, perf_score=459, exec_us=358, hits=16, map=272)...[0m
[1;94m[*] [0mFuzzing test case #533 (917 total, 0 uniq crashes found, perf_score=229, exec_us=326, hits=5058, map=308)...[0m
[1;94m[*] [0mFuzzing test case #352 (917 total, 0 uniq crashes found, perf_score=114, exec_us=514, hits=70, map=505)...[0m
[1;94m[*] [0mFuzzing test case #112 (917 total, 0 uniq crashes found, perf_score=258, exec_us=361, hits=12, map=234)...[0m
[1;94m[*] [0mFuzzing test case #843 (917 total, 0 uniq crashes found, perf_score=229, exec_us=395, hits=505, map=325)...[0m
[1;94m[*] [0mFuzzing test case #563 (917 total, 0 uniq crashes found, perf_score=114, exec_us=347, hits=1180, map=289)...[0m
[1;94m[*] [0mFuzzing test case #225 (917 total, 0 uniq crashes found, perf_score=172, exec_us=482, hits=85, map=226)...[0m
[1;94m[*] [0mFuzzing test case #819 (917 total, 0 uniq crashes found, perf_score=1035, exec_us=358, hits=4, map=278)...[0m
[1;94m[*] [0mFuzzing test case #636 (917 total, 0 uniq crashes found, perf_score=690, exec_us=329, hits=8, map=287)...[0m
[1;94m[*] [0mFuzzing test case #133 (917 total, 0 uniq crashes found, perf_score=229, exec_us=340, hits=30, map=524)...[0m
[1;94m[*] [0mFuzzing test case #334 (917 total, 0 uniq crashes found, perf_score=345, exec_us=340, hits=134, map=535)...[0m
[1;94m[*] [0mFuzzing test case #851 (917 total, 0 uniq crashes found, perf_score=345, exec_us=343, hits=381, map=271)...[0m
[1;94m[*] [0mFuzzing test case #115 (917 total, 0 uniq crashes found, perf_score=114, exec_us=364, hits=83, map=322)...[0m
[1;94m[*] [0mFuzzing test case #843 (917 total, 0 uniq crashes found, perf_score=229, exec_us=395, hits=566, map=325)...[0m
[1;94m[*] [0mFuzzing test case #611 (917 total, 0 uniq crashes found, perf_score=229, exec_us=339, hits=269, map=498)...[0m
[1;94m[*] [0mFuzzing test case #636 (917 total, 0 uniq crashes found, perf_score=690, exec_us=329, hits=8, map=287)...[0m
[1;94m[*] [0mFuzzing test case #550 (917 total, 0 uniq crashes found, perf_score=229, exec_us=520, hits=76, map=285)...[0m
[1;94m[*] [0mFuzzing test case #240 (917 total, 0 uniq crashes found, perf_score=114, exec_us=334, hits=290, map=494)...[0m
[1;94m[*] [0mFuzzing test case #527 (917 total, 0 uniq crashes found, perf_score=229, exec_us=416, hits=365, map=270)...[0m
[1;94m[*] [0mFuzzing test case #533 (917 total, 0 uniq crashes found, perf_score=229, exec_us=326, hits=5152, map=308)...[0m
[1;94m[*] [0mFuzzing test case #334 (917 total, 0 uniq crashes found, perf_score=345, exec_us=340, hits=134, map=535)...[0m
[1;94m[*] [0mFuzzing test case #240 (917 total, 0 uniq crashes found, perf_score=114, exec_us=334, hits=293, map=494)...[0m
[1;94m[*] [0mFuzzing test case #240 (917 total, 0 uniq crashes found, perf_score=114, exec_us=334, hits=298, map=494)...[0m
[1;94m[*] [0mFuzzing test case #866 (917 total, 0 uniq crashes found, perf_score=345, exec_us=345, hits=842, map=275)...[0m
[1;94m[*] [0mFuzzing test case #636 (917 total, 0 uniq crashes found, perf_score=690, exec_us=329, hits=8, map=287)...[0m
[1;94m[*] [0mFuzzing test case #587 (917 total, 0 uniq crashes found, perf_score=114, exec_us=395, hits=185, map=486)...[0m
[1;94m[*] [0mFuzzing test case #563 (917 total, 0 uniq crashes found, perf_score=114, exec_us=347, hits=1248, map=289)...[0m
[1;94m[*] [0mFuzzing test case #843 (917 total, 0 uniq crashes found, perf_score=229, exec_us=395, hits=629, map=325)...[0m
[1;94m[*] [0mFuzzing test case #815 (917 total, 0 uniq crashes found, perf_score=345, exec_us=399, hits=391, map=271)...[0m
[1;94m[*] [0mFuzzing test case #240 (917 total, 0 uniq crashes found, perf_score=114, exec_us=334, hits=300, map=494)...[0m
[1;94m[*] [0mFuzzing test case #173 (917 total, 0 uniq crashes found, perf_score=114, exec_us=329, hits=712, map=515)...[0m
[1;94m[*] [0mFuzzing test case #173 (917 total, 0 uniq crashes found, perf_score=114, exec_us=329, hits=717, map=515)...[0m
[1;94m[*] [0mFuzzing test case #133 (917 total, 0 uniq crashes found, perf_score=229, exec_us=340, hits=33, map=524)...[0m
[1;94m[*] [0mFuzzing test case #154 (917 total, 0 uniq crashes found, perf_score=114, exec_us=359, hits=47, map=274)...[0m
[1;94m[*] [0mFuzzing test case #115 (917 total, 0 uniq crashes found, perf_score=114, exec_us=364, hits=91, map=322)...[0m
[1;94m[*] [0mFuzzing test case #240 (917 total, 0 uniq crashes found, perf_score=114, exec_us=334, hits=302, map=494)...[0m
[1;94m[*] [0mFuzzing test case #462 (917 total, 0 uniq crashes found, perf_score=172, exec_us=445, hits=89, map=541)...[0m
[1;94m[*] [0mFuzzing test case #636 (917 total, 0 uniq crashes found, perf_score=690, exec_us=329, hits=8, map=287)...[0m
[1;94m[*] [0mFuzzing test case #334 (917 total, 0 uniq crashes found, perf_score=345, exec_us=340, hits=143, map=535)...[0m
[1;94m[*] [0mFuzzing test case #344 (917 total, 0 uniq crashes found, perf_score=114, exec_us=383, hits=102, map=503)...[0m
[1;94m[*] [0mFuzzing test case #819 (917 total, 0 uniq crashes found, perf_score=1035, exec_us=358, hits=9, map=278)...[0m
[1;94m[*] [0mFuzzing test case #636 (917 total, 0 uniq crashes found, perf_score=690, exec_us=329, hits=11, map=287)...[0m
[1;94m[*] [0mFuzzing test case #173 (917 total, 0 uniq crashes found, perf_score=114, exec_us=329, hits=722, map=515)...[0m
[1;94m[*] [0mFuzzing test case #792 (917 total, 0 uniq crashes found, perf_score=229, exec_us=379, hits=65, map=511)...[0m
[1;94m[*] [0mFuzzing test case #351 (917 total, 0 uniq crashes found, perf_score=114, exec_us=460, hits=35, map=503)...[0m
[1;94m[*] [0mFuzzing test case #527 (917 total, 0 uniq crashes found, perf_score=229, exec_us=416, hits=443, map=270)...[0m
[1;94m[*] [0mFuzzing test case #240 (917 total, 0 uniq crashes found, perf_score=114, exec_us=334, hits=306, map=494)...[0m
[1;94m[*] [0mFuzzing test case #334 (917 total, 0 uniq crashes found, perf_score=345, exec_us=340, hits=147, map=535)...[0m
[1;94m[*] [0mFuzzing test case #782 (917 total, 0 uniq crashes found, perf_score=229, exec_us=312, hits=101, map=313)...[0m
[1;94m[*] [0mFuzzing test case #553 (917 total, 0 uniq crashes found, perf_score=229, exec_us=505, hits=236, map=272)...[0m
[1;94m[*] [0mFuzzing test case #652 (917 total, 0 uniq crashes found, perf_score=114, exec_us=373, hits=196, map=277)...[0m
[1;94m[*] [0mFuzzing test case #636 (917 total, 0 uniq crashes found, perf_score=690, exec_us=329, hits=12, map=287)...[0m
[1;94m[*] [0mFuzzing test case #822 (917 total, 0 uniq crashes found, perf_score=345, exec_us=350, hits=1459, map=274)...[0m
[1;94m[*] [0mFuzzing test case #173 (917 total, 0 uniq crashes found, perf_score=114, exec_us=329, hits=727, map=515)...[0m
[1;94m[*] [0mFuzzing test case #240 (917 total, 0 uniq crashes found, perf_score=114, exec_us=334, hits=311, map=494)...[0m
[1;94m[*] [0mFuzzing test case #611 (917 total, 0 uniq crashes found, perf_score=229, exec_us=339, hits=294, map=498)...[0m
[1;94m[*] [0mFuzzing test case #866 (917 total, 0 uniq crashes found, perf_score=345, exec_us=345, hits=955, map=275)...[0m
[1;94m[*] [0mFuzzing test case #843 (917 total, 0 uniq crashes found, perf_score=229, exec_us=395, hits=689, map=325)...[0m
[1;94m[*] [0mFuzzing test case #533 (917 total, 0 uniq crashes found, perf_score=229, exec_us=326, hits=5216, map=308)...[0m
[1;94m[*] [0mFuzzing test case #240 (917 total, 0 uniq crashes found, perf_score=114, exec_us=334, hits=315, map=494)...[0m
[1;94m[*] [0mFuzzing test case #224 (917 total, 0 uniq crashes found, perf_score=172, exec_us=594, hits=200, map=227)...[0m
[1;94m[*] [0mFuzzing test case #636 (917 total, 0 uniq crashes found, perf_score=690, exec_us=329, hits=12, map=287)...[0m
[1;94m[*] [0mFuzzing test case #173 (917 total, 0 uniq crashes found, perf_score=114, exec_us=329, hits=734, map=515)...[0m
[1;94m[*] [0mFuzzing test case #636 (917 total, 0 uniq crashes found, perf_score=690, exec_us=329, hits=12, map=287)...[0m
[1;94m[*] [0mFuzzing test case #636 (917 total, 0 uniq crashes found, perf_score=690, exec_us=329, hits=12, map=287)...[0m
[1;94m[*] [0mFuzzing test case #636 (918 total, 0 uniq crashes found, perf_score=690, exec_us=329, hits=12, map=287)...[0m
[1;94m[*] [0mFuzzing test case #819 (918 total, 0 uniq crashes found, perf_score=1035, exec_us=358, hits=11, map=278)...[0m
[1;94m[*] [0mFuzzing test case #810 (918 total, 0 uniq crashes found, perf_score=229, exec_us=323, hits=286, map=304)...[0m
[1;94m[*] [0mFuzzing test case #788 (918 total, 0 uniq crashes found, perf_score=229, exec_us=362, hits=921, map=269)...[0m
[1;94m[*] [0mFuzzing test case #240 (918 total, 0 uniq crashes found, perf_score=114, exec_us=334, hits=318, map=494)...[0m
[1;94m[*] [0mFuzzing test case #748 (918 total, 0 uniq crashes found, perf_score=229, exec_us=409, hits=93, map=312)...[0m
[1;94m[*] [0mFuzzing test case #636 (918 total, 0 uniq crashes found, perf_score=690, exec_us=329, hits=12, map=287)...[0m
[1;94m[*] [0mFuzzing test case #512 (918 total, 0 uniq crashes found, perf_score=345, exec_us=441, hits=8, map=312)...[0m
[1;94m[*] [0mFuzzing test case #653 (918 total, 0 uniq crashes found, perf_score=229, exec_us=429, hits=63, map=491)...[0m
[1;94m[*] [0mFuzzing test case #334 (919 total, 0 uniq crashes found, perf_score=345, exec_us=340, hits=157, map=535)...[0m
[1;94m[*] [0mFuzzing test case #226 (919 total, 0 uniq crashes found, perf_score=172, exec_us=465, hits=308, map=226)...[0m
[1;94m[*] [0mFuzzing test case #240 (919 total, 0 uniq crashes found, perf_score=114, exec_us=334, hits=319, map=494)...[0m
[1;94m[*] [0mFuzzing test case #636 (919 total, 0 uniq crashes found, perf_score=690, exec_us=329, hits=12, map=287)...[0m
[1;94m[*] [0mFuzzing test case #240 (919 total, 0 uniq crashes found, perf_score=114, exec_us=334, hits=323, map=494)...[0m
[1;94m[*] [0mFuzzing test case #636 (919 total, 0 uniq crashes found, perf_score=690, exec_us=329, hits=12, map=287)...[0m
[1;94m[*] [0mFuzzing test case #672 (919 total, 0 uniq crashes found, perf_score=345, exec_us=345, hits=944, map=286)...[0m
[1;94m[*] [0mFuzzing test case #240 (919 total, 0 uniq crashes found, perf_score=114, exec_us=334, hits=329, map=494)...[0m
[1;94m[*] [0mFuzzing test case #810 (920 total, 0 uniq crashes found, perf_score=229, exec_us=323, hits=343, map=304)...[0m
[1;94m[*] [0mFuzzing test case #636 (920 total, 0 uniq crashes found, perf_score=690, exec_us=329, hits=13, map=287)...[0m
[1;94m[*] [0mFuzzing test case #173 (920 total, 0 uniq crashes found, perf_score=114, exec_us=329, hits=742, map=515)...[0m
[1;94m[*] [0mFuzzing test case #865 (920 total, 0 uniq crashes found, perf_score=919, exec_us=361, hits=1, map=268)...[0m
[1;94m[*] [0mFuzzing test case #528 (921 total, 0 uniq crashes found, perf_score=229, exec_us=392, hits=72, map=273)...[0m
[1;94m[*] [0mFuzzing test case #843 (921 total, 0 uniq crashes found, perf_score=229, exec_us=395, hits=749, map=325)...[0m
[1;94m[*] [0mFuzzing test case #894 (921 total, 0 uniq crashes found, perf_score=690, exec_us=332, hits=1, map=546)...[0m
[1;94m[*] [0mFuzzing test case #240 (924 total, 0 uniq crashes found, perf_score=114, exec_us=334, hits=333, map=494)...[0m
[1;94m[*] [0mFuzzing test case #675 (924 total, 0 uniq crashes found, perf_score=200, exec_us=467, hits=4, map=498)...[0m
[1;94m[*] [0mFuzzing test case #240 (924 total, 0 uniq crashes found, perf_score=114, exec_us=334, hits=335, map=494)...[0m
[1;94m[*] [0mFuzzing test case #723 (924 total, 0 uniq crashes found, perf_score=172, exec_us=458, hits=367, map=255)...[0m
[1;94m[*] [0mFuzzing test case #750 (924 total, 0 uniq crashes found, perf_score=229, exec_us=344, hits=110, map=313)...[0m
[1;94m[*] [0mFuzzing test case #817 (924 total, 0 uniq crashes found, perf_score=258, exec_us=450, hits=1094, map=261)...[0m
[1;94m[*] [0mFuzzing test case #533 (924 total, 0 uniq crashes found, perf_score=229, exec_us=326, hits=5273, map=308)...[0m
[1;94m[*] [0mFuzzing test case #263 (924 total, 0 uniq crashes found, perf_score=100, exec_us=595, hits=3, map=508)...[0m
[1;94m[*] [0mFuzzing test case #240 (924 total, 0 uniq crashes found, perf_score=114, exec_us=334, hits=337, map=494)...[0m
[1;94m[*] [0mFuzzing test case #640 (924 total, 0 uniq crashes found, perf_score=345, exec_us=354, hits=5, map=272)...[0m
[1;94m[*] [0mFuzzing test case #533 (924 total, 0 uniq crashes found, perf_score=229, exec_us=326, hits=5333, map=308)...[0m
[1;94m[*] [0mFuzzing test case #644 (924 total, 0 uniq crashes found, perf_score=200, exec_us=444, hits=1, map=504)...[0m
[1;94m[*] [0mFuzzing test case #611 (925 total, 0 uniq crashes found, perf_score=229, exec_us=339, hits=310, map=498)...[0m
[1;94m[*] [0mFuzzing test case #866 (925 total, 0 uniq crashes found, perf_score=345, exec_us=345, hits=1089, map=275)...[0m
[1;94m[*] [0mFuzzing test case #240 (926 total, 0 uniq crashes found, perf_score=114, exec_us=334, hits=338, map=494)...[0m
[1;94m[*] [0mFuzzing test case #851 (926 total, 0 uniq crashes found, perf_score=345, exec_us=343, hits=457, map=271)...[0m
[1;94m[*] [0mFuzzing test case #579 (926 total, 0 uniq crashes found, perf_score=114, exec_us=425, hits=93, map=511)...[0m
[1;94m[*] [0mFuzzing test case #833 (926 total, 0 uniq crashes found, perf_score=229, exec_us=351, hits=143, map=317)...[0m
[1;94m[*] [0mFuzzing test case #334 (926 total, 0 uniq crashes found, perf_score=345, exec_us=340, hits=159, map=535)...[0m
[1;94m[*] [0mFuzzing test case #240 (926 total, 0 uniq crashes found, perf_score=114, exec_us=334, hits=340, map=494)...[0m
[1;94m[*] [0mFuzzing test case #533 (926 total, 0 uniq crashes found, perf_score=229, exec_us=326, hits=5400, map=308)...[0m
[1;94m[*] [0mFuzzing test case #810 (926 total, 0 uniq crashes found, perf_score=229, exec_us=323, hits=390, map=304)...[0m
[1;94m[*] [0mFuzzing test case #636 (926 total, 0 uniq crashes found, perf_score=690, exec_us=329, hits=13, map=287)...[0m
[1;94m[*] [0mFuzzing test case #636 (927 total, 0 uniq crashes found, perf_score=690, exec_us=329, hits=13, map=287)...[0m
[1;94m[*] [0mFuzzing test case #672 (927 total, 0 uniq crashes found, perf_score=345, exec_us=345, hits=1036, map=286)...[0m
[1;94m[*] [0mFuzzing test case #595 (927 total, 0 uniq crashes found, perf_score=100, exec_us=460, hits=2, map=476)...[0m
[1;94m[*] [0mFuzzing test case #636 (927 total, 0 uniq crashes found, perf_score=690, exec_us=329, hits=13, map=287)...[0m
[1;94m[*] [0mFuzzing test case #334 (927 total, 0 uniq crashes found, perf_score=345, exec_us=340, hits=159, map=535)...[0m
[1;94m[*] [0mFuzzing test case #340 (927 total, 0 uniq crashes found, perf_score=114, exec_us=378, hits=86, map=500)...[0m
[1;94m[*] [0mFuzzing test case #629 (927 total, 0 uniq crashes found, perf_score=150, exec_us=661, hits=6, map=291)...[0m
[1;94m[*] [0mFuzzing test case #611 (927 total, 0 uniq crashes found, perf_score=229, exec_us=339, hits=336, map=498)...[0m
[1;94m[*] [0mFuzzing test case #70 (927 total, 0 uniq crashes found, perf_score=75, exec_us=515, hits=47, map=248)...[0m
[1;94m[*] [0mFuzzing test case #920 (927 total, 0 uniq crashes found, perf_score=300, exec_us=542, hits=1, map=268)...[0m
[1;94m[*] [0mFuzzing test case #240 (927 total, 0 uniq crashes found, perf_score=114, exec_us=334, hits=345, map=494)...[0m
[1;94m[*] [0mFuzzing test case #373 (927 total, 0 uniq crashes found, perf_score=114, exec_us=390, hits=702, map=330)...[0m
[1;94m[*] [0mFuzzing test case #240 (927 total, 0 uniq crashes found, perf_score=114, exec_us=334, hits=350, map=494)...[0m
[1;94m[*] [0mFuzzing test case #240 (927 total, 0 uniq crashes found, perf_score=114, exec_us=334, hits=357, map=494)...[0m
[1;94m[*] [0mFuzzing test case #707 (927 total, 0 uniq crashes found, perf_score=229, exec_us=490, hits=115, map=266)...[0m
[1;94m[*] [0mFuzzing test case #187 (927 total, 0 uniq crashes found, perf_score=258, exec_us=415, hits=7, map=218)...[0m
[1;94m[*] [0mFuzzing test case #358 (927 total, 0 uniq crashes found, perf_score=229, exec_us=345, hits=503, map=508)...[0m
[1;94m[*] [0mFuzzing test case #672 (927 total, 0 uniq crashes found, perf_score=345, exec_us=345, hits=1128, map=286)...[0m
[1;94m[*] [0mFuzzing test case #480 (927 total, 0 uniq crashes found, perf_score=172, exec_us=386, hits=59, map=534)...[0m
[1;94m[*] [0mFuzzing test case #334 (927 total, 0 uniq crashes found, perf_score=345, exec_us=340, hits=159, map=535)...[0m
[1;94m[*] [0mFuzzing test case #454 (927 total, 0 uniq crashes found, perf_score=172, exec_us=438, hits=145, map=534)...[0m
[1;94m[*] [0mFuzzing test case #653 (927 total, 0 uniq crashes found, perf_score=229, exec_us=429, hits=71, map=491)...[0m
[1;94m[*] [0mFuzzing test case #636 (928 total, 0 uniq crashes found, perf_score=690, exec_us=329, hits=13, map=287)...[0m
[1;94m[*] [0mFuzzing test case #533 (928 total, 0 uniq crashes found, perf_score=229, exec_us=326, hits=5474, map=308)...[0m
[1;94m[*] [0mFuzzing test case #50 (928 total, 0 uniq crashes found, perf_score=114, exec_us=380, hits=211, map=271)...[0m
[1;94m[*] [0mFuzzing test case #240 (928 total, 0 uniq crashes found, perf_score=114, exec_us=334, hits=358, map=494)...[0m
[1;94m[*] [0mFuzzing test case #672 (928 total, 0 uniq crashes found, perf_score=345, exec_us=345, hits=1243, map=286)...[0m
[1;94m[*] [0mFuzzing test case #636 (928 total, 0 uniq crashes found, perf_score=690, exec_us=329, hits=13, map=287)...[0m
[1;94m[*] [0mFuzzing test case #563 (928 total, 0 uniq crashes found, perf_score=114, exec_us=347, hits=1283, map=289)...[0m
[1;94m[*] [0mFuzzing test case #334 (928 total, 0 uniq crashes found, perf_score=345, exec_us=340, hits=164, map=535)...[0m
[1;94m[*] [0mFuzzing test case #672 (928 total, 0 uniq crashes found, perf_score=345, exec_us=345, hits=1340, map=286)...[0m
[1;94m[*] [0mFuzzing test case #533 (928 total, 0 uniq crashes found, perf_score=229, exec_us=326, hits=5551, map=308)...[0m
[1;94m[*] [0mFuzzing test case #240 (928 total, 0 uniq crashes found, perf_score=114, exec_us=334, hits=360, map=494)...[0m
[1;94m[*] [0mFuzzing test case #636 (928 total, 0 uniq crashes found, perf_score=690, exec_us=329, hits=14, map=287)...[0m
[1;94m[*] [0mFuzzing test case #225 (928 total, 0 uniq crashes found, perf_score=172, exec_us=482, hits=162, map=226)...[0m
[1;94m[*] [0mFuzzing test case #636 (928 total, 0 uniq crashes found, perf_score=690, exec_us=329, hits=14, map=287)...[0m
[1;94m[*] [0mFuzzing test case #133 (928 total, 0 uniq crashes found, perf_score=114, exec_us=340, hits=40, map=524)...[0m
[1;94m[*] [0mFuzzing test case #240 (928 total, 0 uniq crashes found, perf_score=114, exec_us=334, hits=361, map=494)...[0m
[1;94m[*] [0mFuzzing test case #636 (928 total, 0 uniq crashes found, perf_score=690, exec_us=329, hits=14, map=287)...[0m
[1;94m[*] [0mFuzzing test case #334 (928 total, 0 uniq crashes found, perf_score=345, exec_us=340, hits=173, map=535)...[0m
[1;94m[*] [0mFuzzing test case #375 (928 total, 0 uniq crashes found, perf_score=114, exec_us=398, hits=97, map=337)...[0m
[1;94m[*] [0mFuzzing test case #826 (928 total, 0 uniq crashes found, perf_score=1380, exec_us=383, hits=1, map=311)...[0m
[1;94m[*] [0mFuzzing test case #240 (928 total, 0 uniq crashes found, perf_score=114, exec_us=334, hits=363, map=494)...[0m
[1;94m[*] [0mFuzzing test case #563 (928 total, 0 uniq crashes found, perf_score=114, exec_us=347, hits=1334, map=289)...[0m
[1;94m[*] [0mFuzzing test case #431 (928 total, 0 uniq crashes found, perf_score=345, exec_us=395, hits=129, map=537)...[0m
[1;94m[*] [0mFuzzing test case #636 (928 total, 0 uniq crashes found, perf_score=690, exec_us=329, hits=14, map=287)...[0m
[1;94m[*] [0mFuzzing test case #843 (928 total, 0 uniq crashes found, perf_score=229, exec_us=395, hits=816, map=325)...[0m
[1;94m[*] [0mFuzzing test case #115 (928 total, 0 uniq crashes found, perf_score=114, exec_us=364, hits=94, map=322)...[0m
[1;94m[*] [0mFuzzing test case #240 (928 total, 0 uniq crashes found, perf_score=114, exec_us=334, hits=366, map=494)...[0m
[1;94m[*] [0mFuzzing test case #173 (928 total, 0 uniq crashes found, perf_score=114, exec_us=329, hits=750, map=515)...[0m
[1;94m[*] [0mFuzzing test case #636 (928 total, 0 uniq crashes found, perf_score=690, exec_us=329, hits=14, map=287)...[0m
[1;94m[*] [0mFuzzing test case #691 (928 total, 0 uniq crashes found, perf_score=114, exec_us=405, hits=68, map=527)...[0m
[1;94m[*] [0mFuzzing test case #653 (928 total, 0 uniq crashes found, perf_score=229, exec_us=429, hits=89, map=491)...[0m
[1;94m[*] [0mFuzzing test case #545 (928 total, 0 uniq crashes found, perf_score=229, exec_us=456, hits=93, map=295)...[0m
[1;94m[*] [0mFuzzing test case #479 (928 total, 0 uniq crashes found, perf_score=459, exec_us=386, hits=1, map=321)...[0m
[1;94m[*] [0mFuzzing test case #636 (928 total, 0 uniq crashes found, perf_score=690, exec_us=329, hits=15, map=287)...[0m
[1;94m[*] [0mFuzzing test case #240 (928 total, 0 uniq crashes found, perf_score=114, exec_us=334, hits=370, map=494)...[0m
[1;94m[*] [0mFuzzing test case #240 (928 total, 0 uniq crashes found, perf_score=114, exec_us=334, hits=375, map=494)...[0m
[1;94m[*] [0mFuzzing test case #240 (928 total, 0 uniq crashes found, perf_score=114, exec_us=334, hits=376, map=494)...[0m
[1;94m[*] [0mFuzzing test case #533 (928 total, 0 uniq crashes found, perf_score=229, exec_us=326, hits=5610, map=308)...[0m
[1;94m[*] [0mFuzzing test case #782 (928 total, 0 uniq crashes found, perf_score=229, exec_us=312, hits=162, map=313)...[0m
[1;94m[*] [0mFuzzing test case #533 (928 total, 0 uniq crashes found, perf_score=229, exec_us=326, hits=5684, map=308)...[0m
[1;94m[*] [0mFuzzing test case #131 (928 total, 0 uniq crashes found, perf_score=229, exec_us=437, hits=27, map=432)...[0m
[1;94m[*] [0mFuzzing test case #819 (928 total, 0 uniq crashes found, perf_score=1035, exec_us=358, hits=12, map=278)...[0m
[1;94m[*] [0mFuzzing test case #533 (928 total, 0 uniq crashes found, perf_score=229, exec_us=326, hits=5746, map=308)...[0m
[1;94m[*] [0mFuzzing test case #370 (928 total, 0 uniq crashes found, perf_score=114, exec_us=439, hits=642, map=335)...[0m
[1;94m[*] [0mFuzzing test case #725 (928 total, 0 uniq crashes found, perf_score=229, exec_us=376, hits=808, map=269)...[0m
[1;94m[*] [0mFuzzing test case #240 (928 total, 0 uniq crashes found, perf_score=114, exec_us=334, hits=380, map=494)...[0m
[1;94m[*] [0mFuzzing test case #240 (928 total, 0 uniq crashes found, perf_score=114, exec_us=334, hits=383, map=494)...[0m
[1;94m[*] [0mFuzzing test case #469 (928 total, 0 uniq crashes found, perf_score=114, exec_us=404, hits=188, map=500)...[0m
[1;94m[*] [0mFuzzing test case #173 (928 total, 0 uniq crashes found, perf_score=114, exec_us=329, hits=756, map=515)...[0m
[1;94m[*] [0mFuzzing test case #636 (928 total, 0 uniq crashes found, perf_score=690, exec_us=329, hits=15, map=287)...[0m
[1;94m[*] [0mFuzzing test case #782 (928 total, 0 uniq crashes found, perf_score=229, exec_us=312, hits=222, map=313)...[0m
[1;94m[*] [0mFuzzing test case #808 (928 total, 0 uniq crashes found, perf_score=776, exec_us=332, hits=8, map=263)...[0m
[1;94m[*] [0mFuzzing test case #725 (928 total, 0 uniq crashes found, perf_score=229, exec_us=376, hits=897, map=269)...[0m
[1;94m[*] [0mFuzzing test case #240 (928 total, 0 uniq crashes found, perf_score=114, exec_us=334, hits=383, map=494)...[0m
[1;94m[*] [0mFuzzing test case #240 (928 total, 0 uniq crashes found, perf_score=114, exec_us=334, hits=383, map=494)...[0m
[1;94m[*] [0mFuzzing test case #810 (928 total, 0 uniq crashes found, perf_score=229, exec_us=323, hits=448, map=304)...[0m
[1;94m[*] [0mFuzzing test case #287 (928 total, 0 uniq crashes found, perf_score=229, exec_us=345, hits=39, map=528)...[0m
[1;94m[*] [0mFuzzing test case #636 (928 total, 0 uniq crashes found, perf_score=690, exec_us=329, hits=16, map=287)...[0m
[1;94m[*] [0mFuzzing test case #862 (928 total, 0 uniq crashes found, perf_score=229, exec_us=326, hits=157, map=307)...[0m
[1;94m[*] [0mFuzzing test case #636 (928 total, 0 uniq crashes found, perf_score=690, exec_us=329, hits=16, map=287)...[0m
[1;94m[*] [0mFuzzing test case #174 (928 total, 0 uniq crashes found, perf_score=114, exec_us=328, hits=32, map=281)...[0m
[1;94m[*] [0mFuzzing test case #732 (928 total, 0 uniq crashes found, perf_score=229, exec_us=365, hits=134, map=311)...[0m
[1;94m[*] [0mFuzzing test case #778 (928 total, 0 uniq crashes found, perf_score=229, exec_us=318, hits=95, map=314)...[0m
[1;94m[*] [0mFuzzing test case #810 (928 total, 0 uniq crashes found, perf_score=229, exec_us=323, hits=484, map=304)...[0m
[1;94m[*] [0mFuzzing test case #358 (928 total, 0 uniq crashes found, perf_score=229, exec_us=345, hits=534, map=508)...[0m
[1;94m[*] [0mFuzzing test case #640 (928 total, 0 uniq crashes found, perf_score=345, exec_us=354, hits=8, map=272)...[0m
[1;94m[*] [0mFuzzing test case #822 (928 total, 0 uniq crashes found, perf_score=345, exec_us=350, hits=1537, map=274)...[0m
[1;94m[*] [0mFuzzing test case #235 (928 total, 0 uniq crashes found, perf_score=114, exec_us=366, hits=159, map=495)...[0m
[1;94m[*] [0mFuzzing test case #154 (928 total, 0 uniq crashes found, perf_score=114, exec_us=359, hits=58, map=274)...[0m
[1;94m[*] [0mFuzzing test case #240 (928 total, 0 uniq crashes found, perf_score=114, exec_us=334, hits=384, map=494)...[0m
[1;94m[*] [0mFuzzing test case #240 (928 total, 0 uniq crashes found, perf_score=114, exec_us=334, hits=392, map=494)...[0m
[1;94m[*] [0mEntering queue cycle 2.[0m
[1;94m[*] [0mFuzzing test case #322 (928 total, 0 uniq crashes found, perf_score=345, exec_us=353, hits=84, map=545)...[0m
[1;94m[*] [0mFuzzing test case #39 (928 total, 0 uniq crashes found, perf_score=86, exec_us=458, hits=2981, map=213)...[0m
[1;94m[*] [0mFuzzing test case #183 (928 total, 0 uniq crashes found, perf_score=229, exec_us=410, hits=31, map=323)...[0m
[1;94m[*] [0mFuzzing test case #653 (928 total, 0 uniq crashes found, perf_score=229, exec_us=429, hits=97, map=491)...[0m
[1;94m[*] [0mFuzzing test case #750 (928 total, 0 uniq crashes found, perf_score=229, exec_us=344, hits=172, map=313)...[0m
[1;94m[*] [0mFuzzing test case #723 (928 total, 0 uniq crashes found, perf_score=172, exec_us=458, hits=445, map=255)...[0m
[1;94m[*] [0mFuzzing test case #611 (928 total, 0 uniq crashes found, perf_score=229, exec_us=339, hits=355, map=498)...[0m
[1;94m[*] [0mFuzzing test case #173 (928 total, 0 uniq crashes found, perf_score=114, exec_us=329, hits=764, map=515)...[0m
[1;94m[*] [0mFuzzing test case #369 (928 total, 0 uniq crashes found, perf_score=114, exec_us=396, hits=618, map=328)...[0m
[1;94m[*] [0mFuzzing test case #681 (928 total, 0 uniq crashes found, perf_score=229, exec_us=354, hits=3766, map=484)...[0m
[1;94m[*] [0mFuzzing test case #240 (928 total, 0 uniq crashes found, perf_score=114, exec_us=334, hits=395, map=494)...[0m
[1;94m[*] [0mFuzzing test case #240 (928 total, 0 uniq crashes found, perf_score=114, exec_us=334, hits=396, map=494)...[0m
[1;94m[*] [0mFuzzing test case #363 (928 total, 0 uniq crashes found, perf_score=114, exec_us=579, hits=232, map=324)...[0m
[1;94m[*] [0mFuzzing test case #243 (928 total, 0 uniq crashes found, perf_score=100, exec_us=450, hits=1, map=503)...[0m
[1;94m[*] [0mFuzzing test case #824 (930 total, 0 uniq crashes found, perf_score=345, exec_us=418, hits=911, map=269)...[0m
[1;94m[*] [0mFuzzing test case #819 (930 total, 0 uniq crashes found, perf_score=1035, exec_us=358, hits=14, map=278)...[0m
[1;94m[*] [0mFuzzing test case #894 (931 total, 0 uniq crashes found, perf_score=690, exec_us=332, hits=1, map=546)...[0m
[1;94m[*] [0mFuzzing test case #334 (931 total, 0 uniq crashes found, perf_score=345, exec_us=340, hits=173, map=535)...[0m
[1;94m[*] [0mFuzzing test case #865 (931 total, 0 uniq crashes found, perf_score=690, exec_us=361, hits=5, map=268)...[0m
[1;94m[*] [0mFuzzing test case #240 (931 total, 0 uniq crashes found, perf_score=114, exec_us=334, hits=401, map=494)...[0m
[1;94m[*] [0mFuzzing test case #747 (931 total, 0 uniq crashes found, perf_score=229, exec_us=409, hits=96, map=313)...[0m
[1;94m[*] [0mFuzzing test case #358 (931 total, 0 uniq crashes found, perf_score=229, exec_us=345, hits=554, map=508)...[0m
[1;94m[*] [0mFuzzing test case #115 (931 total, 0 uniq crashes found, perf_score=114, exec_us=364, hits=106, map=322)...[0m
[1;94m[*] [0mFuzzing test case #128 (931 total, 0 uniq crashes found, perf_score=172, exec_us=456, hits=21, map=218)...[0m
[1;94m[*] [0mFuzzing test case #866 (931 total, 0 uniq crashes found, perf_score=345, exec_us=345, hits=1252, map=275)...[0m
[1;94m[*] [0mFuzzing test case #640 (931 total, 0 uniq crashes found, perf_score=345, exec_us=354, hits=12, map=272)...[0m
[1;94m[*] [0mFuzzing test case #810 (932 total, 0 uniq crashes found, perf_score=229, exec_us=323, hits=539, map=304)...[0m
[1;94m[*] [0mFuzzing test case #240 (932 total, 0 uniq crashes found, perf_score=114, exec_us=334, hits=403, map=494)...[0m
[1;94m[*] [0mFuzzing test case #115 (932 total, 0 uniq crashes found, perf_score=114, exec_us=364, hits=110, map=322)...[0m
[1;94m[*] [0mFuzzing test case #49 (932 total, 0 uniq crashes found, perf_score=86, exec_us=385, hits=450, map=263)...[0m
[1;94m[*] [0mFuzzing test case #636 (932 total, 0 uniq crashes found, perf_score=459, exec_us=329, hits=16, map=287)...[0m
[1;94m[*] [0mFuzzing test case #636 (932 total, 0 uniq crashes found, perf_score=459, exec_us=329, hits=16, map=287)...[0m
[1;94m[*] [0mFuzzing test case #532 (932 total, 0 uniq crashes found, perf_score=229, exec_us=331, hits=732, map=273)...[0m
[1;94m[*] [0mFuzzing test case #491 (932 total, 0 uniq crashes found, perf_score=345, exec_us=378, hits=13, map=342)...[0m
[1;94m[*] [0mFuzzing test case #240 (932 total, 0 uniq crashes found, perf_score=114, exec_us=334, hits=405, map=494)...[0m
[1;94m[*] [0mFuzzing test case #636 (932 total, 0 uniq crashes found, perf_score=459, exec_us=329, hits=16, map=287)...[0m
[1;94m[*] [0mFuzzing test case #240 (932 total, 0 uniq crashes found, perf_score=114, exec_us=334, hits=410, map=494)...[0m
[1;94m[*] [0mFuzzing test case #173 (932 total, 0 uniq crashes found, perf_score=114, exec_us=329, hits=769, map=515)...[0m
[1;94m[*] [0mFuzzing test case #240 (932 total, 0 uniq crashes found, perf_score=114, exec_us=334, hits=416, map=494)...[0m
[1;94m[*] [0mFuzzing test case #240 (932 total, 0 uniq crashes found, perf_score=114, exec_us=334, hits=420, map=494)...[0m
[1;94m[*] [0mFuzzing test case #860 (932 total, 0 uniq crashes found, perf_score=345, exec_us=460, hits=443, map=286)...[0m
[1;94m[*] [0mFuzzing test case #580 (932 total, 0 uniq crashes found, perf_score=114, exec_us=436, hits=188, map=512)...[0m
[1;94m[*] [0mFuzzing test case #240 (932 total, 0 uniq crashes found, perf_score=114, exec_us=334, hits=425, map=494)...[0m
[1;94m[*] [0mFuzzing test case #636 (932 total, 0 uniq crashes found, perf_score=459, exec_us=329, hits=16, map=287)...[0m
[1;94m[*] [0mFuzzing test case #672 (932 total, 0 uniq crashes found, perf_score=345, exec_us=345, hits=1418, map=286)...[0m
[1;94m[*] [0mFuzzing test case #695 (932 total, 0 uniq crashes found, perf_score=200, exec_us=395, hits=4, map=292)...[0m
[1;94m[*] [0mFuzzing test case #252 (933 total, 0 uniq crashes found, perf_score=459, exec_us=380, hits=1, map=273)...[0m
[1;94m[*] [0mFuzzing test case #240 (933 total, 0 uniq crashes found, perf_score=114, exec_us=334, hits=430, map=494)...[0m
[1;94m[*] [0mFuzzing test case #240 (933 total, 0 uniq crashes found, perf_score=114, exec_us=334, hits=435, map=494)...[0m
[1;94m[*] [0mFuzzing test case #759 (933 total, 0 uniq crashes found, perf_score=90, exec_us=389, hits=165, map=548)...[0m
[1;94m[*] [0mFuzzing test case #76 (933 total, 0 uniq crashes found, perf_score=75, exec_us=456, hits=41, map=207)...[0m
[1;94m[*] [0mFuzzing test case #843 (933 total, 0 uniq crashes found, perf_score=229, exec_us=395, hits=872, map=325)...[0m
[1;94m[*] [0mFuzzing test case #240 (933 total, 0 uniq crashes found, perf_score=114, exec_us=334, hits=438, map=494)...[0m
[1;94m[*] [0mFuzzing test case #853 (933 total, 0 uniq crashes found, perf_score=345, exec_us=363, hits=280, map=271)...[0m
[1;94m[*] [0mFuzzing test case #932 (933 total, 0 uniq crashes found, perf_score=300, exec_us=346, hits=1, map=298)...[0m
[1;94m[*] [0mFuzzing test case #636 (934 total, 0 uniq crashes found, perf_score=459, exec_us=329, hits=16, map=287)...[0m
[1;94m[*] [0mFuzzing test case #636 (934 total, 0 uniq crashes found, perf_score=459, exec_us=329, hits=16, map=287)...[0m
[1;94m[*] [0mFuzzing test case #240 (934 total, 0 uniq crashes found, perf_score=114, exec_us=334, hits=441, map=494)...[0m
[1;94m[*] [0mFuzzing test case #652 (934 total, 0 uniq crashes found, perf_score=114, exec_us=373, hits=228, map=277)...[0m
[1;94m[*] [0mFuzzing test case #172 (934 total, 0 uniq crashes found, perf_score=345, exec_us=354, hits=1, map=221)...[0m
[1;94m[*] [0mFuzzing test case #810 (934 total, 0 uniq crashes found, perf_score=229, exec_us=323, hits=591, map=304)...[0m
[1;94m[*] [0mFuzzing test case #334 (934 total, 0 uniq crashes found, perf_score=345, exec_us=340, hits=179, map=535)...[0m
[1;94m[*] [0mFuzzing test case #639 (934 total, 0 uniq crashes found, perf_score=172, exec_us=633, hits=122, map=319)...[0m
[1;94m[*] [0mFuzzing test case #313 (934 total, 0 uniq crashes found, perf_score=229, exec_us=340, hits=2503, map=275)...[0m
[1;94m[*] [0mFuzzing test case #173 (934 total, 0 uniq crashes found, perf_score=114, exec_us=329, hits=779, map=515)...[0m
[1;94m[*] [0mFuzzing test case #822 (934 total, 0 uniq crashes found, perf_score=345, exec_us=350, hits=1634, map=274)...[0m
[1;94m[*] [0mFuzzing test case #240 (934 total, 0 uniq crashes found, perf_score=114, exec_us=334, hits=447, map=494)...[0m
[1;94m[*] [0mFuzzing test case #911 (934 total, 0 uniq crashes found, perf_score=459, exec_us=590, hits=1487, map=286)...[0m
[1;94m[*] [0mFuzzing test case #636 (934 total, 0 uniq crashes found, perf_score=459, exec_us=329, hits=16, map=287)...[0m
[1;94m[*] [0mFuzzing test case #563 (934 total, 0 uniq crashes found, perf_score=114, exec_us=347, hits=1378, map=289)...[0m
[1;94m[*] [0mFuzzing test case #215 (934 total, 0 uniq crashes found, perf_score=345, exec_us=369, hits=2, map=265)...[0m
[1;94m[*] [0mFuzzing test case #786 (934 total, 0 uniq crashes found, perf_score=229, exec_us=355, hits=86, map=313)...[0m
[1;94m[*] [0mFuzzing test case #636 (935 total, 0 uniq crashes found, perf_score=459, exec_us=329, hits=16, map=287)...[0m
[1;94m[*] [0mFuzzing test case #636 (935 total, 0 uniq crashes found, perf_score=459, exec_us=329, hits=17, map=287)...[0m
[1;94m[*] [0mFuzzing test case #636 (935 total, 0 uniq crashes found, perf_score=459, exec_us=329, hits=17, map=287)...[0m
[1;94m[*] [0mFuzzing test case #810 (935 total, 0 uniq crashes found, perf_score=229, exec_us=323, hits=622, map=304)...[0m
[1;94m[*] [0mFuzzing test case #322 (935 total, 0 uniq crashes found, perf_score=345, exec_us=353, hits=107, map=545)...[0m
[1;94m[*] [0mFuzzing test case #636 (935 total, 0 uniq crashes found, perf_score=459, exec_us=329, hits=18, map=287)...[0m
[1;94m[*] [0mFuzzing test case #340 (935 total, 0 uniq crashes found, perf_score=114, exec_us=378, hits=91, map=500)...[0m
[1;94m[*] [0mFuzzing test case #334 (935 total, 0 uniq crashes found, perf_score=345, exec_us=340, hits=184, map=535)...[0m
[1;94m[*] [0mFuzzing test case #592 (935 total, 0 uniq crashes found, perf_score=114, exec_us=509, hits=155, map=333)...[0m
[1;94m[*] [0mFuzzing test case #672 (936 total, 0 uniq crashes found, perf_score=345, exec_us=345, hits=1510, map=286)...[0m
[1;94m[*] [0mFuzzing test case #636 (936 total, 0 uniq crashes found, perf_score=459, exec_us=329, hits=19, map=287)...[0m
[1;94m[*] [0mFuzzing test case #345 (936 total, 0 uniq crashes found, perf_score=114, exec_us=433, hits=63, map=509)...[0m
[1;94m[*] [0mFuzzing test case #579 (936 total, 0 uniq crashes found, perf_score=114, exec_us=425, hits=100, map=511)...[0m
[1;94m[*] [0mFuzzing test case #681 (936 total, 0 uniq crashes found, perf_score=229, exec_us=354, hits=3805, map=484)...[0m
[1;94m[*] [0mFuzzing test case #843 (936 total, 0 uniq crashes found, perf_score=229, exec_us=395, hits=935, map=325)...[0m
[1;94m[*] [0mFuzzing test case #115 (936 total, 0 uniq crashes found, perf_score=114, exec_us=364, hits=114, map=322)...[0m
[1;94m[*] [0mFuzzing test case #636 (936 total, 0 uniq crashes found, perf_score=459, exec_us=329, hits=19, map=287)...[0m
[1;94m[*] [0mFuzzing test case #240 (936 total, 0 uniq crashes found, perf_score=114, exec_us=334, hits=451, map=494)...[0m
[1;94m[*] [0mFuzzing test case #240 (936 total, 0 uniq crashes found, perf_score=114, exec_us=334, hits=455, map=494)...[0m
[1;94m[*] [0mFuzzing test case #240 (936 total, 0 uniq crashes found, perf_score=114, exec_us=334, hits=458, map=494)...[0m
[1;94m[*] [0mFuzzing test case #227 (936 total, 0 uniq crashes found, perf_score=172, exec_us=406, hits=697, map=226)...[0m
[1;94m[*] [0mFuzzing test case #218 (936 total, 0 uniq crashes found, perf_score=400, exec_us=475, hits=2, map=500)...[0m
[1;94m[*] [0mFuzzing test case #653 (936 total, 0 uniq crashes found, perf_score=229, exec_us=429, hits=103, map=491)...[0m
[1;94m[*] [0mFuzzing test case #516 (938 total, 0 uniq crashes found, perf_score=229, exec_us=358, hits=699, map=337)...[0m
[1;94m[*] [0mFuzzing test case #681 (938 total, 0 uniq crashes found, perf_score=229, exec_us=354, hits=3873, map=484)...[0m
[1;94m[*] [0mFuzzing test case #240 (938 total, 0 uniq crashes found, perf_score=114, exec_us=334, hits=460, map=494)...[0m
[1;94m[*] [0mFuzzing test case #866 (938 total, 0 uniq crashes found, perf_score=345, exec_us=345, hits=1391, map=275)...[0m
[1;94m[*] [0mFuzzing test case #379 (938 total, 0 uniq crashes found, perf_score=100, exec_us=398, hits=2, map=337)...[0m
[1;94m[*] [0mFuzzing test case #334 (938 total, 0 uniq crashes found, perf_score=345, exec_us=340, hits=189, map=535)...[0m
[1;94m[*] [0mFuzzing test case #227 (938 total, 0 uniq crashes found, perf_score=172, exec_us=406, hits=775, map=226)...[0m
[1;94m[*] [0mFuzzing test case #240 (938 total, 0 uniq crashes found, perf_score=114, exec_us=334, hits=460, map=494)...[0m
[1;94m[*] [0mFuzzing test case #716 (938 total, 0 uniq crashes found, perf_score=172, exec_us=329, hits=84, map=259)...[0m
[1;94m[*] [0mFuzzing test case #636 (939 total, 0 uniq crashes found, perf_score=459, exec_us=329, hits=19, map=287)...[0m
[1;94m[*] [0mFuzzing test case #935 (939 total, 0 uniq crashes found, perf_score=100, exec_us=394, hits=1, map=338)...[0m
[1;94m[*] [0mFuzzing test case #393 (939 total, 0 uniq crashes found, perf_score=459, exec_us=418, hits=2, map=324)...[0m
[1;94m[*] [0mFuzzing test case #530 (939 total, 0 uniq crashes found, perf_score=229, exec_us=359, hits=187, map=274)...[0m
[1;94m[*] [0mFuzzing test case #480 (939 total, 0 uniq crashes found, perf_score=172, exec_us=386, hits=83, map=534)...[0m
[1;94m[*] [0mFuzzing test case #636 (939 total, 0 uniq crashes found, perf_score=459, exec_us=329, hits=19, map=287)...[0m
[1;94m[*] [0mFuzzing test case #240 (939 total, 0 uniq crashes found, perf_score=114, exec_us=334, hits=463, map=494)...[0m
[1;94m[*] [0mFuzzing test case #681 (939 total, 0 uniq crashes found, perf_score=229, exec_us=354, hits=3926, map=484)...[0m
[1;94m[*] [0mFuzzing test case #465 (939 total, 0 uniq crashes found, perf_score=114, exec_us=352, hits=46, map=295)...[0m
[1;94m[*] [0mFuzzing test case #636 (939 total, 0 uniq crashes found, perf_score=459, exec_us=329, hits=19, map=287)...[0m
[1;94m[*] [0mFuzzing test case #845 (939 total, 0 uniq crashes found, perf_score=345, exec_us=506, hits=454, map=271)...[0m
[1;94m[*] [0mFuzzing test case #334 (939 total, 0 uniq crashes found, perf_score=345, exec_us=340, hits=193, map=535)...[0m
[1;94m[*] [0mFuzzing test case #480 (939 total, 0 uniq crashes found, perf_score=172, exec_us=386, hits=100, map=534)...[0m
[1;94m[*] [0mFuzzing test case #843 (939 total, 0 uniq crashes found, perf_score=229, exec_us=395, hits=1003, map=325)...[0m
[1;94m[*] [0mFuzzing test case #715 (939 total, 0 uniq crashes found, perf_score=172, exec_us=388, hits=214, map=259)...[0m
[1;94m[*] [0mFuzzing test case #611 (939 total, 0 uniq crashes found, perf_score=229, exec_us=339, hits=377, map=498)...[0m
[1;94m[*] [0mFuzzing test case #604 (939 total, 0 uniq crashes found, perf_score=114, exec_us=379, hits=139, map=345)...[0m
[1;94m[*] [0mFuzzing test case #747 (939 total, 0 uniq crashes found, perf_score=229, exec_us=409, hits=137, map=313)...[0m
[1;94m[*] [0mFuzzing test case #334 (939 total, 0 uniq crashes found, perf_score=345, exec_us=340, hits=193, map=535)...[0m
[1;94m[*] [0mFuzzing test case #240 (939 total, 0 uniq crashes found, perf_score=114, exec_us=334, hits=465, map=494)...[0m
[1;94m[*] [0mFuzzing test case #894 (939 total, 0 uniq crashes found, perf_score=690, exec_us=332, hits=1, map=546)...[0m
[1;94m[*] [0mFuzzing test case #707 (939 total, 0 uniq crashes found, perf_score=229, exec_us=490, hits=217, map=266)...[0m
[1;94m[*] [0mFuzzing test case #788 (939 total, 0 uniq crashes found, perf_score=229, exec_us=362, hits=998, map=269)...[0m
[1;94m[*] [0mFuzzing test case #566 (939 total, 0 uniq crashes found, perf_score=100, exec_us=423, hits=70, map=476)...[0m
[1;94m[*] [0mFuzzing test case #636 (939 total, 0 uniq crashes found, perf_score=459, exec_us=329, hits=19, map=287)...[0m
[1;94m[*] [0mFuzzing test case #672 (939 total, 0 uniq crashes found, perf_score=345, exec_us=345, hits=1604, map=286)...[0m
[1;94m[*] [0mFuzzing test case #334 (939 total, 0 uniq crashes found, perf_score=345, exec_us=340, hits=193, map=535)...[0m
[1;94m[*] [0mFuzzing test case #224 (939 total, 0 uniq crashes found, perf_score=172, exec_us=594, hits=296, map=227)...[0m
[1;94m[*] [0mFuzzing test case #341 (939 total, 0 uniq crashes found, perf_score=114, exec_us=400, hits=70, map=509)...[0m
[1;94m[*] [0mFuzzing test case #636 (939 total, 0 uniq crashes found, perf_score=459, exec_us=329, hits=19, map=287)...[0m
[1;94m[*] [0mFuzzing test case #563 (939 total, 0 uniq crashes found, perf_score=114, exec_us=347, hits=1434, map=289)...[0m
[1;94m[*] [0mFuzzing test case #787 (939 total, 0 uniq crashes found, perf_score=919, exec_us=602, hits=2, map=279)...[0m
[1;94m[*] [0mFuzzing test case #724 (939 total, 0 uniq crashes found, perf_score=919, exec_us=340, hits=1, map=280)...[0m
[1;94m[*] [0mFuzzing test case #240 (939 total, 0 uniq crashes found, perf_score=114, exec_us=334, hits=468, map=494)...[0m
[1;94m[*] [0mFuzzing test case #579 (939 total, 0 uniq crashes found, perf_score=114, exec_us=425, hits=107, map=511)...[0m
[1;94m[*] [0mFuzzing test case #866 (939 total, 0 uniq crashes found, perf_score=345, exec_us=345, hits=1570, map=275)...[0m
[1;94m[*] [0mFuzzing test case #841 (939 total, 0 uniq crashes found, perf_score=345, exec_us=361, hits=64, map=273)...[0m
[1;94m[*] [0mFuzzing test case #636 (939 total, 0 uniq crashes found, perf_score=459, exec_us=329, hits=19, map=287)...[0m
[1;94m[*] [0mFuzzing test case #636 (939 total, 0 uniq crashes found, perf_score=459, exec_us=329, hits=19, map=287)...[0m
[1;94m[*] [0mFuzzing test case #334 (939 total, 0 uniq crashes found, perf_score=345, exec_us=340, hits=202, map=535)...[0m
[1;94m[*] [0mFuzzing test case #371 (939 total, 0 uniq crashes found, perf_score=114, exec_us=388, hits=459, map=329)...[0m
[1;94m[*] [0mFuzzing test case #822 (939 total, 0 uniq crashes found, perf_score=345, exec_us=350, hits=1713, map=274)...[0m
[1;94m[*] [0mFuzzing test case #636 (939 total, 0 uniq crashes found, perf_score=459, exec_us=329, hits=19, map=287)...[0m
[1;94m[*] [0mFuzzing test case #681 (939 total, 0 uniq crashes found, perf_score=229, exec_us=354, hits=3964, map=484)...[0m
[1;94m[*] [0mFuzzing test case #226 (939 total, 0 uniq crashes found, perf_score=172, exec_us=465, hits=387, map=226)...[0m
[1;94m[*] [0mFuzzing test case #636 (939 total, 0 uniq crashes found, perf_score=459, exec_us=329, hits=19, map=287)...[0m
[1;94m[*] [0mFuzzing test case #527 (939 total, 0 uniq crashes found, perf_score=229, exec_us=416, hits=523, map=270)...[0m
[1;94m[*] [0mFuzzing test case #342 (939 total, 0 uniq crashes found, perf_score=114, exec_us=444, hits=37, map=503)...[0m
[1;94m[*] [0mFuzzing test case #852 (939 total, 0 uniq crashes found, perf_score=345, exec_us=358, hits=811, map=270)...[0m
[1;94m[*] [0mFuzzing test case #334 (939 total, 0 uniq crashes found, perf_score=345, exec_us=340, hits=204, map=535)...[0m
[1;94m[*] [0mFuzzing test case #786 (939 total, 0 uniq crashes found, perf_score=229, exec_us=355, hits=139, map=313)...[0m
[1;94m[*] [0mFuzzing test case #240 (939 total, 0 uniq crashes found, perf_score=114, exec_us=334, hits=477, map=494)...[0m
[1;94m[*] [0mFuzzing test case #217 (939 total, 0 uniq crashes found, perf_score=100, exec_us=564, hits=2, map=525)...[0m
[1;94m[*] [0mFuzzing test case #327 (939 total, 0 uniq crashes found, perf_score=229, exec_us=396, hits=85, map=439)...[0m
[1;94m[*] [0mFuzzing test case #833 (939 total, 0 uniq crashes found, perf_score=229, exec_us=351, hits=206, map=317)...[0m
[1;94m[*] [0mFuzzing test case #611 (939 total, 0 uniq crashes found, perf_score=229, exec_us=339, hits=395, map=498)...[0m
[1;94m[*] [0mFuzzing test case #358 (939 total, 0 uniq crashes found, perf_score=229, exec_us=345, hits=587, map=508)...[0m
[1;94m[*] [0mFuzzing test case #636 (939 total, 0 uniq crashes found, perf_score=459, exec_us=329, hits=19, map=287)...[0m
[1;94m[*] [0mFuzzing test case #859 (939 total, 0 uniq crashes found, perf_score=345, exec_us=465, hits=2039, map=282)...[0m
[1;94m[*] [0mFuzzing test case #636 (939 total, 0 uniq crashes found, perf_score=459, exec_us=329, hits=19, map=287)...[0m
[1;94m[*] [0mFuzzing test case #334 (939 total, 0 uniq crashes found, perf_score=345, exec_us=340, hits=205, map=535)...[0m
[1;94m[*] [0mFuzzing test case #635 (939 total, 0 uniq crashes found, perf_score=80, exec_us=339, hits=557, map=318)...[0m
[1;94m[*] [0mFuzzing test case #611 (939 total, 0 uniq crashes found, perf_score=229, exec_us=339, hits=410, map=498)...[0m
[1;94m[*] [0mFuzzing test case #636 (939 total, 0 uniq crashes found, perf_score=459, exec_us=329, hits=19, map=287)...[0m
[1;94m[*] [0mFuzzing test case #672 (939 total, 0 uniq crashes found, perf_score=345, exec_us=345, hits=1691, map=286)...[0m
[1;94m[*] [0mFuzzing test case #611 (939 total, 0 uniq crashes found, perf_score=229, exec_us=339, hits=436, map=498)...[0m
[1;94m[*] [0mFuzzing test case #334 (939 total, 0 uniq crashes found, perf_score=345, exec_us=340, hits=205, map=535)...[0m
[1;94m[*] [0mFuzzing test case #910 (939 total, 0 uniq crashes found, perf_score=459, exec_us=375, hits=1854, map=286)...[0m
[1;94m[*] [0mFuzzing test case #884 (939 total, 0 uniq crashes found, perf_score=345, exec_us=373, hits=83, map=505)...[0m
[1;94m[*] [0mFuzzing test case #636 (939 total, 0 uniq crashes found, perf_score=459, exec_us=329, hits=19, map=287)...[0m
[1;94m[*] [0mFuzzing test case #240 (939 total, 0 uniq crashes found, perf_score=114, exec_us=334, hits=478, map=494)...[0m
[1;94m[*] [0mFuzzing test case #223 (939 total, 0 uniq crashes found, perf_score=128, exec_us=686, hits=75, map=226)...[0m
[1;94m[*] [0mFuzzing test case #340 (939 total, 0 uniq crashes found, perf_score=114, exec_us=378, hits=95, map=500)...[0m
[1;94m[*] [0mFuzzing test case #240 (939 total, 0 uniq crashes found, perf_score=114, exec_us=334, hits=482, map=494)...[0m
[1;94m[*] [0mFuzzing test case #636 (939 total, 0 uniq crashes found, perf_score=459, exec_us=329, hits=19, map=287)...[0m
[1;94m[*] [0mFuzzing test case #287 (939 total, 0 uniq crashes found, perf_score=229, exec_us=345, hits=39, map=528)...[0m
[1;94m[*] [0mFuzzing test case #619 (939 total, 0 uniq crashes found, perf_score=229, exec_us=525, hits=250, map=290)...[0m
[1;94m[*] [0mFuzzing test case #533 (939 total, 0 uniq crashes found, perf_score=229, exec_us=326, hits=5817, map=308)...[0m
[1;94m[*] [0mFuzzing test case #533 (939 total, 0 uniq crashes found, perf_score=229, exec_us=326, hits=5864, map=308)...[0m
[1;94m[*] [0mFuzzing test case #227 (939 total, 0 uniq crashes found, perf_score=172, exec_us=406, hits=858, map=226)...[0m
[1;94m[*] [0mFuzzing test case #681 (939 total, 0 uniq crashes found, perf_score=229, exec_us=354, hits=4005, map=484)...[0m
[1;94m[*] [0mFuzzing test case #636 (939 total, 0 uniq crashes found, perf_score=459, exec_us=329, hits=19, map=287)...[0m
[1;94m[*] [0mFuzzing test case #173 (939 total, 0 uniq crashes found, perf_score=114, exec_us=329, hits=788, map=515)...[0m
[1;94m[*] [0mFuzzing test case #114 (940 total, 0 uniq crashes found, perf_score=100, exec_us=491, hits=2, map=420)...[0m
[1;94m[*] [0mFuzzing test case #750 (940 total, 0 uniq crashes found, perf_score=229, exec_us=344, hits=216, map=313)...[0m
[1;94m[*] [0mFuzzing test case #634 (940 total, 0 uniq crashes found, perf_score=919, exec_us=440, hits=2, map=311)...[0m
[1;94m[*] [0mFuzzing test case #636 (940 total, 0 uniq crashes found, perf_score=459, exec_us=329, hits=19, map=287)...[0m
[1;94m[*] [0mFuzzing test case #636 (940 total, 0 uniq crashes found, perf_score=459, exec_us=329, hits=19, map=287)...[0m
[1;94m[*] [0mFuzzing test case #240 (940 total, 0 uniq crashes found, perf_score=114, exec_us=334, hits=482, map=494)...[0m
[1;94m[*] [0mFuzzing test case #653 (940 total, 0 uniq crashes found, perf_score=229, exec_us=429, hits=106, map=491)...[0m
[1;94m[*] [0mFuzzing test case #636 (940 total, 0 uniq crashes found, perf_score=459, exec_us=329, hits=19, map=287)...[0m
[1;94m[*] [0mFuzzing test case #636 (940 total, 0 uniq crashes found, perf_score=459, exec_us=329, hits=19, map=287)...[0m
[1;94m[*] [0mFuzzing test case #327 (940 total, 0 uniq crashes found, perf_score=229, exec_us=396, hits=104, map=439)...[0m
[1;94m[*] [0mFuzzing test case #910 (940 total, 0 uniq crashes found, perf_score=459, exec_us=375, hits=2050, map=286)...[0m
[1;94m[*] [0mFuzzing test case #778 (940 total, 0 uniq crashes found, perf_score=229, exec_us=318, hits=140, map=314)...[0m
[1;94m[*] [0mFuzzing test case #560 (940 total, 0 uniq crashes found, perf_score=229, exec_us=402, hits=74, map=499)...[0m
[1;94m[*] [0mFuzzing test case #709 (940 total, 0 uniq crashes found, perf_score=114, exec_us=449, hits=132, map=485)...[0m
[1;94m[*] [0mFuzzing test case #672 (940 total, 0 uniq crashes found, perf_score=345, exec_us=345, hits=1774, map=286)...[0m
[1;94m[*] [0mFuzzing test case #240 (940 total, 0 uniq crashes found, perf_score=114, exec_us=334, hits=486, map=494)...[0m
[1;94m[*] [0mFuzzing test case #611 (941 total, 0 uniq crashes found, perf_score=229, exec_us=339, hits=455, map=498)...[0m
[1;94m[*] [0mFuzzing test case #322 (941 total, 0 uniq crashes found, perf_score=345, exec_us=353, hits=135, map=545)...[0m
[1;94m[*] [0mFuzzing test case #672 (941 total, 0 uniq crashes found, perf_score=345, exec_us=345, hits=1838, map=286)...[0m
[1;94m[*] [0mFuzzing test case #730 (941 total, 0 uniq crashes found, perf_score=690, exec_us=343, hits=3, map=260)...[0m
[1;94m[*] [0mFuzzing test case #240 (942 total, 0 uniq crashes found, perf_score=114, exec_us=334, hits=491, map=494)...[0m
[1;94m[*] [0mFuzzing test case #611 (942 total, 0 uniq crashes found, perf_score=229, exec_us=339, hits=468, map=498)...[0m
[1;94m[*] [0mFuzzing test case #747 (942 total, 0 uniq crashes found, perf_score=229, exec_us=409, hits=190, map=313)...[0m
[1;94m[*] [0mFuzzing test case #554 (942 total, 0 uniq crashes found, perf_score=229, exec_us=378, hits=180, map=420)...[0m
[1;94m[*] [0mFuzzing test case #919 (942 total, 0 uniq crashes found, perf_score=200, exec_us=445, hits=1, map=431)...[0m
[1;94m[*] [0mFuzzing test case #636 (942 total, 0 uniq crashes found, perf_score=459, exec_us=329, hits=19, map=287)...[0m
[1;94m[*] [0mFuzzing test case #866 (942 total, 0 uniq crashes found, perf_score=345, exec_us=345, hits=1683, map=275)...[0m
[1;94m[*] [0mFuzzing test case #533 (944 total, 0 uniq crashes found, perf_score=229, exec_us=326, hits=5940, map=308)...[0m
[1;94m[*] [0mFuzzing test case #366 (944 total, 0 uniq crashes found, perf_score=100, exec_us=605, hits=10, map=337)...[0m
[1;94m[*] [0mFuzzing test case #240 (944 total, 0 uniq crashes found, perf_score=114, exec_us=334, hits=492, map=494)...[0m
[1;94m[*] [0mFuzzing test case #147 (944 total, 0 uniq crashes found, perf_score=345, exec_us=389, hits=2, map=213)...[0m
[1;94m[*] [0mFuzzing test case #516 (944 total, 0 uniq crashes found, perf_score=229, exec_us=358, hits=729, map=337)...[0m
[1;94m[*] [0mFuzzing test case #528 (944 total, 0 uniq crashes found, perf_score=229, exec_us=392, hits=140, map=273)...[0m
[1;94m[*] [0mFuzzing test case #640 (944 total, 0 uniq crashes found, perf_score=345, exec_us=354, hits=12, map=272)...[0m
[1;94m[*] [0mFuzzing test case #533 (944 total, 0 uniq crashes found, perf_score=229, exec_us=326, hits=6021, map=308)...[0m
[1;94m[*] [0mFuzzing test case #636 (944 total, 0 uniq crashes found, perf_score=459, exec_us=329, hits=19, map=287)...[0m
[1;94m[*] [0mFuzzing test case #636 (944 total, 0 uniq crashes found, perf_score=459, exec_us=329, hits=19, map=287)...[0m
[1;94m[*] [0mFuzzing test case #630 (944 total, 0 uniq crashes found, perf_score=200, exec_us=569, hits=40, map=291)...[0m
[1;94m[*] [0mFuzzing test case #240 (944 total, 0 uniq crashes found, perf_score=114, exec_us=334, hits=493, map=494)...[0m
[1;94m[*] [0mFuzzing test case #636 (944 total, 0 uniq crashes found, perf_score=459, exec_us=329, hits=19, map=287)...[0m
[1;94m[*] [0mFuzzing test case #345 (944 total, 0 uniq crashes found, perf_score=114, exec_us=433, hits=69, map=509)...[0m
[1;94m[*] [0mFuzzing test case #843 (944 total, 0 uniq crashes found, perf_score=229, exec_us=395, hits=1068, map=325)...[0m
[1;94m[*] [0mFuzzing test case #351 (944 total, 0 uniq crashes found, perf_score=114, exec_us=460, hits=40, map=503)...[0m
[1;94m[*] [0mFuzzing test case #640 (944 total, 0 uniq crashes found, perf_score=345, exec_us=354, hits=15, map=272)...[0m
[1;94m[*] [0mFuzzing test case #853 (944 total, 0 uniq crashes found, perf_score=345, exec_us=363, hits=359, map=271)...[0m
[1;94m[*] [0mFuzzing test case #681 (944 total, 0 uniq crashes found, perf_score=229, exec_us=354, hits=4048, map=484)...[0m
[1;94m[*] [0mFuzzing test case #322 (944 total, 0 uniq crashes found, perf_score=345, exec_us=353, hits=167, map=545)...[0m
[1;94m[*] [0mFuzzing test case #240 (944 total, 0 uniq crashes found, perf_score=114, exec_us=334, hits=495, map=494)...[0m
[1;94m[*] [0mFuzzing test case #341 (944 total, 0 uniq crashes found, perf_score=114, exec_us=400, hits=75, map=509)...[0m
[1;94m[*] [0mFuzzing test case #240 (944 total, 0 uniq crashes found, perf_score=114, exec_us=334, hits=498, map=494)...[0m
[1;94m[*] [0mFuzzing test case #681 (944 total, 0 uniq crashes found, perf_score=229, exec_us=354, hits=4091, map=484)...[0m
[1;94m[*] [0mFuzzing test case #533 (944 total, 0 uniq crashes found, perf_score=229, exec_us=326, hits=6101, map=308)...[0m
[1;94m[*] [0mFuzzing test case #845 (944 total, 0 uniq crashes found, perf_score=345, exec_us=506, hits=523, map=271)...[0m
[1;94m[*] [0mFuzzing test case #554 (944 total, 0 uniq crashes found, perf_score=229, exec_us=378, hits=226, map=420)...[0m
[1;94m[*] [0mFuzzing test case #173 (944 total, 0 uniq crashes found, perf_score=114, exec_us=329, hits=805, map=515)...[0m
[1;94m[*] [0mFuzzing test case #240 (944 total, 0 uniq crashes found, perf_score=114, exec_us=334, hits=501, map=494)...[0m
[1;94m[*] [0mFuzzing test case #636 (944 total, 0 uniq crashes found, perf_score=459, exec_us=329, hits=19, map=287)...[0m
[1;94m[*] [0mFuzzing test case #822 (944 total, 0 uniq crashes found, perf_score=345, exec_us=350, hits=1797, map=274)...[0m
[1;94m[*] [0mFuzzing test case #240 (944 total, 0 uniq crashes found, perf_score=114, exec_us=334, hits=503, map=494)...[0m
[1;94m[*] [0mFuzzing test case #240 (944 total, 0 uniq crashes found, perf_score=114, exec_us=334, hits=504, map=494)...[0m
[1;94m[*] [0mFuzzing test case #229 (944 total, 0 uniq crashes found, perf_score=172, exec_us=444, hits=465, map=227)...[0m
[1;94m[*] [0mFuzzing test case #835 (944 total, 0 uniq crashes found, perf_score=229, exec_us=335, hits=193, map=288)...[0m
[1;94m[*] [0mFuzzing test case #358 (944 total, 0 uniq crashes found, perf_score=229, exec_us=345, hits=616, map=508)...[0m
[1;94m[*] [0mFuzzing test case #819 (944 total, 0 uniq crashes found, perf_score=1035, exec_us=358, hits=14, map=278)...[0m
[1;94m[*] [0mFuzzing test case #672 (944 total, 0 uniq crashes found, perf_score=345, exec_us=345, hits=1913, map=286)...[0m
[1;94m[*] [0mFuzzing test case #640 (944 total, 0 uniq crashes found, perf_score=345, exec_us=354, hits=15, map=272)...[0m
[1;94m[*] [0mFuzzing test case #822 (945 total, 0 uniq crashes found, perf_score=345, exec_us=350, hits=1886, map=274)...[0m
[1;94m[*] [0mFuzzing test case #240 (945 total, 0 uniq crashes found, perf_score=114, exec_us=334, hits=509, map=494)...[0m
[1;94m[*] [0mFuzzing test case #316 (945 total, 0 uniq crashes found, perf_score=200, exec_us=382, hits=1, map=528)...[0m
[1;94m[*] [0mFuzzing test case #636 (945 total, 0 uniq crashes found, perf_score=459, exec_us=329, hits=19, map=287)...[0m
[1;94m[*] [0mFuzzing test case #131 (945 total, 0 uniq crashes found, perf_score=229, exec_us=437, hits=30, map=432)...[0m
[1;94m[*] [0mFuzzing test case #173 (945 total, 0 uniq crashes found, perf_score=114, exec_us=329, hits=816, map=515)...[0m
[1;94m[*] [0mFuzzing test case #636 (945 total, 0 uniq crashes found, perf_score=459, exec_us=329, hits=19, map=287)...[0m
[1;94m[*] [0mFuzzing test case #550 (945 total, 0 uniq crashes found, perf_score=229, exec_us=520, hits=108, map=285)...[0m
[1;94m[*] [0mFuzzing test case #131 (945 total, 0 uniq crashes found, perf_score=229, exec_us=437, hits=39, map=432)...[0m
[1;94m[*] [0mFuzzing test case #240 (945 total, 0 uniq crashes found, perf_score=114, exec_us=334, hits=510, map=494)...[0m
[1;94m[*] [0mFuzzing test case #587 (945 total, 0 uniq crashes found, perf_score=114, exec_us=395, hits=223, map=486)...[0m
[1;94m[*] [0mFuzzing test case #819 (945 total, 0 uniq crashes found, perf_score=1035, exec_us=358, hits=14, map=278)...[0m
[1;94m[*] [0mFuzzing test case #636 (945 total, 0 uniq crashes found, perf_score=459, exec_us=329, hits=19, map=287)...[0m
[1;94m[*] [0mFuzzing test case #240 (945 total, 0 uniq crashes found, perf_score=114, exec_us=334, hits=512, map=494)...[0m
[1;94m[*] [0mFuzzing test case #240 (945 total, 0 uniq crashes found, perf_score=114, exec_us=334, hits=513, map=494)...[0m
[1;94m[*] [0mFuzzing test case #843 (945 total, 0 uniq crashes found, perf_score=229, exec_us=395, hits=1118, map=325)...[0m
[1;94m[*] [0mFuzzing test case #611 (945 total, 0 uniq crashes found, perf_score=229, exec_us=339, hits=482, map=498)...[0m
[1;94m[*] [0mFuzzing test case #810 (945 total, 0 uniq crashes found, perf_score=229, exec_us=323, hits=657, map=304)...[0m
[1;94m[*] [0mFuzzing test case #240 (945 total, 0 uniq crashes found, perf_score=114, exec_us=334, hits=517, map=494)...[0m
[1;94m[*] [0mFuzzing test case #723 (945 total, 0 uniq crashes found, perf_score=172, exec_us=458, hits=502, map=255)...[0m
[1;94m[*] [0mFuzzing test case #642 (945 total, 0 uniq crashes found, perf_score=229, exec_us=387, hits=236, map=488)...[0m
[1;94m[*] [0mFuzzing test case #240 (945 total, 0 uniq crashes found, perf_score=114, exec_us=334, hits=521, map=494)...[0m
[1;94m[*] [0mFuzzing test case #533 (945 total, 0 uniq crashes found, perf_score=229, exec_us=326, hits=6143, map=308)...[0m
[1;94m[*] [0mFuzzing test case #636 (945 total, 0 uniq crashes found, perf_score=459, exec_us=329, hits=19, map=287)...[0m
[1;94m[*] [0mFuzzing test case #240 (945 total, 0 uniq crashes found, perf_score=114, exec_us=334, hits=523, map=494)...[0m
[1;94m[*] [0mFuzzing test case #636 (945 total, 0 uniq crashes found, perf_score=459, exec_us=329, hits=19, map=287)...[0m
[1;94m[*] [0mFuzzing test case #636 (945 total, 0 uniq crashes found, perf_score=459, exec_us=329, hits=19, map=287)...[0m
[1;94m[*] [0mFuzzing test case #115 (945 total, 0 uniq crashes found, perf_score=114, exec_us=364, hits=128, map=322)...[0m
[1;94m[*] [0mFuzzing test case #822 (945 total, 0 uniq crashes found, perf_score=345, exec_us=350, hits=1970, map=274)...[0m
[1;94m[*] [0mFuzzing test case #611 (945 total, 0 uniq crashes found, perf_score=229, exec_us=339, hits=501, map=498)...[0m
[1;94m[*] [0mFuzzing test case #533 (945 total, 0 uniq crashes found, perf_score=229, exec_us=326, hits=6208, map=308)...[0m
[1;94m[*] [0mFuzzing test case #49 (945 total, 0 uniq crashes found, perf_score=86, exec_us=385, hits=521, map=263)...[0m
[1;94m[*] [0mFuzzing test case #533 (945 total, 0 uniq crashes found, perf_score=229, exec_us=326, hits=6267, map=308)...[0m
[1;94m[*] [0mFuzzing test case #709 (945 total, 0 uniq crashes found, perf_score=114, exec_us=449, hits=144, map=485)...[0m
[1;94m[*] [0mFuzzing test case #636 (945 total, 0 uniq crashes found, perf_score=459, exec_us=329, hits=19, map=287)...[0m
[1;94m[*] [0mFuzzing test case #348 (945 total, 0 uniq crashes found, perf_score=114, exec_us=510, hits=62, map=503)...[0m
[1;94m[*] [0mFuzzing test case #240 (945 total, 0 uniq crashes found, perf_score=114, exec_us=334, hits=524, map=494)...[0m
[1;94m[*] [0mFuzzing test case #187 (945 total, 0 uniq crashes found, perf_score=172, exec_us=415, hits=20, map=218)...[0m
[1;94m[*] [0mFuzzing test case #49 (945 total, 0 uniq crashes found, perf_score=86, exec_us=385, hits=526, map=263)...[0m
[1;94m[*] [0mFuzzing test case #155 (945 total, 0 uniq crashes found, perf_score=459, exec_us=369, hits=1, map=525)...[0m
[1;94m[*] [0mFuzzing test case #636 (945 total, 0 uniq crashes found, perf_score=459, exec_us=329, hits=19, map=287)...[0m
[1;94m[*] [0mFuzzing test case #240 (945 total, 0 uniq crashes found, perf_score=114, exec_us=334, hits=526, map=494)...[0m
[1;94m[*] [0mFuzzing test case #533 (945 total, 0 uniq crashes found, perf_score=229, exec_us=326, hits=6322, map=308)...[0m
[1;94m[*] [0mFuzzing test case #636 (945 total, 0 uniq crashes found, perf_score=459, exec_us=329, hits=19, map=287)...[0m
[1;94m[*] [0mFuzzing test case #865 (945 total, 0 uniq crashes found, perf_score=690, exec_us=361, hits=10, map=268)...[0m
[1;94m[*] [0mFuzzing test case #640 (945 total, 0 uniq crashes found, perf_score=229, exec_us=354, hits=18, map=272)...[0m
[1;94m[*] [0mFuzzing test case #442 (945 total, 0 uniq crashes found, perf_score=114, exec_us=417, hits=204, map=285)...[0m
[1;94m[*] [0mFuzzing test case #607 (945 total, 0 uniq crashes found, perf_score=200, exec_us=374, hits=17, map=495)...[0m
[1;94m[*] [0mFuzzing test case #240 (945 total, 0 uniq crashes found, perf_score=114, exec_us=334, hits=528, map=494)...[0m
[1;94m[*] [0mFuzzing test case #532 (945 total, 0 uniq crashes found, perf_score=229, exec_us=331, hits=796, map=273)...[0m
[1;94m[*] [0mFuzzing test case #672 (946 total, 0 uniq crashes found, perf_score=345, exec_us=345, hits=1989, map=286)...[0m
[1;94m[*] [0mFuzzing test case #334 (946 total, 0 uniq crashes found, perf_score=345, exec_us=340, hits=218, map=535)...[0m
[1;94m[*] [0mFuzzing test case #530 (946 total, 0 uniq crashes found, perf_score=229, exec_us=359, hits=256, map=274)...[0m
[1;94m[*] [0mFuzzing test case #681 (946 total, 0 uniq crashes found, perf_score=229, exec_us=354, hits=4143, map=484)...[0m
[1;94m[*] [0mFuzzing test case #240 (946 total, 0 uniq crashes found, perf_score=114, exec_us=334, hits=530, map=494)...[0m
[1;94m[*] [0mFuzzing test case #240 (946 total, 0 uniq crashes found, perf_score=114, exec_us=334, hits=534, map=494)...[0m
[1;94m[*] [0mFuzzing test case #636 (946 total, 0 uniq crashes found, perf_score=459, exec_us=329, hits=19, map=287)...[0m
[1;94m[*] [0mFuzzing test case #826 (946 total, 0 uniq crashes found, perf_score=1380, exec_us=383, hits=1, map=311)...[0m
[1;94m[*] [0mFuzzing test case #723 (946 total, 0 uniq crashes found, perf_score=172, exec_us=458, hits=572, map=255)...[0m
[1;94m[*] [0mFuzzing test case #240 (946 total, 0 uniq crashes found, perf_score=114, exec_us=334, hits=536, map=494)...[0m
[1;94m[*] [0mFuzzing test case #636 (946 total, 0 uniq crashes found, perf_score=459, exec_us=329, hits=20, map=287)...[0m
[1;94m[*] [0mFuzzing test case #636 (946 total, 0 uniq crashes found, perf_score=459, exec_us=329, hits=20, map=287)...[0m
[1;94m[*] [0mFuzzing test case #911 (946 total, 0 uniq crashes found, perf_score=459, exec_us=590, hits=1659, map=286)...[0m
[1;94m[*] [0mFuzzing test case #240 (946 total, 0 uniq crashes found, perf_score=114, exec_us=334, hits=539, map=494)...[0m
[1;94m[*] [0mFuzzing test case #622 (946 total, 0 uniq crashes found, perf_score=200, exec_us=362, hits=2, map=290)...[0m
[1;94m[*] [0mFuzzing test case #172 (946 total, 0 uniq crashes found, perf_score=258, exec_us=354, hits=4, map=221)...[0m
[1;94m[*] [0mFuzzing test case #881 (946 total, 0 uniq crashes found, perf_score=200, exec_us=397, hits=1, map=524)...[0m
[1;94m[*] [0mFuzzing test case #714 (947 total, 0 uniq crashes found, perf_score=150, exec_us=329, hits=41, map=259)...[0m
[1;94m[*] [0mFuzzing test case #582 (947 total, 0 uniq crashes found, perf_score=114, exec_us=447, hits=91, map=511)...[0m
[1;94m[*] [0mFuzzing test case #465 (948 total, 0 uniq crashes found, perf_score=114, exec_us=352, hits=46, map=295)...[0m
[1;94m[*] [0mFuzzing test case #945 (948 total, 0 uniq crashes found, perf_score=200, exec_us=513, hits=1, map=282)...[0m
[1;94m[*] [0mFuzzing test case #528 (948 total, 0 uniq crashes found, perf_score=229, exec_us=392, hits=208, map=273)...[0m
[1;94m[*] [0mFuzzing test case #240 (948 total, 0 uniq crashes found, perf_score=114, exec_us=334, hits=541, map=494)...[0m
[1;94m[*] [0mFuzzing test case #530 (948 total, 0 uniq crashes found, perf_score=229, exec_us=359, hits=331, map=274)...[0m
[1;94m[*] [0mFuzzing test case #640 (948 total, 0 uniq crashes found, perf_score=229, exec_us=354, hits=20, map=272)...[0m
[1;94m[*] [0mFuzzing test case #115 (948 total, 0 uniq crashes found, perf_score=114, exec_us=364, hits=128, map=322)...[0m
[1;94m[*] [0mFuzzing test case #334 (948 total, 0 uniq crashes found, perf_score=345, exec_us=340, hits=218, map=535)...[0m
[1;94m[*] [0mFuzzing test case #240 (948 total, 0 uniq crashes found, perf_score=114, exec_us=334, hits=548, map=494)...[0m
[1;94m[*] [0mFuzzing test case #115 (948 total, 0 uniq crashes found, perf_score=114, exec_us=364, hits=128, map=322)...[0m
[1;94m[*] [0mFuzzing test case #580 (948 total, 0 uniq crashes found, perf_score=114, exec_us=436, hits=196, map=512)...[0m
[1;94m[*] [0mFuzzing test case #344 (948 total, 0 uniq crashes found, perf_score=114, exec_us=383, hits=107, map=503)...[0m
[1;94m[*] [0mFuzzing test case #240 (948 total, 0 uniq crashes found, perf_score=114, exec_us=334, hits=552, map=494)...[0m
[1;94m[*] [0mFuzzing test case #240 (948 total, 0 uniq crashes found, perf_score=114, exec_us=334, hits=555, map=494)...[0m
[1;94m[*] [0mFuzzing test case #172 (948 total, 0 uniq crashes found, perf_score=258, exec_us=354, hits=5, map=221)...[0m
[1;94m[*] [0mFuzzing test case #240 (948 total, 0 uniq crashes found, perf_score=114, exec_us=334, hits=558, map=494)...[0m
[1;94m[*] [0mFuzzing test case #636 (948 total, 0 uniq crashes found, perf_score=459, exec_us=329, hits=20, map=287)...[0m
[1;94m[*] [0mFuzzing test case #533 (948 total, 0 uniq crashes found, perf_score=229, exec_us=326, hits=6380, map=308)...[0m
[1;94m[*] [0mFuzzing test case #334 (948 total, 0 uniq crashes found, perf_score=345, exec_us=340, hits=228, map=535)...[0m
[1;94m[*] [0mFuzzing test case #636 (948 total, 0 uniq crashes found, perf_score=459, exec_us=329, hits=20, map=287)...[0m
[1;94m[*] [0mFuzzing test case #862 (948 total, 0 uniq crashes found, perf_score=229, exec_us=326, hits=220, map=307)...[0m
[1;94m[*] [0mFuzzing test case #240 (949 total, 0 uniq crashes found, perf_score=114, exec_us=334, hits=562, map=494)...[0m
[1;94m[*] [0mFuzzing test case #646 (949 total, 0 uniq crashes found, perf_score=229, exec_us=456, hits=225, map=343)...[0m
[1;94m[*] [0mFuzzing test case #491 (949 total, 0 uniq crashes found, perf_score=345, exec_us=378, hits=13, map=342)...[0m
[1;94m[*] [0mFuzzing test case #240 (949 total, 0 uniq crashes found, perf_score=114, exec_us=334, hits=564, map=494)...[0m
[1;94m[*] [0mFuzzing test case #119 (949 total, 0 uniq crashes found, perf_score=100, exec_us=384, hits=1, map=269)...[0m
[1;94m[*] [0mFuzzing test case #636 (949 total, 0 uniq crashes found, perf_score=459, exec_us=329, hits=20, map=287)...[0m
[1;94m[*] [0mFuzzing test case #334 (949 total, 0 uniq crashes found, perf_score=345, exec_us=340, hits=228, map=535)...[0m
[1;94m[*] [0mFuzzing test case #866 (949 total, 0 uniq crashes found, perf_score=345, exec_us=345, hits=2161, map=275)...[0m
[1;94m[*] [0mFuzzing test case #533 (949 total, 0 uniq crashes found, perf_score=229, exec_us=326, hits=6442, map=308)...[0m
[1;94m[*] [0mFuzzing test case #287 (949 total, 0 uniq crashes found, perf_score=229, exec_us=345, hits=39, map=528)...[0m
[1;94m[*] [0mFuzzing test case #338 (949 total, 0 uniq crashes found, perf_score=114, exec_us=439, hits=66, map=503)...[0m
[1;94m[*] [0mFuzzing test case #636 (949 total, 0 uniq crashes found, perf_score=459, exec_us=329, hits=20, map=287)...[0m
[1;94m[*] [0mFuzzing test case #334 (949 total, 0 uniq crashes found, perf_score=345, exec_us=340, hits=228, map=535)...[0m
[1;94m[*] [0mFuzzing test case #822 (949 total, 0 uniq crashes found, perf_score=345, exec_us=350, hits=2063, map=274)...[0m
[1;94m[*] [0mFuzzing test case #822 (949 total, 0 uniq crashes found, perf_score=345, exec_us=350, hits=2138, map=274)...[0m
[1;94m[*] [0mFuzzing test case #240 (949 total, 0 uniq crashes found, perf_score=114, exec_us=334, hits=567, map=494)...[0m
[1;94m[*] [0mFuzzing test case #240 (949 total, 0 uniq crashes found, perf_score=114, exec_us=334, hits=568, map=494)...[0m
[1;94m[*] [0mFuzzing test case #24 (949 total, 0 uniq crashes found, perf_score=100, exec_us=539, hits=19, map=489)...[0m
[1;94m[*] [0mFuzzing test case #636 (949 total, 0 uniq crashes found, perf_score=459, exec_us=329, hits=20, map=287)...[0m
[1;94m[*] [0mFuzzing test case #154 (949 total, 0 uniq crashes found, perf_score=114, exec_us=359, hits=59, map=274)...[0m
[1;94m[*] [0mFuzzing test case #636 (949 total, 0 uniq crashes found, perf_score=459, exec_us=329, hits=20, map=287)...[0m
[1;94m[*] [0mFuzzing test case #636 (949 total, 0 uniq crashes found, perf_score=459, exec_us=329, hits=20, map=287)...[0m
[1;94m[*] [0mFuzzing test case #221 (949 total, 0 uniq crashes found, perf_score=345, exec_us=422, hits=2, map=242)...[0m
[1;94m[*] [0mFuzzing test case #528 (949 total, 0 uniq crashes found, perf_score=229, exec_us=392, hits=279, map=273)...[0m
[1;94m[*] [0mFuzzing test case #345 (949 total, 0 uniq crashes found, perf_score=114, exec_us=433, hits=75, map=509)...[0m
[1;94m[*] [0mFuzzing test case #334 (949 total, 0 uniq crashes found, perf_score=345, exec_us=340, hits=231, map=535)...[0m
[1;94m[*] [0mFuzzing test case #240 (949 total, 0 uniq crashes found, perf_score=114, exec_us=334, hits=568, map=494)...[0m
[1;94m[*] [0mFuzzing test case #691 (949 total, 0 uniq crashes found, perf_score=114, exec_us=405, hits=78, map=527)...[0m
[1;94m[*] [0mFuzzing test case #726 (949 total, 0 uniq crashes found, perf_score=229, exec_us=536, hits=1534, map=269)...[0m
[1;94m[*] [0mFuzzing test case #653 (949 total, 0 uniq crashes found, perf_score=229, exec_us=429, hits=120, map=491)...[0m
[1;94m[*] [0mFuzzing test case #334 (949 total, 0 uniq crashes found, perf_score=345, exec_us=340, hits=231, map=535)...[0m
[1;94m[*] [0mFuzzing test case #334 (951 total, 0 uniq crashes found, perf_score=345, exec_us=340, hits=231, map=535)...[0m
[1;94m[*] [0mFuzzing test case #115 (951 total, 0 uniq crashes found, perf_score=114, exec_us=364, hits=129, map=322)...[0m
[1;94m[*] [0mFuzzing test case #611 (951 total, 0 uniq crashes found, perf_score=229, exec_us=339, hits=511, map=498)...[0m
[1;94m[*] [0mFuzzing test case #240 (951 total, 0 uniq crashes found, perf_score=114, exec_us=334, hits=572, map=494)...[0m
[1;94m[*] [0mFuzzing test case #672 (951 total, 0 uniq crashes found, perf_score=345, exec_us=345, hits=2078, map=286)...[0m
[1;94m[*] [0mFuzzing test case #516 (951 total, 0 uniq crashes found, perf_score=229, exec_us=358, hits=770, map=337)...[0m
[1;94m[*] [0mFuzzing test case #240 (951 total, 0 uniq crashes found, perf_score=114, exec_us=334, hits=576, map=494)...[0m
[1;94m[*] [0mFuzzing test case #843 (951 total, 0 uniq crashes found, perf_score=229, exec_us=395, hits=1176, map=325)...[0m
[1;94m[*] [0mFuzzing test case #226 (951 total, 0 uniq crashes found, perf_score=172, exec_us=465, hits=477, map=226)...[0m
[1;94m[*] [0mFuzzing test case #431 (951 total, 0 uniq crashes found, perf_score=345, exec_us=395, hits=154, map=537)...[0m
[1;94m[*] [0mFuzzing test case #681 (951 total, 0 uniq crashes found, perf_score=229, exec_us=354, hits=4202, map=484)...[0m
[1;94m[*] [0mFuzzing test case #852 (951 total, 0 uniq crashes found, perf_score=345, exec_us=358, hits=872, map=270)...[0m
[1;94m[*] [0mFuzzing test case #594 (951 total, 0 uniq crashes found, perf_score=459, exec_us=368, hits=3, map=279)...[0m
[1;94m[*] [0mFuzzing test case #181 (951 total, 0 uniq crashes found, perf_score=345, exec_us=415, hits=4, map=270)...[0m
[1;94m[*] [0mFuzzing test case #240 (951 total, 0 uniq crashes found, perf_score=114, exec_us=334, hits=582, map=494)...[0m
[1;94m[*] [0mFuzzing test case #636 (951 total, 0 uniq crashes found, perf_score=459, exec_us=329, hits=20, map=287)...[0m
[1;94m[*] [0mFuzzing test case #240 (951 total, 0 uniq crashes found, perf_score=114, exec_us=334, hits=588, map=494)...[0m
[1;94m[*] [0mFuzzing test case #835 (951 total, 0 uniq crashes found, perf_score=229, exec_us=335, hits=285, map=288)...[0m
[1;94m[*] [0mFuzzing test case #636 (951 total, 0 uniq crashes found, perf_score=459, exec_us=329, hits=20, map=287)...[0m
[1;94m[*] [0mFuzzing test case #240 (951 total, 0 uniq crashes found, perf_score=114, exec_us=334, hits=591, map=494)...[0m
[1;94m[*] [0mFuzzing test case #440 (951 total, 0 uniq crashes found, perf_score=114, exec_us=473, hits=185, map=285)...[0m
[1;94m[*] [0mFuzzing test case #240 (951 total, 0 uniq crashes found, perf_score=114, exec_us=334, hits=594, map=494)...[0m
[1;94m[*] [0mFuzzing test case #173 (951 total, 0 uniq crashes found, perf_score=114, exec_us=329, hits=827, map=515)...[0m
[1;94m[*] [0mFuzzing test case #910 (951 total, 0 uniq crashes found, perf_score=459, exec_us=375, hits=2242, map=286)...[0m
[1;94m[*] [0mFuzzing test case #337 (951 total, 0 uniq crashes found, perf_score=114, exec_us=538, hits=67, map=503)...[0m
[1;94m[*] [0mFuzzing test case #866 (951 total, 0 uniq crashes found, perf_score=345, exec_us=345, hits=2275, map=275)...[0m
[1;94m[*] [0mFuzzing test case #671 (951 total, 0 uniq crashes found, perf_score=345, exec_us=350, hits=161, map=284)...[0m
[1;94m[*] [0mFuzzing test case #599 (951 total, 0 uniq crashes found, perf_score=459, exec_us=434, hits=3, map=492)...[0m
[1;94m[*] [0mFuzzing test case #843 (956 total, 0 uniq crashes found, perf_score=229, exec_us=395, hits=1238, map=325)...[0m
[1;94m[*] [0mFuzzing test case #498 (956 total, 0 uniq crashes found, perf_score=459, exec_us=356, hits=1, map=328)...[0m
[1;94m[*] [0mFuzzing test case #240 (956 total, 0 uniq crashes found, perf_score=114, exec_us=334, hits=597, map=494)...[0m
[1;94m[*] [0mFuzzing test case #866 (956 total, 0 uniq crashes found, perf_score=345, exec_us=345, hits=2389, map=275)...[0m
[1;94m[*] [0mFuzzing test case #636 (956 total, 0 uniq crashes found, perf_score=459, exec_us=329, hits=20, map=287)...[0m
[1;94m[*] [0mFuzzing test case #533 (956 total, 0 uniq crashes found, perf_score=229, exec_us=326, hits=6501, map=308)...[0m
[1;94m[*] [0mFuzzing test case #952 (956 total, 0 uniq crashes found, perf_score=200, exec_us=336, hits=1, map=484)...[0m
[1;94m[*] [0mFuzzing test case #224 (956 total, 0 uniq crashes found, perf_score=172, exec_us=594, hits=381, map=227)...[0m
[1;94m[*] [0mFuzzing test case #240 (956 total, 0 uniq crashes found, perf_score=114, exec_us=334, hits=604, map=494)...[0m
[1;94m[*] [0mFuzzing test case #334 (956 total, 0 uniq crashes found, perf_score=345, exec_us=340, hits=240, map=535)...[0m
[1;94m[*] [0mFuzzing test case #556 (957 total, 0 uniq crashes found, perf_score=229, exec_us=573, hits=206, map=284)...[0m
[1;94m[*] [0mFuzzing test case #782 (957 total, 0 uniq crashes found, perf_score=229, exec_us=312, hits=275, map=313)...[0m
[1;94m[*] [0mFuzzing test case #334 (957 total, 0 uniq crashes found, perf_score=345, exec_us=340, hits=249, map=535)...[0m
[1;94m[*] [0mFuzzing test case #533 (957 total, 0 uniq crashes found, perf_score=229, exec_us=326, hits=6559, map=308)...[0m
[1;94m[*] [0mFuzzing test case #636 (957 total, 0 uniq crashes found, perf_score=459, exec_us=329, hits=20, map=287)...[0m
[1;94m[*] [0mFuzzing test case #370 (957 total, 0 uniq crashes found, perf_score=114, exec_us=439, hits=656, map=335)...[0m
[1;94m[*] [0mFuzzing test case #240 (957 total, 0 uniq crashes found, perf_score=114, exec_us=334, hits=611, map=494)...[0m
[1;94m[*] [0mFuzzing test case #841 (957 total, 0 uniq crashes found, perf_score=345, exec_us=361, hits=66, map=273)...[0m
[1;94m[*] [0mFuzzing test case #843 (957 total, 0 uniq crashes found, perf_score=229, exec_us=395, hits=1297, map=325)...[0m
[1;94m[*] [0mFuzzing test case #611 (957 total, 0 uniq crashes found, perf_score=229, exec_us=339, hits=529, map=498)...[0m
[1;94m[*] [0mFuzzing test case #829 (957 total, 0 uniq crashes found, perf_score=345, exec_us=473, hits=473, map=271)...[0m
[1;94m[*] [0mFuzzing test case #334 (957 total, 0 uniq crashes found, perf_score=345, exec_us=340, hits=255, map=535)...[0m
[1;94m[*] [0mFuzzing test case #636 (957 total, 0 uniq crashes found, perf_score=459, exec_us=329, hits=20, map=287)...[0m
[1;94m[*] [0mFuzzing test case #819 (957 total, 0 uniq crashes found, perf_score=1035, exec_us=358, hits=15, map=278)...[0m
[1;94m[*] [0mFuzzing test case #533 (957 total, 0 uniq crashes found, perf_score=229, exec_us=326, hits=6663, map=308)...[0m
[1;94m[*] [0mFuzzing test case #530 (957 total, 0 uniq crashes found, perf_score=229, exec_us=359, hits=383, map=274)...[0m
[1;94m[*] [0mFuzzing test case #527 (957 total, 0 uniq crashes found, perf_score=229, exec_us=416, hits=590, map=270)...[0m
[1;94m[*] [0mFuzzing test case #240 (958 total, 0 uniq crashes found, perf_score=114, exec_us=334, hits=613, map=494)...[0m
[1;94m[*] [0mFuzzing test case #334 (958 total, 0 uniq crashes found, perf_score=345, exec_us=340, hits=259, map=535)...[0m
[1;94m[*] [0mFuzzing test case #241 (958 total, 0 uniq crashes found, perf_score=80, exec_us=380, hits=106, map=504)...[0m
[1;94m[*] [0mFuzzing test case #636 (958 total, 0 uniq crashes found, perf_score=459, exec_us=329, hits=20, map=287)...[0m
[1;94m[*] [0mFuzzing test case #133 (958 total, 0 uniq crashes found, perf_score=114, exec_us=340, hits=42, map=524)...[0m
[1;94m[*] [0mFuzzing test case #636 (958 total, 0 uniq crashes found, perf_score=459, exec_us=329, hits=20, map=287)...[0m
[1;94m[*] [0mFuzzing test case #636 (958 total, 0 uniq crashes found, perf_score=459, exec_us=329, hits=20, map=287)...[0m
[1;94m[*] [0mFuzzing test case #911 (958 total, 0 uniq crashes found, perf_score=459, exec_us=590, hits=1837, map=286)...[0m
[1;94m[*] [0mFuzzing test case #344 (958 total, 0 uniq crashes found, perf_score=114, exec_us=383, hits=108, map=503)...[0m
[1;94m[*] [0mFuzzing test case #440 (958 total, 0 uniq crashes found, perf_score=114, exec_us=473, hits=209, map=285)...[0m
[1;94m[*] [0mFuzzing test case #694 (958 total, 0 uniq crashes found, perf_score=229, exec_us=325, hits=84, map=290)...[0m
[1;94m[*] [0mFuzzing test case #465 (958 total, 0 uniq crashes found, perf_score=114, exec_us=352, hits=48, map=295)...[0m
[1;94m[*] [0mFuzzing test case #636 (958 total, 0 uniq crashes found, perf_score=459, exec_us=329, hits=20, map=287)...[0m
[1;94m[*] [0mFuzzing test case #843 (958 total, 0 uniq crashes found, perf_score=229, exec_us=395, hits=1359, map=325)...[0m
[1;94m[*] [0mFuzzing test case #240 (958 total, 0 uniq crashes found, perf_score=114, exec_us=334, hits=614, map=494)...[0m
[1;94m[*] [0mFuzzing test case #672 (958 total, 0 uniq crashes found, perf_score=345, exec_us=345, hits=2164, map=286)...[0m
[1;94m[*] [0mFuzzing test case #357 (958 total, 0 uniq crashes found, perf_score=919, exec_us=423, hits=1, map=499)...[0m
[1;94m[*] [0mFuzzing test case #691 (959 total, 0 uniq crashes found, perf_score=114, exec_us=405, hits=86, map=527)...[0m
[1;94m[*] [0mFuzzing test case #240 (959 total, 0 uniq crashes found, perf_score=114, exec_us=334, hits=615, map=494)...[0m
[1;94m[*] [0mFuzzing test case #480 (959 total, 0 uniq crashes found, perf_score=172, exec_us=386, hits=115, map=534)...[0m
[1;94m[*] [0mFuzzing test case #866 (959 total, 0 uniq crashes found, perf_score=345, exec_us=345, hits=2516, map=275)...[0m
[1;94m[*] [0mFuzzing test case #544 (959 total, 0 uniq crashes found, perf_score=690, exec_us=438, hits=4, map=294)...[0m
[1;94m[*] [0mFuzzing test case #240 (960 total, 0 uniq crashes found, perf_score=114, exec_us=334, hits=617, map=494)...[0m
[1;94m[*] [0mFuzzing test case #843 (960 total, 0 uniq crashes found, perf_score=229, exec_us=395, hits=1409, map=325)...[0m
[1;94m[*] [0mFuzzing test case #639 (960 total, 0 uniq crashes found, perf_score=172, exec_us=633, hits=139, map=319)...[0m
[1;94m[*] [0mFuzzing test case #240 (960 total, 0 uniq crashes found, perf_score=114, exec_us=334, hits=618, map=494)...[0m
[1;94m[*] [0mFuzzing test case #336 (960 total, 0 uniq crashes found, perf_score=114, exec_us=602, hits=61, map=503)...[0m
[1;94m[*] [0mFuzzing test case #639 (960 total, 0 uniq crashes found, perf_score=172, exec_us=633, hits=153, map=319)...[0m
[1;94m[*] [0mFuzzing test case #636 (960 total, 0 uniq crashes found, perf_score=459, exec_us=329, hits=20, map=287)...[0m
[1;94m[*] [0mFuzzing test case #952 (960 total, 0 uniq crashes found, perf_score=459, exec_us=336, hits=1, map=484)...[0m
[1;94m[*] [0mFuzzing test case #554 (960 total, 0 uniq crashes found, perf_score=229, exec_us=378, hits=282, map=420)...[0m
[1;94m[*] [0mFuzzing test case #959 (960 total, 0 uniq crashes found, perf_score=400, exec_us=424, hits=1, map=293)...[0m
[1;94m[*] [0mFuzzing test case #961 (963 total, 0 uniq crashes found, perf_score=400, exec_us=352, hits=1, map=292)...[0m
[1;94m[*] [0mFuzzing test case #792 (963 total, 0 uniq crashes found, perf_score=229, exec_us=379, hits=79, map=511)...[0m
[1;94m[*] [0mFuzzing test case #611 (963 total, 0 uniq crashes found, perf_score=229, exec_us=339, hits=543, map=498)...[0m
[1;94m[*] [0mFuzzing test case #533 (963 total, 0 uniq crashes found, perf_score=229, exec_us=326, hits=6720, map=308)...[0m
[1;94m[*] [0mFuzzing test case #636 (963 total, 0 uniq crashes found, perf_score=459, exec_us=329, hits=20, map=287)...[0m
[1;94m[*] [0mFuzzing test case #228 (963 total, 0 uniq crashes found, perf_score=172, exec_us=456, hits=163, map=227)...[0m
[1;94m[*] [0mFuzzing test case #636 (963 total, 0 uniq crashes found, perf_score=459, exec_us=329, hits=20, map=287)...[0m
[1;94m[*] [0mFuzzing test case #731 (963 total, 0 uniq crashes found, perf_score=459, exec_us=358, hits=16, map=272)...[0m
[1;94m[*] [0mFuzzing test case #383 (964 total, 0 uniq crashes found, perf_score=114, exec_us=348, hits=73, map=334)...[0m
[1;94m[*] [0mFuzzing test case #817 (964 total, 0 uniq crashes found, perf_score=258, exec_us=450, hits=1175, map=261)...[0m
[1;94m[*] [0mFuzzing test case #835 (964 total, 0 uniq crashes found, perf_score=229, exec_us=335, hits=358, map=288)...[0m
[1;94m[*] [0mFuzzing test case #173 (964 total, 0 uniq crashes found, perf_score=114, exec_us=329, hits=830, map=515)...[0m
[1;94m[*] [0mFuzzing test case #851 (964 total, 0 uniq crashes found, perf_score=345, exec_us=343, hits=539, map=271)...[0m
[1;94m[*] [0mFuzzing test case #822 (964 total, 0 uniq crashes found, perf_score=345, exec_us=350, hits=2211, map=274)...[0m
[1;94m[*] [0mFuzzing test case #240 (964 total, 0 uniq crashes found, perf_score=114, exec_us=334, hits=621, map=494)...[0m
[1;94m[*] [0mFuzzing test case #636 (964 total, 0 uniq crashes found, perf_score=459, exec_us=329, hits=21, map=287)...[0m
[1;94m[*] [0mFuzzing test case #240 (964 total, 0 uniq crashes found, perf_score=114, exec_us=334, hits=627, map=494)...[0m
[1;94m[*] [0mFuzzing test case #533 (964 total, 0 uniq crashes found, perf_score=229, exec_us=326, hits=6781, map=308)...[0m
[1;94m[*] [0mFuzzing test case #653 (964 total, 0 uniq crashes found, perf_score=229, exec_us=429, hits=126, map=491)...[0m
[1;94m[*] [0mFuzzing test case #206 (964 total, 0 uniq crashes found, perf_score=459, exec_us=444, hits=3, map=267)...[0m
[1;94m[*] [0mFuzzing test case #735 (964 total, 0 uniq crashes found, perf_score=690, exec_us=423, hits=4, map=505)...[0m
[1;94m[*] [0mFuzzing test case #225 (964 total, 0 uniq crashes found, perf_score=172, exec_us=482, hits=304, map=226)...[0m
[1;94m[*] [0mFuzzing test case #240 (964 total, 0 uniq crashes found, perf_score=114, exec_us=334, hits=630, map=494)...[0m
[1;94m[*] [0mFuzzing test case #550 (964 total, 0 uniq crashes found, perf_score=229, exec_us=520, hits=126, map=285)...[0m
[1;94m[*] [0mFuzzing test case #334 (964 total, 0 uniq crashes found, perf_score=345, exec_us=340, hits=259, map=535)...[0m
[1;94m[*] [0mFuzzing test case #334 (964 total, 0 uniq crashes found, perf_score=345, exec_us=340, hits=263, map=535)...[0m
[1;94m[*] [0mFuzzing test case #334 (964 total, 0 uniq crashes found, perf_score=345, exec_us=340, hits=263, map=535)...[0m
[1;94m[*] [0mFuzzing test case #516 (964 total, 0 uniq crashes found, perf_score=229, exec_us=358, hits=812, map=337)...[0m
[1;94m[*] [0mFuzzing test case #358 (964 total, 0 uniq crashes found, perf_score=229, exec_us=345, hits=652, map=508)...[0m
[1;94m[*] [0mFuzzing test case #240 (964 total, 0 uniq crashes found, perf_score=114, exec_us=334, hits=633, map=494)...[0m
[1;94m[*] [0mFuzzing test case #742 (964 total, 0 uniq crashes found, perf_score=229, exec_us=371, hits=93, map=313)...[0m
[1;94m[*] [0mFuzzing test case #485 (964 total, 0 uniq crashes found, perf_score=459, exec_us=608, hits=1, map=303)...[0m
[1;94m[*] [0mFuzzing test case #619 (964 total, 0 uniq crashes found, perf_score=229, exec_us=525, hits=312, map=290)...[0m
[1;94m[*] [0mFuzzing test case #279 (964 total, 0 uniq crashes found, perf_score=345, exec_us=380, hits=3, map=259)...[0m
[1;94m[*] [0mFuzzing test case #636 (966 total, 0 uniq crashes found, perf_score=459, exec_us=329, hits=21, map=287)...[0m
[1;94m[*] [0mFuzzing test case #964 (966 total, 0 uniq crashes found, perf_score=400, exec_us=338, hits=1, map=267)...[0m
[1;94m[*] [0mFuzzing test case #824 (966 total, 0 uniq crashes found, perf_score=345, exec_us=418, hits=987, map=269)...[0m
[1;94m[*] [0mFuzzing test case #240 (966 total, 0 uniq crashes found, perf_score=114, exec_us=334, hits=634, map=494)...[0m
[1;94m[*] [0mFuzzing test case #788 (966 total, 0 uniq crashes found, perf_score=229, exec_us=362, hits=1083, map=269)...[0m
[1;94m[*] [0mFuzzing test case #36 (966 total, 0 uniq crashes found, perf_score=100, exec_us=375, hits=19, map=510)...[0m
[1;94m[*] [0mFuzzing test case #240 (966 total, 0 uniq crashes found, perf_score=114, exec_us=334, hits=640, map=494)...[0m
[1;94m[*] [0mFuzzing test case #965 (966 total, 0 uniq crashes found, perf_score=150, exec_us=327, hits=1, map=263)...[0m
[1;94m[*] [0mFuzzing test case #240 (969 total, 0 uniq crashes found, perf_score=114, exec_us=334, hits=642, map=494)...[0m
[1;94m[*] [0mFuzzing test case #706 (969 total, 0 uniq crashes found, perf_score=690, exec_us=413, hits=7, map=289)...[0m
[1;94m[*] [0mFuzzing test case #115 (969 total, 0 uniq crashes found, perf_score=114, exec_us=364, hits=137, map=322)...[0m
[1;94m[*] [0mFuzzing test case #966 (969 total, 0 uniq crashes found, perf_score=300, exec_us=453, hits=1, map=264)...[0m
[1;94m[*] [0mFuzzing test case #636 (969 total, 0 uniq crashes found, perf_score=459, exec_us=329, hits=21, map=287)...[0m
[1;94m[*] [0mFuzzing test case #967 (969 total, 0 uniq crashes found, perf_score=150, exec_us=368, hits=2, map=263)...[0m
[1;94m[*] [0mFuzzing test case #841 (970 total, 0 uniq crashes found, perf_score=345, exec_us=361, hits=67, map=273)...[0m
[1;94m[*] [0mFuzzing test case #969 (971 total, 0 uniq crashes found, perf_score=200, exec_us=349, hits=1, map=279)...[0m
[1;94m[*] [0mFuzzing test case #636 (972 total, 0 uniq crashes found, perf_score=459, exec_us=329, hits=21, map=287)...[0m
[1;94m[*] [0mFuzzing test case #971 (972 total, 0 uniq crashes found, perf_score=400, exec_us=412, hits=1, map=266)...[0m
[1;94m[*] [0mFuzzing test case #636 (972 total, 0 uniq crashes found, perf_score=459, exec_us=329, hits=21, map=287)...[0m
[1;94m[*] [0mFuzzing test case #636 (972 total, 0 uniq crashes found, perf_score=459, exec_us=329, hits=21, map=287)...[0m
[1;94m[*] [0mFuzzing test case #313 (972 total, 0 uniq crashes found, perf_score=229, exec_us=340, hits=2574, map=275)...[0m
[1;94m[*] [0mFuzzing test case #358 (972 total, 0 uniq crashes found, perf_score=229, exec_us=345, hits=674, map=508)...[0m
[1;94m[*] [0mFuzzing test case #969 (972 total, 0 uniq crashes found, perf_score=919, exec_us=349, hits=1, map=279)...[0m
[1;94m[*] [0mFuzzing test case #240 (972 total, 0 uniq crashes found, perf_score=114, exec_us=334, hits=645, map=494)...[0m
[1;94m[*] [0mFuzzing test case #971 (972 total, 0 uniq crashes found, perf_score=229, exec_us=412, hits=255, map=266)...[0m
[1;94m[*] [0mFuzzing test case #866 (972 total, 0 uniq crashes found, perf_score=345, exec_us=345, hits=2630, map=275)...[0m
[1;94m[*] [0mFuzzing test case #348 (972 total, 0 uniq crashes found, perf_score=114, exec_us=510, hits=65, map=503)...[0m
[1;94m[*] [0mFuzzing test case #636 (972 total, 0 uniq crashes found, perf_score=459, exec_us=329, hits=21, map=287)...[0m
[1;94m[*] [0mFuzzing test case #206 (972 total, 0 uniq crashes found, perf_score=345, exec_us=444, hits=6, map=267)...[0m
[1;94m[*] [0mFuzzing test case #971 (972 total, 0 uniq crashes found, perf_score=229, exec_us=412, hits=370, map=266)...[0m
[1;94m[*] [0mFuzzing test case #636 (972 total, 0 uniq crashes found, perf_score=459, exec_us=329, hits=22, map=287)...[0m
[1;94m[*] [0mFuzzing test case #465 (972 total, 0 uniq crashes found, perf_score=114, exec_us=352, hits=55, map=295)...[0m
[1;94m[*] [0mFuzzing test case #646 (972 total, 0 uniq crashes found, perf_score=229, exec_us=456, hits=269, map=343)...[0m
[1;94m[*] [0mFuzzing test case #240 (972 total, 0 uniq crashes found, perf_score=114, exec_us=334, hits=646, map=494)...[0m
[1;94m[*] [0mFuzzing test case #573 (972 total, 0 uniq crashes found, perf_score=86, exec_us=837, hits=173, map=269)...[0m
[1;94m[*] [0mFuzzing test case #49 (972 total, 0 uniq crashes found, perf_score=86, exec_us=385, hits=562, map=263)...[0m
[1;94m[*] [0mFuzzing test case #532 (972 total, 0 uniq crashes found, perf_score=229, exec_us=331, hits=913, map=273)...[0m
[1;94m[*] [0mFuzzing test case #444 (972 total, 0 uniq crashes found, perf_score=172, exec_us=385, hits=233, map=547)...[0m
[1;94m[*] [0mFuzzing test case #115 (972 total, 0 uniq crashes found, perf_score=114, exec_us=364, hits=141, map=322)...[0m
[1;94m[*] [0mFuzzing test case #440 (972 total, 0 uniq crashes found, perf_score=114, exec_us=473, hits=243, map=285)...[0m
[1;94m[*] [0mFuzzing test case #952 (972 total, 0 uniq crashes found, perf_score=459, exec_us=336, hits=1, map=484)...[0m
[1;94m[*] [0mFuzzing test case #850 (972 total, 0 uniq crashes found, perf_score=345, exec_us=343, hits=128, map=320)...[0m
[1;94m[*] [0mFuzzing test case #240 (972 total, 0 uniq crashes found, perf_score=114, exec_us=334, hits=648, map=494)...[0m
[1;94m[*] [0mFuzzing test case #240 (972 total, 0 uniq crashes found, perf_score=114, exec_us=334, hits=651, map=494)...[0m
[1;94m[*] [0mFuzzing test case #287 (972 total, 0 uniq crashes found, perf_score=229, exec_us=345, hits=43, map=528)...[0m
[1;94m[*] [0mFuzzing test case #449 (972 total, 0 uniq crashes found, perf_score=172, exec_us=360, hits=94, map=536)...[0m
[1;94m[*] [0mFuzzing test case #240 (972 total, 0 uniq crashes found, perf_score=114, exec_us=334, hits=652, map=494)...[0m
[1;94m[*] [0mFuzzing test case #334 (972 total, 0 uniq crashes found, perf_score=345, exec_us=340, hits=263, map=535)...[0m
[1;94m[*] [0mFuzzing test case #636 (972 total, 0 uniq crashes found, perf_score=459, exec_us=329, hits=22, map=287)...[0m
[1;94m[*] [0mFuzzing test case #952 (972 total, 0 uniq crashes found, perf_score=459, exec_us=336, hits=1, map=484)...[0m
[1;94m[*] [0mFuzzing test case #147 (972 total, 0 uniq crashes found, perf_score=258, exec_us=389, hits=5, map=213)...[0m
[1;94m[*] [0mFuzzing test case #395 (972 total, 0 uniq crashes found, perf_score=459, exec_us=491, hits=2, map=308)...[0m
[1;94m[*] [0mFuzzing test case #866 (972 total, 0 uniq crashes found, perf_score=345, exec_us=345, hits=2776, map=275)...[0m
[1;94m[*] [0mFuzzing test case #786 (973 total, 0 uniq crashes found, perf_score=229, exec_us=355, hits=201, map=313)...[0m
[1;94m[*] [0mFuzzing test case #240 (973 total, 0 uniq crashes found, perf_score=114, exec_us=334, hits=658, map=494)...[0m
[1;94m[*] [0mFuzzing test case #798 (973 total, 0 uniq crashes found, perf_score=229, exec_us=379, hits=102, map=316)...[0m
[1;94m[*] [0mFuzzing test case #240 (973 total, 0 uniq crashes found, perf_score=114, exec_us=334, hits=662, map=494)...[0m
[1;94m[*] [0mFuzzing test case #972 (973 total, 0 uniq crashes found, perf_score=600, exec_us=412, hits=1, map=275)...[0m
[1;94m[*] [0mFuzzing test case #115 (973 total, 0 uniq crashes found, perf_score=114, exec_us=364, hits=141, map=322)...[0m
[1;94m[*] [0mFuzzing test case #636 (973 total, 0 uniq crashes found, perf_score=459, exec_us=329, hits=22, map=287)...[0m
[1;94m[*] [0mFuzzing test case #636 (973 total, 0 uniq crashes found, perf_score=459, exec_us=329, hits=22, map=287)...[0m
[1;94m[*] [0mFuzzing test case #444 (973 total, 0 uniq crashes found, perf_score=172, exec_us=385, hits=248, map=547)...[0m
[1;94m[*] [0mFuzzing test case #530 (973 total, 0 uniq crashes found, perf_score=229, exec_us=359, hits=437, map=274)...[0m
[1;94m[*] [0mFuzzing test case #744 (973 total, 0 uniq crashes found, perf_score=229, exec_us=371, hits=275, map=313)...[0m
[1;94m[*] [0mFuzzing test case #636 (973 total, 0 uniq crashes found, perf_score=459, exec_us=329, hits=23, map=287)...[0m
[1;94m[*] [0mFuzzing test case #742 (973 total, 0 uniq crashes found, perf_score=229, exec_us=371, hits=142, map=313)...[0m
[1;94m[*] [0mFuzzing test case #636 (973 total, 0 uniq crashes found, perf_score=459, exec_us=329, hits=23, map=287)...[0m
[1;94m[*] [0mFuzzing test case #611 (973 total, 0 uniq crashes found, perf_score=229, exec_us=339, hits=564, map=498)...[0m
[1;94m[*] [0mFuzzing test case #240 (973 total, 0 uniq crashes found, perf_score=114, exec_us=334, hits=664, map=494)...[0m
[1;94m[*] [0mFuzzing test case #227 (974 total, 0 uniq crashes found, perf_score=172, exec_us=406, hits=946, map=226)...[0m
[1;94m[*] [0mFuzzing test case #973 (974 total, 0 uniq crashes found, perf_score=400, exec_us=414, hits=1, map=465)...[0m
[1;94m[*] [0mFuzzing test case #622 (982 total, 0 uniq crashes found, perf_score=160, exec_us=362, hits=91, map=290)...[0m
[1;94m[*] [0mFuzzing test case #240 (982 total, 0 uniq crashes found, perf_score=114, exec_us=334, hits=667, map=494)...[0m
[1;94m[*] [0mFuzzing test case #981 (982 total, 0 uniq crashes found, perf_score=400, exec_us=567, hits=2, map=466)...[0m
[1;94m[*] [0mFuzzing test case #49 (984 total, 0 uniq crashes found, perf_score=86, exec_us=385, hits=575, map=263)...[0m
[1;94m[*] [0mFuzzing test case #636 (984 total, 0 uniq crashes found, perf_score=459, exec_us=329, hits=23, map=287)...[0m
[1;94m[*] [0mFuzzing test case #240 (984 total, 0 uniq crashes found, perf_score=114, exec_us=334, hits=671, map=494)...[0m
[1;94m[*] [0mFuzzing test case #783 (984 total, 0 uniq crashes found, perf_score=229, exec_us=582, hits=75, map=314)...[0m
[1;94m[*] [0mFuzzing test case #442 (984 total, 0 uniq crashes found, perf_score=114, exec_us=417, hits=239, map=285)...[0m
[1;94m[*] [0mFuzzing test case #407 (984 total, 0 uniq crashes found, perf_score=300, exec_us=603, hits=2, map=537)...[0m
[1;94m[*] [0mFuzzing test case #4 (984 total, 0 uniq crashes found, perf_score=28, exec_us=360, hits=23754, map=73)...[0m
[1;94m[*] [0mFuzzing test case #636 (984 total, 0 uniq crashes found, perf_score=459, exec_us=329, hits=23, map=287)...[0m
[1;94m[*] [0mFuzzing test case #173 (984 total, 0 uniq crashes found, perf_score=114, exec_us=329, hits=836, map=515)...[0m
[1;94m[*] [0mFuzzing test case #147 (984 total, 0 uniq crashes found, perf_score=258, exec_us=389, hits=7, map=213)...[0m
[1;94m[*] [0mFuzzing test case #240 (984 total, 0 uniq crashes found, perf_score=114, exec_us=334, hits=673, map=494)...[0m
[1;94m[*] [0mFuzzing test case #636 (984 total, 0 uniq crashes found, perf_score=459, exec_us=329, hits=23, map=287)...[0m
[1;94m[*] [0mFuzzing test case #636 (984 total, 0 uniq crashes found, perf_score=459, exec_us=329, hits=23, map=287)...[0m
[1;94m[*] [0mFuzzing test case #672 (984 total, 0 uniq crashes found, perf_score=345, exec_us=345, hits=2241, map=286)...[0m
[1;94m[*] [0mFuzzing test case #240 (984 total, 0 uniq crashes found, perf_score=114, exec_us=334, hits=675, map=494)...[0m
[1;94m[*] [0mFuzzing test case #636 (984 total, 0 uniq crashes found, perf_score=459, exec_us=329, hits=23, map=287)...[0m
[1;94m[*] [0mFuzzing test case #983 (984 total, 0 uniq crashes found, perf_score=200, exec_us=362, hits=1, map=474)...[0m
[1;94m[*] [0mFuzzing test case #611 (984 total, 0 uniq crashes found, perf_score=229, exec_us=339, hits=577, map=498)...[0m
[1;94m[*] [0mFuzzing test case #636 (984 total, 0 uniq crashes found, perf_score=459, exec_us=329, hits=24, map=287)...[0m
[1;94m[*] [0mFuzzing test case #606 (984 total, 0 uniq crashes found, perf_score=160, exec_us=360, hits=112, map=489)...[0m
[1;94m[*] [0mFuzzing test case #636 (984 total, 0 uniq crashes found, perf_score=459, exec_us=329, hits=24, map=287)...[0m
[1;94m[*] [0mFuzzing test case #810 (984 total, 0 uniq crashes found, perf_score=229, exec_us=323, hits=698, map=304)...[0m
[1;94m[*] [0mFuzzing test case #173 (984 total, 0 uniq crashes found, perf_score=114, exec_us=329, hits=846, map=515)...[0m
[1;94m[*] [0mFuzzing test case #240 (984 total, 0 uniq crashes found, perf_score=114, exec_us=334, hits=681, map=494)...[0m
[1;94m[*] [0mFuzzing test case #636 (984 total, 0 uniq crashes found, perf_score=459, exec_us=329, hits=24, map=287)...[0m
[1;94m[*] [0mFuzzing test case #810 (984 total, 0 uniq crashes found, perf_score=229, exec_us=323, hits=734, map=304)...[0m
[1;94m[*] [0mFuzzing test case #210 (984 total, 0 uniq crashes found, perf_score=258, exec_us=375, hits=15, map=218)...[0m
[1;94m[*] [0mFuzzing test case #824 (984 total, 0 uniq crashes found, perf_score=345, exec_us=418, hits=1082, map=269)...[0m
[1;94m[*] [0mFuzzing test case #636 (984 total, 0 uniq crashes found, perf_score=459, exec_us=329, hits=25, map=287)...[0m
[1;94m[*] [0mFuzzing test case #240 (984 total, 0 uniq crashes found, perf_score=114, exec_us=334, hits=683, map=494)...[0m
[1;94m[*] [0mFuzzing test case #528 (984 total, 0 uniq crashes found, perf_score=229, exec_us=392, hits=339, map=273)...[0m
[1;94m[*] [0mFuzzing test case #971 (984 total, 0 uniq crashes found, perf_score=229, exec_us=412, hits=489, map=266)...[0m
[1;94m[*] [0mFuzzing test case #636 (984 total, 0 uniq crashes found, perf_score=459, exec_us=329, hits=25, map=287)...[0m
[1;94m[*] [0mFuzzing test case #115 (984 total, 0 uniq crashes found, perf_score=114, exec_us=364, hits=144, map=322)...[0m
[1;94m[*] [0mFuzzing test case #240 (984 total, 0 uniq crashes found, perf_score=114, exec_us=334, hits=686, map=494)...[0m
[1;94m[*] [0mFuzzing test case #240 (984 total, 0 uniq crashes found, perf_score=114, exec_us=334, hits=692, map=494)...[0m
[1;94m[*] [0mFuzzing test case #187 (984 total, 0 uniq crashes found, perf_score=172, exec_us=415, hits=26, map=218)...[0m
[1;94m[*] [0mFuzzing test case #252 (984 total, 0 uniq crashes found, perf_score=229, exec_us=380, hits=22, map=273)...[0m
[1;94m[*] [0mFuzzing test case #952 (985 total, 0 uniq crashes found, perf_score=459, exec_us=336, hits=2, map=484)...[0m
[1;94m[*] [0mFuzzing test case #985 (986 total, 0 uniq crashes found, perf_score=400, exec_us=350, hits=1, map=486)...[0m
[1;94m[*] [0mFuzzing test case #636 (986 total, 0 uniq crashes found, perf_score=459, exec_us=329, hits=26, map=287)...[0m
[1;94m[*] [0mFuzzing test case #516 (986 total, 0 uniq crashes found, perf_score=229, exec_us=358, hits=842, map=337)...[0m
[1;94m[*] [0mFuzzing test case #240 (986 total, 0 uniq crashes found, perf_score=114, exec_us=334, hits=696, map=494)...[0m
[1;94m[*] [0mFuzzing test case #961 (986 total, 0 uniq crashes found, perf_score=229, exec_us=352, hits=127, map=292)...[0m
[1;94m[*] [0mFuzzing test case #868 (986 total, 0 uniq crashes found, perf_score=229, exec_us=472, hits=104, map=315)...[0m
[1;94m[*] [0mFuzzing test case #598 (986 total, 0 uniq crashes found, perf_score=300, exec_us=380, hits=6, map=413)...[0m
[1;94m[*] [0mFuzzing test case #833 (986 total, 0 uniq crashes found, perf_score=229, exec_us=351, hits=255, map=317)...[0m
[1;94m[*] [0mFuzzing test case #717 (986 total, 0 uniq crashes found, perf_score=172, exec_us=380, hits=235, map=259)...[0m
[1;94m[*] [0mFuzzing test case #476 (986 total, 0 uniq crashes found, perf_score=345, exec_us=350, hits=13, map=333)...[0m
[1;94m[*] [0mFuzzing test case #866 (986 total, 0 uniq crashes found, perf_score=345, exec_us=345, hits=2918, map=275)...[0m
[1;94m[*] [0mFuzzing test case #850 (986 total, 0 uniq crashes found, perf_score=345, exec_us=343, hits=208, map=320)...[0m
[1;94m[*] [0mFuzzing test case #636 (986 total, 0 uniq crashes found, perf_score=459, exec_us=329, hits=26, map=287)...[0m
[1;94m[*] [0mFuzzing test case #240 (986 total, 0 uniq crashes found, perf_score=114, exec_us=334, hits=699, map=494)...[0m
[1;94m[*] [0mFuzzing test case #334 (986 total, 0 uniq crashes found, perf_score=345, exec_us=340, hits=263, map=535)...[0m
[1;94m[*] [0mFuzzing test case #240 (986 total, 0 uniq crashes found, perf_score=114, exec_us=334, hits=704, map=494)...[0m
[1;94m[*] [0mFuzzing test case #910 (986 total, 0 uniq crashes found, perf_score=459, exec_us=375, hits=2447, map=286)...[0m
[1;94m[*] [0mFuzzing test case #465 (986 total, 0 uniq crashes found, perf_score=114, exec_us=352, hits=55, map=295)...[0m
[1;94m[*] [0mFuzzing test case #636 (986 total, 0 uniq crashes found, perf_score=459, exec_us=329, hits=27, map=287)...[0m
[1;94m[*] [0mFuzzing test case #636 (986 total, 0 uniq crashes found, perf_score=459, exec_us=329, hits=28, map=287)...[0m
[1;94m[*] [0mFuzzing test case #240 (986 total, 0 uniq crashes found, perf_score=114, exec_us=334, hits=710, map=494)...[0m
[1;94m[*] [0mFuzzing test case #533 (986 total, 0 uniq crashes found, perf_score=229, exec_us=326, hits=6855, map=308)...[0m
[1;94m[*] [0mFuzzing test case #373 (986 total, 0 uniq crashes found, perf_score=114, exec_us=390, hits=727, map=330)...[0m
[1;94m[*] [0mFuzzing test case #822 (986 total, 0 uniq crashes found, perf_score=345, exec_us=350, hits=2299, map=274)...[0m
[1;94m[*] [0mFuzzing test case #810 (986 total, 0 uniq crashes found, perf_score=229, exec_us=323, hits=779, map=304)...[0m
[1;94m[*] [0mFuzzing test case #894 (987 total, 0 uniq crashes found, perf_score=690, exec_us=332, hits=1, map=546)...[0m
[1;94m[*] [0mFuzzing test case #750 (987 total, 0 uniq crashes found, perf_score=229, exec_us=344, hits=254, map=313)...[0m
[1;94m[*] [0mFuzzing test case #276 (987 total, 0 uniq crashes found, perf_score=100, exec_us=444, hits=11, map=503)...[0m
[1;94m[*] [0mFuzzing test case #358 (987 total, 0 uniq crashes found, perf_score=229, exec_us=345, hits=698, map=508)...[0m
[1;94m[*] [0mFuzzing test case #334 (987 total, 0 uniq crashes found, perf_score=345, exec_us=340, hits=268, map=535)...[0m
[1;94m[*] [0mFuzzing test case #550 (987 total, 0 uniq crashes found, perf_score=229, exec_us=520, hits=156, map=285)...[0m
[1;94m[*] [0mFuzzing test case #533 (988 total, 0 uniq crashes found, perf_score=229, exec_us=326, hits=6915, map=308)...[0m
[1;94m[*] [0mFuzzing test case #987 (988 total, 0 uniq crashes found, perf_score=400, exec_us=387, hits=1, map=285)...[0m
[1;94m[*] [0mFuzzing test case #672 (989 total, 0 uniq crashes found, perf_score=345, exec_us=345, hits=2324, map=286)...[0m
[1;94m[*] [0mFuzzing test case #604 (989 total, 0 uniq crashes found, perf_score=114, exec_us=379, hits=158, map=345)...[0m
[1;94m[*] [0mFuzzing test case #431 (989 total, 0 uniq crashes found, perf_score=345, exec_us=395, hits=180, map=537)...[0m
[1;94m[*] [0mFuzzing test case #227 (989 total, 0 uniq crashes found, perf_score=172, exec_us=406, hits=1035, map=226)...[0m
[1;94m[*] [0mFuzzing test case #465 (989 total, 0 uniq crashes found, perf_score=114, exec_us=352, hits=55, map=295)...[0m
[1;94m[*] [0mFuzzing test case #843 (989 total, 0 uniq crashes found, perf_score=80, exec_us=395, hits=1467, map=325)...[0m
[1;94m[*] [0mFuzzing test case #865 (989 total, 0 uniq crashes found, perf_score=690, exec_us=361, hits=12, map=268)...[0m
[1;94m[*] [0mFuzzing test case #240 (989 total, 0 uniq crashes found, perf_score=114, exec_us=334, hits=715, map=494)...[0m
[1;94m[*] [0mFuzzing test case #50 (989 total, 0 uniq crashes found, perf_score=114, exec_us=380, hits=274, map=271)...[0m
[1;94m[*] [0mFuzzing test case #653 (989 total, 0 uniq crashes found, perf_score=229, exec_us=429, hits=134, map=491)...[0m
[1;94m[*] [0mFuzzing test case #636 (989 total, 0 uniq crashes found, perf_score=459, exec_us=329, hits=28, map=287)...[0m
[1;94m[*] [0mFuzzing test case #240 (989 total, 0 uniq crashes found, perf_score=114, exec_us=334, hits=720, map=494)...[0m
[1;94m[*] [0mFuzzing test case #337 (989 total, 0 uniq crashes found, perf_score=114, exec_us=538, hits=69, map=503)...[0m
[1;94m[*] [0mFuzzing test case #988 (989 total, 0 uniq crashes found, perf_score=400, exec_us=383, hits=1, map=285)...[0m
[1;94m[*] [0mFuzzing test case #989 (990 total, 0 uniq crashes found, perf_score=600, exec_us=357, hits=7, map=283)...[0m
[1;94m[*] [0mFuzzing test case #240 (990 total, 0 uniq crashes found, perf_score=114, exec_us=334, hits=721, map=494)...[0m
[1;94m[*] [0mFuzzing test case #866 (990 total, 0 uniq crashes found, perf_score=345, exec_us=345, hits=3038, map=275)...[0m
[1;94m[*] [0mFuzzing test case #358 (990 total, 0 uniq crashes found, perf_score=229, exec_us=345, hits=732, map=508)...[0m
[1;94m[*] [0mFuzzing test case #533 (990 total, 0 uniq crashes found, perf_score=229, exec_us=326, hits=6960, map=308)...[0m
[1;94m[*] [0mFuzzing test case #636 (990 total, 0 uniq crashes found, perf_score=459, exec_us=329, hits=28, map=287)...[0m
[1;94m[*] [0mFuzzing test case #115 (990 total, 0 uniq crashes found, perf_score=114, exec_us=364, hits=144, map=322)...[0m
[1;94m[*] [0mFuzzing test case #334 (990 total, 0 uniq crashes found, perf_score=345, exec_us=340, hits=277, map=535)...[0m
[1;94m[*] [0mFuzzing test case #672 (990 total, 0 uniq crashes found, perf_score=345, exec_us=345, hits=2401, map=286)...[0m
[1;94m[*] [0mFuzzing test case #346 (990 total, 0 uniq crashes found, perf_score=114, exec_us=461, hits=82, map=502)...[0m
[1;94m[*] [0mFuzzing test case #173 (990 total, 0 uniq crashes found, perf_score=114, exec_us=329, hits=856, map=515)...[0m
[1;94m[*] [0mFuzzing test case #115 (990 total, 0 uniq crashes found, perf_score=114, exec_us=364, hits=150, map=322)...[0m
[1;94m[*] [0mFuzzing test case #866 (990 total, 0 uniq crashes found, perf_score=345, exec_us=345, hits=3204, map=275)...[0m
[1;94m[*] [0mFuzzing test case #990 (991 total, 0 uniq crashes found, perf_score=600, exec_us=422, hits=1, map=287)...[0m
[1;94m[*] [0mFuzzing test case #473 (997 total, 0 uniq crashes found, perf_score=459, exec_us=322, hits=1, map=341)...[0m
[1;94m[*] [0mFuzzing test case #992 (997 total, 0 uniq crashes found, perf_score=600, exec_us=497, hits=1, map=284)...[0m
[1;94m[*] [0mFuzzing test case #363 (997 total, 0 uniq crashes found, perf_score=114, exec_us=579, hits=251, map=324)...[0m
[1;94m[*] [0mFuzzing test case #240 (997 total, 0 uniq crashes found, perf_score=114, exec_us=334, hits=724, map=494)...[0m
[1;94m[*] [0mFuzzing test case #636 (997 total, 0 uniq crashes found, perf_score=459, exec_us=329, hits=28, map=287)...[0m
[1;94m[*] [0mFuzzing test case #672 (997 total, 0 uniq crashes found, perf_score=345, exec_us=345, hits=2470, map=286)...[0m
[1;94m[*] [0mFuzzing test case #240 (998 total, 0 uniq crashes found, perf_score=114, exec_us=334, hits=727, map=494)...[0m
[1;94m[*] [0mFuzzing test case #424 (998 total, 0 uniq crashes found, perf_score=200, exec_us=504, hits=1, map=516)...[0m
[1;94m[*] [0mFuzzing test case #533 (998 total, 0 uniq crashes found, perf_score=229, exec_us=326, hits=7028, map=308)...[0m
[1;94m[*] [0mFuzzing test case #221 (998 total, 0 uniq crashes found, perf_score=345, exec_us=422, hits=3, map=242)...[0m
[1;94m[*] [0mFuzzing test case #287 (998 total, 0 uniq crashes found, perf_score=229, exec_us=345, hits=49, map=528)...[0m
[1;94m[*] [0mFuzzing test case #720 (998 total, 0 uniq crashes found, perf_score=517, exec_us=343, hits=4, map=259)...[0m
[1;94m[*] [0mFuzzing test case #697 (998 total, 0 uniq crashes found, perf_score=150, exec_us=678, hits=1, map=484)...[0m
[1;94m[*] [0mFuzzing test case #605 (998 total, 0 uniq crashes found, perf_score=919, exec_us=426, hits=2, map=500)...[0m
[1;94m[*] [0mFuzzing test case #418 (998 total, 0 uniq crashes found, perf_score=200, exec_us=490, hits=3, map=523)...[0m
[1;94m[*] [0mFuzzing test case #483 (998 total, 0 uniq crashes found, perf_score=459, exec_us=460, hits=1, map=314)...[0m
[1;94m[*] [0mFuzzing test case #4 (998 total, 0 uniq crashes found, perf_score=28, exec_us=360, hits=24980, map=73)...[0m
[1;94m[*] [0mFuzzing test case #334 (998 total, 0 uniq crashes found, perf_score=345, exec_us=340, hits=278, map=535)...[0m
[1;94m[*] [0mFuzzing test case #154 (998 total, 0 uniq crashes found, perf_score=114, exec_us=359, hits=72, map=274)...[0m
[1;94m[*] [0mFuzzing test case #788 (998 total, 0 uniq crashes found, perf_score=229, exec_us=362, hits=1183, map=269)...[0m
[1;94m[*] [0mFuzzing test case #822 (998 total, 0 uniq crashes found, perf_score=345, exec_us=350, hits=2377, map=274)...[0m
[1;94m[*] [0mFuzzing test case #240 (998 total, 0 uniq crashes found, perf_score=114, exec_us=334, hits=730, map=494)...[0m
[1;94m[*] [0mFuzzing test case #334 (998 total, 0 uniq crashes found, perf_score=345, exec_us=340, hits=288, map=535)...[0m
[1;94m[*] [0mFuzzing test case #341 (998 total, 0 uniq crashes found, perf_score=114, exec_us=400, hits=80, map=509)...[0m
[1;94m[*] [0mFuzzing test case #611 (998 total, 0 uniq crashes found, perf_score=229, exec_us=339, hits=595, map=498)...[0m
[1;94m[*] [0mFuzzing test case #884 (998 total, 0 uniq crashes found, perf_score=345, exec_us=373, hits=134, map=505)...[0m
[1;94m[*] [0mFuzzing test case #240 (998 total, 0 uniq crashes found, perf_score=114, exec_us=334, hits=735, map=494)...[0m
[1;94m[*] [0mFuzzing test case #611 (998 total, 0 uniq crashes found, perf_score=229, exec_us=339, hits=607, map=498)...[0m
[1;94m[*] [0mFuzzing test case #533 (998 total, 0 uniq crashes found, perf_score=229, exec_us=326, hits=7100, map=308)...[0m
[1;94m[*] [0mFuzzing test case #133 (998 total, 0 uniq crashes found, perf_score=114, exec_us=340, hits=46, map=524)...[0m
[1;94m[*] [0mFuzzing test case #995 (998 total, 0 uniq crashes found, perf_score=300, exec_us=481, hits=1, map=287)...[0m
[1;94m[*] [0mFuzzing test case #640 (1001 total, 0 uniq crashes found, perf_score=229, exec_us=354, hits=20, map=272)...[0m
[1;94m[*] [0mFuzzing test case #34 (1001 total, 0 uniq crashes found, perf_score=100, exec_us=437, hits=13, map=516)...[0m
[1;94m[*] [0mFuzzing test case #636 (1001 total, 0 uniq crashes found, perf_score=459, exec_us=329, hits=28, map=287)...[0m
[1;94m[*] [0mFuzzing test case #640 (1001 total, 0 uniq crashes found, perf_score=229, exec_us=354, hits=20, map=272)...[0m
[1;94m[*] [0mFuzzing test case #727 (1001 total, 0 uniq crashes found, perf_score=120, exec_us=445, hits=154, map=268)...[0m
[1;94m[*] [0mFuzzing test case #334 (1001 total, 0 uniq crashes found, perf_score=345, exec_us=340, hits=288, map=535)...[0m
[1;94m[*] [0mFuzzing test case #327 (1001 total, 0 uniq crashes found, perf_score=229, exec_us=396, hits=110, map=439)...[0m
[1;94m[*] [0mFuzzing test case #349 (1001 total, 0 uniq crashes found, perf_score=114, exec_us=464, hits=60, map=503)...[0m
[1;94m[*] [0mFuzzing test case #240 (1001 total, 0 uniq crashes found, perf_score=114, exec_us=334, hits=735, map=494)...[0m
[1;94m[*] [0mFuzzing test case #240 (1001 total, 0 uniq crashes found, perf_score=114, exec_us=334, hits=738, map=494)...[0m
[1;94m[*] [0mFuzzing test case #203 (1001 total, 0 uniq crashes found, perf_score=100, exec_us=374, hits=19, map=495)...[0m
[1;94m[*] [0mFuzzing test case #989 (1001 total, 0 uniq crashes found, perf_score=345, exec_us=357, hits=171, map=283)...[0m
[1;94m[*] [0mFuzzing test case #112 (1001 total, 0 uniq crashes found, perf_score=172, exec_us=361, hits=20, map=234)...[0m
[1;94m[*] [0mFuzzing test case #828 (1001 total, 0 uniq crashes found, perf_score=345, exec_us=495, hits=599, map=264)...[0m
[1;94m[*] [0mFuzzing test case #1000 (1001 total, 0 uniq crashes found, perf_score=300, exec_us=388, hits=1, map=287)...[0m
[1;94m[*] [0mFuzzing test case #74 (1005 total, 0 uniq crashes found, perf_score=75, exec_us=427, hits=8, map=216)...[0m
[1;94m[*] [0mFuzzing test case #451 (1005 total, 0 uniq crashes found, perf_score=150, exec_us=441, hits=4, map=553)...[0m
[1;94m[*] [0mFuzzing test case #148 (1005 total, 0 uniq crashes found, perf_score=400, exec_us=331, hits=1, map=298)...[0m
[1;94m[*] [0mFuzzing test case #636 (1005 total, 0 uniq crashes found, perf_score=459, exec_us=329, hits=28, map=287)...[0m
[1;94m[*] [0mFuzzing test case #334 (1005 total, 0 uniq crashes found, perf_score=345, exec_us=340, hits=288, map=535)...[0m
[1;94m[*] [0mFuzzing test case #636 (1005 total, 0 uniq crashes found, perf_score=459, exec_us=329, hits=28, map=287)...[0m
[1;94m[*] [0mFuzzing test case #822 (1005 total, 0 uniq crashes found, perf_score=345, exec_us=350, hits=2472, map=274)...[0m
[1;94m[*] [0mFuzzing test case #240 (1005 total, 0 uniq crashes found, perf_score=114, exec_us=334, hits=740, map=494)...[0m
[1;94m[*] [0mFuzzing test case #892 (1005 total, 0 uniq crashes found, perf_score=345, exec_us=427, hits=95, map=286)...[0m
[1;94m[*] [0mFuzzing test case #739 (1005 total, 0 uniq crashes found, perf_score=200, exec_us=406, hits=1, map=312)...[0m
[1;94m[*] [0mFuzzing test case #334 (1005 total, 0 uniq crashes found, perf_score=345, exec_us=340, hits=288, map=535)...[0m
[1;94m[*] [0mFuzzing test case #533 (1005 total, 0 uniq crashes found, perf_score=229, exec_us=326, hits=7173, map=308)...[0m
[1;94m[*] [0mFuzzing test case #229 (1005 total, 0 uniq crashes found, perf_score=172, exec_us=444, hits=558, map=227)...[0m
[1;94m[*] [0mFuzzing test case #240 (1005 total, 0 uniq crashes found, perf_score=114, exec_us=334, hits=744, map=494)...[0m
[1;94m[*] [0mFuzzing test case #737 (1005 total, 0 uniq crashes found, perf_score=160, exec_us=490, hits=96, map=314)...[0m
[1;94m[*] [0mFuzzing test case #431 (1005 total, 0 uniq crashes found, perf_score=345, exec_us=395, hits=211, map=537)...[0m
[1;94m[*] [0mFuzzing test case #240 (1006 total, 0 uniq crashes found, perf_score=114, exec_us=334, hits=746, map=494)...[0m
[1;94m[*] [0mFuzzing test case #240 (1006 total, 0 uniq crashes found, perf_score=114, exec_us=334, hits=751, map=494)...[0m
[1;94m[*] [0mFuzzing test case #173 (1006 total, 0 uniq crashes found, perf_score=114, exec_us=329, hits=864, map=515)...[0m
[1;94m[*] [0mFuzzing test case #636 (1006 total, 0 uniq crashes found, perf_score=459, exec_us=329, hits=28, map=287)...[0m
[1;94m[*] [0mFuzzing test case #865 (1006 total, 0 uniq crashes found, perf_score=690, exec_us=361, hits=15, map=268)...[0m
[1;94m[*] [0mFuzzing test case #810 (1006 total, 0 uniq crashes found, perf_score=229, exec_us=323, hits=822, map=304)...[0m
[1;94m[*] [0mFuzzing test case #850 (1006 total, 0 uniq crashes found, perf_score=345, exec_us=343, hits=283, map=320)...[0m
[1;94m[*] [0mFuzzing test case #240 (1006 total, 0 uniq crashes found, perf_score=114, exec_us=334, hits=754, map=494)...[0m
[1;94m[*] [0mFuzzing test case #636 (1006 total, 0 uniq crashes found, perf_score=459, exec_us=329, hits=28, map=287)...[0m
[1;94m[*] [0mFuzzing test case #187 (1006 total, 0 uniq crashes found, perf_score=172, exec_us=415, hits=28, map=218)...[0m
[1;94m[*] [0mFuzzing test case #782 (1006 total, 0 uniq crashes found, perf_score=229, exec_us=312, hits=334, map=313)...[0m
[1;94m[*] [0mFuzzing test case #636 (1006 total, 0 uniq crashes found, perf_score=459, exec_us=329, hits=28, map=287)...[0m
[1;94m[*] [0mFuzzing test case #818 (1006 total, 0 uniq crashes found, perf_score=345, exec_us=545, hits=639, map=266)...[0m
[1;94m[*] [0mFuzzing test case #254 (1006 total, 0 uniq crashes found, perf_score=100, exec_us=426, hits=1, map=499)...[0m
[1;94m[*] [0mFuzzing test case #383 (1006 total, 0 uniq crashes found, perf_score=114, exec_us=348, hits=86, map=334)...[0m
[1;94m[*] [0mFuzzing test case #240 (1006 total, 0 uniq crashes found, perf_score=114, exec_us=334, hits=758, map=494)...[0m
[1;94m[*] [0mFuzzing test case #533 (1006 total, 0 uniq crashes found, perf_score=229, exec_us=326, hits=7235, map=308)...[0m
[1;94m[*] [0mFuzzing test case #882 (1006 total, 0 uniq crashes found, perf_score=160, exec_us=377, hits=94, map=513)...[0m
[1;94m[*] [0mFuzzing test case #240 (1006 total, 0 uniq crashes found, perf_score=114, exec_us=334, hits=763, map=494)...[0m
[1;94m[*] [0mFuzzing test case #334 (1006 total, 0 uniq crashes found, perf_score=345, exec_us=340, hits=288, map=535)...[0m
[1;94m[*] [0mFuzzing test case #636 (1006 total, 0 uniq crashes found, perf_score=459, exec_us=329, hits=28, map=287)...[0m
[1;94m[*] [0mFuzzing test case #819 (1006 total, 0 uniq crashes found, perf_score=1035, exec_us=358, hits=15, map=278)...[0m
[1;94m[*] [0mFuzzing test case #240 (1006 total, 0 uniq crashes found, perf_score=114, exec_us=334, hits=764, map=494)...[0m
[1;94m[*] [0mFuzzing test case #742 (1006 total, 0 uniq crashes found, perf_score=229, exec_us=371, hits=186, map=313)...[0m
[1;94m[*] [0mFuzzing test case #358 (1006 total, 0 uniq crashes found, perf_score=229, exec_us=345, hits=763, map=508)...[0m
[1;94m[*] [0mFuzzing test case #240 (1006 total, 0 uniq crashes found, perf_score=114, exec_us=334, hits=768, map=494)...[0m
[1;94m[*] [0mFuzzing test case #369 (1006 total, 0 uniq crashes found, perf_score=114, exec_us=396, hits=644, map=328)...[0m
[1;94m[*] [0mFuzzing test case #138 (1006 total, 0 uniq crashes found, perf_score=86, exec_us=406, hits=35, map=232)...[0m
[1;94m[*] [0mFuzzing test case #672 (1006 total, 0 uniq crashes found, perf_score=345, exec_us=345, hits=2570, map=286)...[0m
[1;94m[*] [0mFuzzing test case #240 (1006 total, 0 uniq crashes found, perf_score=114, exec_us=334, hits=775, map=494)...[0m
[1;94m[*] [0mFuzzing test case #352 (1006 total, 0 uniq crashes found, perf_score=114, exec_us=514, hits=75, map=505)...[0m
[1;94m[*] [0mFuzzing test case #985 (1007 total, 0 uniq crashes found, perf_score=229, exec_us=350, hits=109, map=486)...[0m
[1;94m[*] [0mFuzzing test case #334 (1007 total, 0 uniq crashes found, perf_score=345, exec_us=340, hits=293, map=535)...[0m
[1;94m[*] [0mFuzzing test case #819 (1007 total, 0 uniq crashes found, perf_score=690, exec_us=358, hits=16, map=278)...[0m
[1;94m[*] [0mFuzzing test case #640 (1007 total, 0 uniq crashes found, perf_score=229, exec_us=354, hits=21, map=272)...[0m
[1;94m[*] [0mFuzzing test case #753 (1007 total, 0 uniq crashes found, perf_score=150, exec_us=405, hits=2, map=545)...[0m
[1;94m[*] [0mFuzzing test case #636 (1007 total, 0 uniq crashes found, perf_score=459, exec_us=329, hits=28, map=287)...[0m
[1;94m[*] [0mFuzzing test case #913 (1007 total, 0 uniq crashes found, perf_score=114, exec_us=397, hits=48, map=495)...[0m
[1;94m[*] [0mFuzzing test case #636 (1007 total, 0 uniq crashes found, perf_score=459, exec_us=329, hits=28, map=287)...[0m
[1;94m[*] [0mFuzzing test case #340 (1007 total, 0 uniq crashes found, perf_score=114, exec_us=378, hits=98, map=500)...[0m
[1;94m[*] [0mFuzzing test case #533 (1007 total, 0 uniq crashes found, perf_score=229, exec_us=326, hits=7298, map=308)...[0m
[1;94m[*] [0mFuzzing test case #240 (1007 total, 0 uniq crashes found, perf_score=114, exec_us=334, hits=776, map=494)...[0m
[1;94m[*] [0mFuzzing test case #334 (1007 total, 0 uniq crashes found, perf_score=345, exec_us=340, hits=293, map=535)...[0m
[1;94m[*] [0mFuzzing test case #636 (1007 total, 0 uniq crashes found, perf_score=459, exec_us=329, hits=28, map=287)...[0m
[1;94m[*] [0mFuzzing test case #358 (1007 total, 0 uniq crashes found, perf_score=229, exec_us=345, hits=794, map=508)...[0m
[1;94m[*] [0mFuzzing test case #1002 (1007 total, 0 uniq crashes found, perf_score=400, exec_us=419, hits=1, map=282)...[0m
[1;94m[*] [0mFuzzing test case #636 (1009 total, 0 uniq crashes found, perf_score=459, exec_us=329, hits=28, map=287)...[0m
[1;94m[*] [0mFuzzing test case #553 (1009 total, 0 uniq crashes found, perf_score=229, exec_us=505, hits=312, map=272)...[0m
[1;94m[*] [0mFuzzing test case #240 (1009 total, 0 uniq crashes found, perf_score=114, exec_us=334, hits=778, map=494)...[0m
[1;94m[*] [0mFuzzing test case #533 (1009 total, 0 uniq crashes found, perf_score=229, exec_us=326, hits=7363, map=308)...[0m
[1;94m[*] [0mFuzzing test case #528 (1009 total, 0 uniq crashes found, perf_score=229, exec_us=392, hits=405, map=273)...[0m
[1;94m[*] [0mFuzzing test case #171 (1009 total, 0 uniq crashes found, perf_score=114, exec_us=374, hits=54, map=439)...[0m
[1;94m[*] [0mFuzzing test case #150 (1009 total, 0 uniq crashes found, perf_score=345, exec_us=457, hits=1, map=218)...[0m
[1;94m[*] [0mFuzzing test case #322 (1009 total, 0 uniq crashes found, perf_score=345, exec_us=353, hits=204, map=545)...[0m
[1;94m[*] [0mFuzzing test case #611 (1009 total, 0 uniq crashes found, perf_score=229, exec_us=339, hits=626, map=498)...[0m
[1;94m[*] [0mFuzzing test case #810 (1009 total, 0 uniq crashes found, perf_score=229, exec_us=323, hits=867, map=304)...[0m
[1;94m[*] [0mFuzzing test case #334 (1010 total, 0 uniq crashes found, perf_score=345, exec_us=340, hits=298, map=535)...[0m
[1;94m[*] [0mFuzzing test case #240 (1010 total, 0 uniq crashes found, perf_score=114, exec_us=334, hits=779, map=494)...[0m
[1;94m[*] [0mFuzzing test case #138 (1010 total, 0 uniq crashes found, perf_score=86, exec_us=406, hits=41, map=232)...[0m
[1;94m[*] [0mFuzzing test case #636 (1010 total, 0 uniq crashes found, perf_score=459, exec_us=329, hits=28, map=287)...[0m
[1;94m[*] [0mFuzzing test case #1009 (1010 total, 0 uniq crashes found, perf_score=400, exec_us=360, hits=1, map=302)...[0m
[1;94m[*] [0mFuzzing test case #516 (1011 total, 0 uniq crashes found, perf_score=229, exec_us=358, hits=869, map=337)...[0m
[1;94m[*] [0mFuzzing test case #587 (1011 total, 0 uniq crashes found, perf_score=114, exec_us=395, hits=247, map=486)...[0m
[1;94m[*] [0mFuzzing test case #819 (1011 total, 0 uniq crashes found, perf_score=690, exec_us=358, hits=16, map=278)...[0m
[1;94m[*] [0mFuzzing test case #822 (1011 total, 0 uniq crashes found, perf_score=345, exec_us=350, hits=2528, map=274)...[0m
[1;94m[*] [0mFuzzing test case #287 (1011 total, 0 uniq crashes found, perf_score=345, exec_us=345, hits=50, map=528)...[0m
[1;94m[*] [0mFuzzing test case #132 (1011 total, 0 uniq crashes found, perf_score=258, exec_us=335, hits=11, map=218)...[0m
[1;94m[*] [0mFuzzing test case #532 (1011 total, 0 uniq crashes found, perf_score=229, exec_us=331, hits=977, map=273)...[0m
[1;94m[*] [0mFuzzing test case #716 (1011 total, 0 uniq crashes found, perf_score=172, exec_us=329, hits=156, map=259)...[0m
[1;94m[*] [0mFuzzing test case #240 (1011 total, 0 uniq crashes found, perf_score=114, exec_us=334, hits=780, map=494)...[0m
[1;94m[*] [0mFuzzing test case #287 (1011 total, 0 uniq crashes found, perf_score=345, exec_us=345, hits=50, map=528)...[0m
[1;94m[*] [0mFuzzing test case #533 (1011 total, 0 uniq crashes found, perf_score=229, exec_us=326, hits=7414, map=308)...[0m
[1;94m[*] [0mFuzzing test case #966 (1011 total, 0 uniq crashes found, perf_score=229, exec_us=453, hits=191, map=264)...[0m
[1;94m[*] [0mFuzzing test case #39 (1011 total, 0 uniq crashes found, perf_score=86, exec_us=458, hits=4424, map=213)...[0m
[1;94m[*] [0mFuzzing test case #636 (1011 total, 0 uniq crashes found, perf_score=459, exec_us=329, hits=29, map=287)...[0m
[1;94m[*] [0mFuzzing test case #829 (1011 total, 0 uniq crashes found, perf_score=345, exec_us=473, hits=529, map=271)...[0m
[1;94m[*] [0mFuzzing test case #102 (1011 total, 0 uniq crashes found, perf_score=258, exec_us=512, hits=4, map=232)...[0m
[1;94m[*] [0mFuzzing test case #240 (1011 total, 0 uniq crashes found, perf_score=114, exec_us=334, hits=783, map=494)...[0m
[1;94m[*] [0mFuzzing test case #240 (1011 total, 0 uniq crashes found, perf_score=114, exec_us=334, hits=786, map=494)...[0m
[1;94m[*] [0mFuzzing test case #313 (1011 total, 0 uniq crashes found, perf_score=229, exec_us=340, hits=2664, map=275)...[0m
[1;94m[*] [0mFuzzing test case #115 (1011 total, 0 uniq crashes found, perf_score=114, exec_us=364, hits=154, map=322)...[0m
[1;94m[*] [0mFuzzing test case #790 (1011 total, 0 uniq crashes found, perf_score=229, exec_us=432, hits=1069, map=269)...[0m
[1;94m[*] [0mFuzzing test case #580 (1011 total, 0 uniq crashes found, perf_score=114, exec_us=436, hits=202, map=512)...[0m
[1;94m[*] [0mFuzzing test case #39 (1011 total, 0 uniq crashes found, perf_score=86, exec_us=458, hits=4440, map=213)...[0m
[1;94m[*] [0mFuzzing test case #789 (1011 total, 0 uniq crashes found, perf_score=229, exec_us=402, hits=761, map=269)...[0m
[1;94m[*] [0mFuzzing test case #334 (1011 total, 0 uniq crashes found, perf_score=345, exec_us=340, hits=305, map=535)...[0m
[1;94m[*] [0mFuzzing test case #533 (1011 total, 0 uniq crashes found, perf_score=229, exec_us=326, hits=7462, map=308)...[0m
[1;94m[*] [0mFuzzing test case #730 (1011 total, 0 uniq crashes found, perf_score=517, exec_us=343, hits=4, map=260)...[0m
[1;94m[*] [0mFuzzing test case #783 (1011 total, 0 uniq crashes found, perf_score=229, exec_us=582, hits=132, map=314)...[0m
[1;94m[*] [0mFuzzing test case #173 (1011 total, 0 uniq crashes found, perf_score=114, exec_us=329, hits=867, map=515)...[0m
[1;94m[*] [0mFuzzing test case #444 (1011 total, 0 uniq crashes found, perf_score=172, exec_us=385, hits=264, map=547)...[0m
[1;94m[*] [0mFuzzing test case #636 (1011 total, 0 uniq crashes found, perf_score=459, exec_us=329, hits=30, map=287)...[0m
[1;94m[*] [0mFuzzing test case #636 (1011 total, 0 uniq crashes found, perf_score=459, exec_us=329, hits=31, map=287)...[0m
[1;94m[*] [0mFuzzing test case #240 (1011 total, 0 uniq crashes found, perf_score=114, exec_us=334, hits=791, map=494)...[0m
[1;94m[*] [0mFuzzing test case #240 (1011 total, 0 uniq crashes found, perf_score=114, exec_us=334, hits=792, map=494)...[0m
[1;94m[*] [0mFuzzing test case #636 (1011 total, 0 uniq crashes found, perf_score=459, exec_us=329, hits=31, map=287)...[0m
[1;94m[*] [0mFuzzing test case #240 (1011 total, 0 uniq crashes found, perf_score=114, exec_us=334, hits=795, map=494)...[0m
[1;94m[*] [0mFuzzing test case #636 (1011 total, 0 uniq crashes found, perf_score=459, exec_us=329, hits=31, map=287)...[0m
[1;94m[*] [0mFuzzing test case #822 (1011 total, 0 uniq crashes found, perf_score=345, exec_us=350, hits=2620, map=274)...[0m
[1;94m[*] [0mFuzzing test case #966 (1011 total, 0 uniq crashes found, perf_score=229, exec_us=453, hits=321, map=264)...[0m
[1;94m[*] [0mFuzzing test case #636 (1011 total, 0 uniq crashes found, perf_score=459, exec_us=329, hits=31, map=287)...[0m
[1;94m[*] [0mFuzzing test case #636 (1011 total, 0 uniq crashes found, perf_score=459, exec_us=329, hits=31, map=287)...[0m
[1;94m[*] [0mFuzzing test case #702 (1011 total, 0 uniq crashes found, perf_score=150, exec_us=663, hits=2, map=483)...[0m
[1;94m[*] [0mFuzzing test case #115 (1011 total, 0 uniq crashes found, perf_score=114, exec_us=364, hits=159, map=322)...[0m
[1;94m[*] [0mFuzzing test case #115 (1011 total, 0 uniq crashes found, perf_score=114, exec_us=364, hits=166, map=322)...[0m
[1;94m[*] [0mFuzzing test case #465 (1011 total, 0 uniq crashes found, perf_score=114, exec_us=352, hits=56, map=295)...[0m
[1;94m[*] [0mFuzzing test case #636 (1011 total, 0 uniq crashes found, perf_score=459, exec_us=329, hits=31, map=287)...[0m
[1;94m[*] [0mFuzzing test case #334 (1011 total, 0 uniq crashes found, perf_score=345, exec_us=340, hits=308, map=535)...[0m
[1;94m[*] [0mFuzzing test case #173 (1011 total, 0 uniq crashes found, perf_score=114, exec_us=329, hits=877, map=515)...[0m
[1;94m[*] [0mFuzzing test case #334 (1011 total, 0 uniq crashes found, perf_score=345, exec_us=340, hits=315, map=535)...[0m
[1;94m[*] [0mFuzzing test case #240 (1011 total, 0 uniq crashes found, perf_score=114, exec_us=334, hits=797, map=494)...[0m
[1;94m[*] [0mFuzzing test case #579 (1011 total, 0 uniq crashes found, perf_score=114, exec_us=425, hits=115, map=511)...[0m
[1;94m[*] [0mFuzzing test case #868 (1011 total, 0 uniq crashes found, perf_score=229, exec_us=472, hits=164, map=315)...[0m
[1;94m[*] [0mFuzzing test case #850 (1011 total, 0 uniq crashes found, perf_score=345, exec_us=343, hits=364, map=320)...[0m
[1;94m[*] [0mFuzzing test case #444 (1012 total, 0 uniq crashes found, perf_score=172, exec_us=385, hits=280, map=547)...[0m
[1;94m[*] [0mFuzzing test case #156 (1012 total, 0 uniq crashes found, perf_score=345, exec_us=804, hits=1, map=517)...[0m
[1;94m[*] [0mFuzzing test case #340 (1012 total, 0 uniq crashes found, perf_score=114, exec_us=378, hits=98, map=500)...[0m
[1;94m[*] [0mFuzzing test case #636 (1012 total, 0 uniq crashes found, perf_score=459, exec_us=329, hits=31, map=287)...[0m
[1;94m[*] [0mFuzzing test case #671 (1012 total, 0 uniq crashes found, perf_score=345, exec_us=350, hits=257, map=284)...[0m
[1;94m[*] [0mFuzzing test case #108 (1012 total, 0 uniq crashes found, perf_score=300, exec_us=430, hits=7, map=264)...[0m
[1;94m[*] [0mFuzzing test case #819 (1012 total, 0 uniq crashes found, perf_score=690, exec_us=358, hits=16, map=278)...[0m
[1;94m[*] [0mFuzzing test case #173 (1012 total, 0 uniq crashes found, perf_score=114, exec_us=329, hits=880, map=515)...[0m
[1;94m[*] [0mFuzzing test case #594 (1012 total, 0 uniq crashes found, perf_score=345, exec_us=368, hits=5, map=279)...[0m
[1;94m[*] [0mFuzzing test case #636 (1012 total, 0 uniq crashes found, perf_score=459, exec_us=329, hits=31, map=287)...[0m
[1;94m[*] [0mFuzzing test case #845 (1012 total, 0 uniq crashes found, perf_score=345, exec_us=506, hits=608, map=271)...[0m
[1;94m[*] [0mFuzzing test case #533 (1012 total, 0 uniq crashes found, perf_score=229, exec_us=326, hits=7529, map=308)...[0m
[1;94m[*] [0mFuzzing test case #322 (1012 total, 0 uniq crashes found, perf_score=345, exec_us=353, hits=236, map=545)...[0m
[1;94m[*] [0mFuzzing test case #533 (1012 total, 0 uniq crashes found, perf_score=229, exec_us=326, hits=7572, map=308)...[0m
[1;94m[*] [0mFuzzing test case #358 (1012 total, 0 uniq crashes found, perf_score=229, exec_us=345, hits=827, map=508)...[0m
[1;94m[*] [0mFuzzing test case #49 (1012 total, 0 uniq crashes found, perf_score=86, exec_us=385, hits=639, map=263)...[0m
[1;94m[*] [0mFuzzing test case #913 (1012 total, 0 uniq crashes found, perf_score=114, exec_us=397, hits=54, map=495)...[0m
[1;94m[*] [0mFuzzing test case #154 (1012 total, 0 uniq crashes found, perf_score=114, exec_us=359, hits=80, map=274)...[0m
[1;94m[*] [0mFuzzing test case #580 (1012 total, 0 uniq crashes found, perf_score=114, exec_us=436, hits=207, map=512)...[0m
[1;94m[*] [0mFuzzing test case #240 (1012 total, 0 uniq crashes found, perf_score=114, exec_us=334, hits=799, map=494)...[0m
[1;94m[*] [0mFuzzing test case #810 (1012 total, 0 uniq crashes found, perf_score=229, exec_us=323, hits=951, map=304)...[0m
[1;94m[*] [0mFuzzing test case #533 (1014 total, 0 uniq crashes found, perf_score=229, exec_us=326, hits=7626, map=308)...[0m
[?25h[1;91m

+++ Testing aborted by user +++
[0m[1;92m[+] [0mWe're done here. Have a nice day!
[0m
Campaign terminated at 2026-06-16 02:39
